[     117ms] [INFO] %cDownload the React DevTools for a better development experience: https://react.dev/link/react-devtools font-weight:bold @ http://localhost:3025/_next/static/chunks/node_modules_next_dist_1e8vcs8._.js:776
[     152ms] [LOG] [HMR] connected @ http://localhost:3025/_next/static/chunks/node_modules_next_dist_1e8vcs8._.js:776
[    1345ms] [WARNING] Image with src "/img/mem-mist.jpg" was detected as the Largest Contentful Paint (LCP). Please add the `loading="eager"` property if this image is above the fold.
Read more: https://nextjs.org/docs/app/api-reference/components/image#loading @ http://localhost:3025/_next/static/chunks/node_modules_next_dist_1e8vcs8._.js:776
[   12763ms] [LOG] [Fast Refresh] rebuilding @ http://localhost:3025/_next/static/chunks/node_modules_next_dist_1e8vcs8._.js:776
[   12809ms] [LOG] [Fast Refresh] done in 3ms @ http://localhost:3025/_next/static/chunks/node_modules_next_dist_1e8vcs8._.js:776
[   12859ms] [LOG] [Fast Refresh] done in 3ms @ http://localhost:3025/_next/static/chunks/node_modules_next_dist_1e8vcs8._.js:776
[   12906ms] [LOG] [Fast Refresh] done in 3ms @ http://localhost:3025/_next/static/chunks/node_modules_next_dist_1e8vcs8._.js:776
[   12951ms] [LOG] [Fast Refresh] done in 3ms @ http://localhost:3025/_next/static/chunks/node_modules_next_dist_1e8vcs8._.js:776
[   12996ms] [LOG] [Fast Refresh] done in 3ms @ http://localhost:3025/_next/static/chunks/node_modules_next_dist_1e8vcs8._.js:776
[   13042ms] [LOG] [Fast Refresh] done in 3ms @ http://localhost:3025/_next/static/chunks/node_modules_next_dist_1e8vcs8._.js:776
[   13089ms] [LOG] [Fast Refresh] done in 3ms @ http://localhost:3025/_next/static/chunks/node_modules_next_dist_1e8vcs8._.js:776
[   13135ms] [LOG] [Fast Refresh] done in 3ms @ http://localhost:3025/_next/static/chunks/node_modules_next_dist_1e8vcs8._.js:776
[   13181ms] [LOG] [Fast Refresh] done in 3ms @ http://localhost:3025/_next/static/chunks/node_modules_next_dist_1e8vcs8._.js:776
[   13227ms] [LOG] [Fast Refresh] done in 3ms @ http://localhost:3025/_next/static/chunks/node_modules_next_dist_1e8vcs8._.js:776
[   13275ms] [LOG] [Fast Refresh] done in 3ms @ http://localhost:3025/_next/static/chunks/node_modules_next_dist_1e8vcs8._.js:776
[   13324ms] [LOG] [Fast Refresh] done in 3ms @ http://localhost:3025/_next/static/chunks/node_modules_next_dist_1e8vcs8._.js:776
[   13372ms] [LOG] [Fast Refresh] done in 3ms @ http://localhost:3025/_next/static/chunks/node_modules_next_dist_1e8vcs8._.js:776
[   13419ms] [LOG] [Fast Refresh] done in 3ms @ http://localhost:3025/_next/static/chunks/node_modules_next_dist_1e8vcs8._.js:776
[   13468ms] [LOG] [Fast Refresh] done in 3ms @ http://localhost:3025/_next/static/chunks/node_modules_next_dist_1e8vcs8._.js:776
[   13517ms] [LOG] [Fast Refresh] done in 3ms @ http://localhost:3025/_next/static/chunks/node_modules_next_dist_1e8vcs8._.js:776
[   13566ms] [LOG] [Fast Refresh] done in 3ms @ http://localhost:3025/_next/static/chunks/node_modules_next_dist_1e8vcs8._.js:776
[   13613ms] [LOG] [Fast Refresh] done in 3ms @ http://localhost:3025/_next/static/chunks/node_modules_next_dist_1e8vcs8._.js:776
[   13826ms] [LOG] [Fast Refresh] done in 3ms @ http://localhost:3025/_next/static/chunks/node_modules_next_dist_1e8vcs8._.js:776
[   13872ms] [LOG] [Fast Refresh] done in 3ms @ http://localhost:3025/_next/static/chunks/node_modules_next_dist_1e8vcs8._.js:776
[   13917ms] [LOG] [Fast Refresh] done in 3ms @ http://localhost:3025/_next/static/chunks/node_modules_next_dist_1e8vcs8._.js:776
[   13963ms] [LOG] [Fast Refresh] done in 3ms @ http://localhost:3025/_next/static/chunks/node_modules_next_dist_1e8vcs8._.js:776
[   14009ms] [LOG] [Fast Refresh] done in 3ms @ http://localhost:3025/_next/static/chunks/node_modules_next_dist_1e8vcs8._.js:776
[   14054ms] [LOG] [Fast Refresh] done in 3ms @ http://localhost:3025/_next/static/chunks/node_modules_next_dist_1e8vcs8._.js:776
[   14101ms] [LOG] [Fast Refresh] done in 3ms @ http://localhost:3025/_next/static/chunks/node_modules_next_dist_1e8vcs8._.js:776
[   14148ms] [LOG] [Fast Refresh] done in 3ms @ http://localhost:3025/_next/static/chunks/node_modules_next_dist_1e8vcs8._.js:776
[   14194ms] [LOG] [Fast Refresh] done in 3ms @ http://localhost:3025/_next/static/chunks/node_modules_next_dist_1e8vcs8._.js:776
[   14241ms] [LOG] [Fast Refresh] done in 3ms @ http://localhost:3025/_next/static/chunks/node_modules_next_dist_1e8vcs8._.js:776
[   14287ms] [LOG] [Fast Refresh] done in 3ms @ http://localhost:3025/_next/static/chunks/node_modules_next_dist_1e8vcs8._.js:776
[   14335ms] [LOG] [Fast Refresh] done in 3ms @ http://localhost:3025/_next/static/chunks/node_modules_next_dist_1e8vcs8._.js:776
[   14383ms] [LOG] [Fast Refresh] done in 3ms @ http://localhost:3025/_next/static/chunks/node_modules_next_dist_1e8vcs8._.js:776
[   14431ms] [LOG] [Fast Refresh] done in 3ms @ http://localhost:3025/_next/static/chunks/node_modules_next_dist_1e8vcs8._.js:776
[   14480ms] [LOG] [Fast Refresh] done in 3ms @ http://localhost:3025/_next/static/chunks/node_modules_next_dist_1e8vcs8._.js:776
[   14529ms] [LOG] [Fast Refresh] done in 3ms @ http://localhost:3025/_next/static/chunks/node_modules_next_dist_1e8vcs8._.js:776
[   14578ms] [LOG] [Fast Refresh] done in 3ms @ http://localhost:3025/_next/static/chunks/node_modules_next_dist_1e8vcs8._.js:776
[   14628ms] [LOG] [Fast Refresh] done in 3ms @ http://localhost:3025/_next/static/chunks/node_modules_next_dist_1e8vcs8._.js:776
[   14678ms] [LOG] [Fast Refresh] done in 3ms @ http://localhost:3025/_next/static/chunks/node_modules_next_dist_1e8vcs8._.js:776
[   14727ms] [LOG] [Fast Refresh] done in 3ms @ http://localhost:3025/_next/static/chunks/node_modules_next_dist_1e8vcs8._.js:776
[   14774ms] [LOG] [Fast Refresh] done in 3ms @ http://localhost:3025/_next/static/chunks/node_modules_next_dist_1e8vcs8._.js:776
[   14820ms] [LOG] [Fast Refresh] done in 3ms @ http://localhost:3025/_next/static/chunks/node_modules_next_dist_1e8vcs8._.js:776
[   14866ms] [LOG] [Fast Refresh] done in 3ms @ http://localhost:3025/_next/static/chunks/node_modules_next_dist_1e8vcs8._.js:776
[   14912ms] [LOG] [Fast Refresh] done in 3ms @ http://localhost:3025/_next/static/chunks/node_modules_next_dist_1e8vcs8._.js:776
[   14958ms] [LOG] [Fast Refresh] done in 3ms @ http://localhost:3025/_next/static/chunks/node_modules_next_dist_1e8vcs8._.js:776
[   15003ms] [LOG] [Fast Refresh] done in 3ms @ http://localhost:3025/_next/static/chunks/node_modules_next_dist_1e8vcs8._.js:776
[   15049ms] [LOG] [Fast Refresh] done in 3ms @ http://localhost:3025/_next/static/chunks/node_modules_next_dist_1e8vcs8._.js:776
[   15096ms] [LOG] [Fast Refresh] done in 3ms @ http://localhost:3025/_next/static/chunks/node_modules_next_dist_1e8vcs8._.js:776
[   15143ms] [LOG] [Fast Refresh] done in 3ms @ http://localhost:3025/_next/static/chunks/node_modules_next_dist_1e8vcs8._.js:776
[   15191ms] [LOG] [Fast Refresh] done in 3ms @ http://localhost:3025/_next/static/chunks/node_modules_next_dist_1e8vcs8._.js:776
[   15239ms] [LOG] [Fast Refresh] done in 3ms @ http://localhost:3025/_next/static/chunks/node_modules_next_dist_1e8vcs8._.js:776
[   15287ms] [LOG] [Fast Refresh] done in 3ms @ http://localhost:3025/_next/static/chunks/node_modules_next_dist_1e8vcs8._.js:776
[   15334ms] [LOG] [Fast Refresh] done in 3ms @ http://localhost:3025/_next/static/chunks/node_modules_next_dist_1e8vcs8._.js:776
[   15384ms] [LOG] [Fast Refresh] done in 3ms @ http://localhost:3025/_next/static/chunks/node_modules_next_dist_1e8vcs8._.js:776
[   15433ms] [LOG] [Fast Refresh] done in 3ms @ http://localhost:3025/_next/static/chunks/node_modules_next_dist_1e8vcs8._.js:776
[   15483ms] [LOG] [Fast Refresh] done in 3ms @ http://localhost:3025/_next/static/chunks/node_modules_next_dist_1e8vcs8._.js:776
[   15533ms] [LOG] [Fast Refresh] done in 3ms @ http://localhost:3025/_next/static/chunks/node_modules_next_dist_1e8vcs8._.js:776
[   15580ms] [LOG] [Fast Refresh] done in 3ms @ http://localhost:3025/_next/static/chunks/node_modules_next_dist_1e8vcs8._.js:776
[   15628ms] [LOG] [Fast Refresh] done in 3ms @ http://localhost:3025/_next/static/chunks/node_modules_next_dist_1e8vcs8._.js:776
[   15676ms] [LOG] [Fast Refresh] done in 3ms @ http://localhost:3025/_next/static/chunks/node_modules_next_dist_1e8vcs8._.js:776
[   15726ms] [LOG] [Fast Refresh] done in 3ms @ http://localhost:3025/_next/static/chunks/node_modules_next_dist_1e8vcs8._.js:776
[   15774ms] [LOG] [Fast Refresh] done in 3ms @ http://localhost:3025/_next/static/chunks/node_modules_next_dist_1e8vcs8._.js:776
[   15821ms] [LOG] [Fast Refresh] done in 3ms @ http://localhost:3025/_next/static/chunks/node_modules_next_dist_1e8vcs8._.js:776
[   15868ms] [LOG] [Fast Refresh] done in 3ms @ http://localhost:3025/_next/static/chunks/node_modules_next_dist_1e8vcs8._.js:776
[   15916ms] [LOG] [Fast Refresh] done in 3ms @ http://localhost:3025/_next/static/chunks/node_modules_next_dist_1e8vcs8._.js:776
[   15963ms] [LOG] [Fast Refresh] done in 3ms @ http://localhost:3025/_next/static/chunks/node_modules_next_dist_1e8vcs8._.js:776
[   16011ms] [LOG] [Fast Refresh] done in 3ms @ http://localhost:3025/_next/static/chunks/node_modules_next_dist_1e8vcs8._.js:776
[   16059ms] [LOG] [Fast Refresh] done in 3ms @ http://localhost:3025/_next/static/chunks/node_modules_next_dist_1e8vcs8._.js:776
[   16109ms] [LOG] [Fast Refresh] done in 3ms @ http://localhost:3025/_next/static/chunks/node_modules_next_dist_1e8vcs8._.js:776
[   16158ms] [LOG] [Fast Refresh] done in 3ms @ http://localhost:3025/_next/static/chunks/node_modules_next_dist_1e8vcs8._.js:776
[   16208ms] [LOG] [Fast Refresh] done in 3ms @ http://localhost:3025/_next/static/chunks/node_modules_next_dist_1e8vcs8._.js:776
[   16249ms] [LOG] [Fast Refresh] done in 3ms @ http://localhost:3025/_next/static/chunks/node_modules_next_dist_1e8vcs8._.js:776
[   16296ms] [LOG] [Fast Refresh] done in 3ms @ http://localhost:3025/_next/static/chunks/node_modules_next_dist_1e8vcs8._.js:776
[   16343ms] [LOG] [Fast Refresh] done in 3ms @ http://localhost:3025/_next/static/chunks/node_modules_next_dist_1e8vcs8._.js:776
[   16391ms] [LOG] [Fast Refresh] done in 3ms @ http://localhost:3025/_next/static/chunks/node_modules_next_dist_1e8vcs8._.js:776
[   16438ms] [LOG] [Fast Refresh] done in 3ms @ http://localhost:3025/_next/static/chunks/node_modules_next_dist_1e8vcs8._.js:776
[   16485ms] [LOG] [Fast Refresh] done in 3ms @ http://localhost:3025/_next/static/chunks/node_modules_next_dist_1e8vcs8._.js:776
[   16533ms] [LOG] [Fast Refresh] done in 3ms @ http://localhost:3025/_next/static/chunks/node_modules_next_dist_1e8vcs8._.js:776
[   16580ms] [LOG] [Fast Refresh] done in 3ms @ http://localhost:3025/_next/static/chunks/node_modules_next_dist_1e8vcs8._.js:776
[   16628ms] [LOG] [Fast Refresh] done in 3ms @ http://localhost:3025/_next/static/chunks/node_modules_next_dist_1e8vcs8._.js:776
[   16678ms] [LOG] [Fast Refresh] done in 3ms @ http://localhost:3025/_next/static/chunks/node_modules_next_dist_1e8vcs8._.js:776
[   16724ms] [LOG] [Fast Refresh] done in 3ms @ http://localhost:3025/_next/static/chunks/node_modules_next_dist_1e8vcs8._.js:776
[   16768ms] [LOG] [Fast Refresh] done in 3ms @ http://localhost:3025/_next/static/chunks/node_modules_next_dist_1e8vcs8._.js:776
[   16814ms] [LOG] [Fast Refresh] done in 3ms @ http://localhost:3025/_next/static/chunks/node_modules_next_dist_1e8vcs8._.js:776
[   16850ms] [LOG] [Fast Refresh] done in 3ms @ http://localhost:3025/_next/static/chunks/node_modules_next_dist_1e8vcs8._.js:776
[   16896ms] [LOG] [Fast Refresh] done in 3ms @ http://localhost:3025/_next/static/chunks/node_modules_next_dist_1e8vcs8._.js:776
[   16944ms] [LOG] [Fast Refresh] done in 3ms @ http://localhost:3025/_next/static/chunks/node_modules_next_dist_1e8vcs8._.js:776
[   16991ms] [LOG] [Fast Refresh] done in 3ms @ http://localhost:3025/_next/static/chunks/node_modules_next_dist_1e8vcs8._.js:776
[   17038ms] [LOG] [Fast Refresh] done in 3ms @ http://localhost:3025/_next/static/chunks/node_modules_next_dist_1e8vcs8._.js:776
[   17085ms] [LOG] [Fast Refresh] done in 3ms @ http://localhost:3025/_next/static/chunks/node_modules_next_dist_1e8vcs8._.js:776
[   17132ms] [LOG] [Fast Refresh] done in 3ms @ http://localhost:3025/_next/static/chunks/node_modules_next_dist_1e8vcs8._.js:776
[   17179ms] [LOG] [Fast Refresh] done in 3ms @ http://localhost:3025/_next/static/chunks/node_modules_next_dist_1e8vcs8._.js:776
[   17226ms] [LOG] [Fast Refresh] done in 3ms @ http://localhost:3025/_next/static/chunks/node_modules_next_dist_1e8vcs8._.js:776
[   17272ms] [LOG] [Fast Refresh] done in 3ms @ http://localhost:3025/_next/static/chunks/node_modules_next_dist_1e8vcs8._.js:776
[   17319ms] [LOG] [Fast Refresh] done in 3ms @ http://localhost:3025/_next/static/chunks/node_modules_next_dist_1e8vcs8._.js:776
[   17367ms] [LOG] [Fast Refresh] done in 3ms @ http://localhost:3025/_next/static/chunks/node_modules_next_dist_1e8vcs8._.js:776
[   17415ms] [LOG] [Fast Refresh] done in 3ms @ http://localhost:3025/_next/static/chunks/node_modules_next_dist_1e8vcs8._.js:776
[   17462ms] [LOG] [Fast Refresh] done in 3ms @ http://localhost:3025/_next/static/chunks/node_modules_next_dist_1e8vcs8._.js:776
[   17509ms] [LOG] [Fast Refresh] done in 3ms @ http://localhost:3025/_next/static/chunks/node_modules_next_dist_1e8vcs8._.js:776
[   17557ms] [LOG] [Fast Refresh] done in 3ms @ http://localhost:3025/_next/static/chunks/node_modules_next_dist_1e8vcs8._.js:776
[   17595ms] [LOG] [Fast Refresh] done in 3ms @ http://localhost:3025/_next/static/chunks/node_modules_next_dist_1e8vcs8._.js:776
[   17644ms] [LOG] [Fast Refresh] done in 3ms @ http://localhost:3025/_next/static/chunks/node_modules_next_dist_1e8vcs8._.js:776
[   17692ms] [LOG] [Fast Refresh] done in 3ms @ http://localhost:3025/_next/static/chunks/node_modules_next_dist_1e8vcs8._.js:776
[   17741ms] [LOG] [Fast Refresh] done in 3ms @ http://localhost:3025/_next/static/chunks/node_modules_next_dist_1e8vcs8._.js:776
[   17788ms] [LOG] [Fast Refresh] done in 3ms @ http://localhost:3025/_next/static/chunks/node_modules_next_dist_1e8vcs8._.js:776
[   17835ms] [LOG] [Fast Refresh] done in 3ms @ http://localhost:3025/_next/static/chunks/node_modules_next_dist_1e8vcs8._.js:776
[   17881ms] [LOG] [Fast Refresh] done in 3ms @ http://localhost:3025/_next/static/chunks/node_modules_next_dist_1e8vcs8._.js:776
[   17928ms] [LOG] [Fast Refresh] done in 3ms @ http://localhost:3025/_next/static/chunks/node_modules_next_dist_1e8vcs8._.js:776
[   17975ms] [LOG] [Fast Refresh] done in 3ms @ http://localhost:3025/_next/static/chunks/node_modules_next_dist_1e8vcs8._.js:776
[   18023ms] [LOG] [Fast Refresh] done in 3ms @ http://localhost:3025/_next/static/chunks/node_modules_next_dist_1e8vcs8._.js:776
[   18071ms] [LOG] [Fast Refresh] done in 3ms @ http://localhost:3025/_next/static/chunks/node_modules_next_dist_1e8vcs8._.js:776
[   18121ms] [LOG] [Fast Refresh] done in 3ms @ http://localhost:3025/_next/static/chunks/node_modules_next_dist_1e8vcs8._.js:776
[   18169ms] [LOG] [Fast Refresh] done in 3ms @ http://localhost:3025/_next/static/chunks/node_modules_next_dist_1e8vcs8._.js:776
[   18217ms] [LOG] [Fast Refresh] done in 3ms @ http://localhost:3025/_next/static/chunks/node_modules_next_dist_1e8vcs8._.js:776
[   18265ms] [LOG] [Fast Refresh] done in 3ms @ http://localhost:3025/_next/static/chunks/node_modules_next_dist_1e8vcs8._.js:776
[   18316ms] [LOG] [Fast Refresh] done in 3ms @ http://localhost:3025/_next/static/chunks/node_modules_next_dist_1e8vcs8._.js:776
[   18364ms] [LOG] [Fast Refresh] done in 3ms @ http://localhost:3025/_next/static/chunks/node_modules_next_dist_1e8vcs8._.js:776
[   18414ms] [LOG] [Fast Refresh] done in 3ms @ http://localhost:3025/_next/static/chunks/node_modules_next_dist_1e8vcs8._.js:776
[   18460ms] [LOG] [Fast Refresh] done in 3ms @ http://localhost:3025/_next/static/chunks/node_modules_next_dist_1e8vcs8._.js:776
[   18509ms] [LOG] [Fast Refresh] done in 3ms @ http://localhost:3025/_next/static/chunks/node_modules_next_dist_1e8vcs8._.js:776
[   18557ms] [LOG] [Fast Refresh] done in 3ms @ http://localhost:3025/_next/static/chunks/node_modules_next_dist_1e8vcs8._.js:776
[   18605ms] [LOG] [Fast Refresh] done in 3ms @ http://localhost:3025/_next/static/chunks/node_modules_next_dist_1e8vcs8._.js:776
[   18651ms] [LOG] [Fast Refresh] done in 3ms @ http://localhost:3025/_next/static/chunks/node_modules_next_dist_1e8vcs8._.js:776
[   18697ms] [LOG] [Fast Refresh] done in 3ms @ http://localhost:3025/_next/static/chunks/node_modules_next_dist_1e8vcs8._.js:776
[   18746ms] [LOG] [Fast Refresh] done in 3ms @ http://localhost:3025/_next/static/chunks/node_modules_next_dist_1e8vcs8._.js:776
[   18794ms] [LOG] [Fast Refresh] done in 3ms @ http://localhost:3025/_next/static/chunks/node_modules_next_dist_1e8vcs8._.js:776
[   18842ms] [LOG] [Fast Refresh] done in 3ms @ http://localhost:3025/_next/static/chunks/node_modules_next_dist_1e8vcs8._.js:776
[   18890ms] [LOG] [Fast Refresh] done in 3ms @ http://localhost:3025/_next/static/chunks/node_modules_next_dist_1e8vcs8._.js:776
[   18939ms] [LOG] [Fast Refresh] done in 3ms @ http://localhost:3025/_next/static/chunks/node_modules_next_dist_1e8vcs8._.js:776
[   18989ms] [LOG] [Fast Refresh] done in 3ms @ http://localhost:3025/_next/static/chunks/node_modules_next_dist_1e8vcs8._.js:776
[   19036ms] [LOG] [Fast Refresh] done in 3ms @ http://localhost:3025/_next/static/chunks/node_modules_next_dist_1e8vcs8._.js:776
[   19085ms] [LOG] [Fast Refresh] done in 3ms @ http://localhost:3025/_next/static/chunks/node_modules_next_dist_1e8vcs8._.js:776
[   19131ms] [LOG] [Fast Refresh] done in 3ms @ http://localhost:3025/_next/static/chunks/node_modules_next_dist_1e8vcs8._.js:776
[   19178ms] [LOG] [Fast Refresh] done in 3ms @ http://localhost:3025/_next/static/chunks/node_modules_next_dist_1e8vcs8._.js:776
[   19225ms] [LOG] [Fast Refresh] done in 3ms @ http://localhost:3025/_next/static/chunks/node_modules_next_dist_1e8vcs8._.js:776
[   19271ms] [LOG] [Fast Refresh] done in 3ms @ http://localhost:3025/_next/static/chunks/node_modules_next_dist_1e8vcs8._.js:776
[   19319ms] [LOG] [Fast Refresh] done in 3ms @ http://localhost:3025/_next/static/chunks/node_modules_next_dist_1e8vcs8._.js:776
[   19365ms] [LOG] [Fast Refresh] done in 3ms @ http://localhost:3025/_next/static/chunks/node_modules_next_dist_1e8vcs8._.js:776
[   19412ms] [LOG] [Fast Refresh] done in 3ms @ http://localhost:3025/_next/static/chunks/node_modules_next_dist_1e8vcs8._.js:776
[   19458ms] [LOG] [Fast Refresh] done in 3ms @ http://localhost:3025/_next/static/chunks/node_modules_next_dist_1e8vcs8._.js:776
[   19504ms] [LOG] [Fast Refresh] done in 3ms @ http://localhost:3025/_next/static/chunks/node_modules_next_dist_1e8vcs8._.js:776
[   19551ms] [LOG] [Fast Refresh] done in 3ms @ http://localhost:3025/_next/static/chunks/node_modules_next_dist_1e8vcs8._.js:776
[   19598ms] [LOG] [Fast Refresh] done in 3ms @ http://localhost:3025/_next/static/chunks/node_modules_next_dist_1e8vcs8._.js:776
[   19646ms] [LOG] [Fast Refresh] done in 3ms @ http://localhost:3025/_next/static/chunks/node_modules_next_dist_1e8vcs8._.js:776
[   19695ms] [LOG] [Fast Refresh] done in 3ms @ http://localhost:3025/_next/static/chunks/node_modules_next_dist_1e8vcs8._.js:776
[   19744ms] [LOG] [Fast Refresh] done in 3ms @ http://localhost:3025/_next/static/chunks/node_modules_next_dist_1e8vcs8._.js:776
[   19781ms] [LOG] [Fast Refresh] done in 3ms @ http://localhost:3025/_next/static/chunks/node_modules_next_dist_1e8vcs8._.js:776
[   19827ms] [LOG] [Fast Refresh] done in 3ms @ http://localhost:3025/_next/static/chunks/node_modules_next_dist_1e8vcs8._.js:776
[   19874ms] [LOG] [Fast Refresh] done in 3ms @ http://localhost:3025/_next/static/chunks/node_modules_next_dist_1e8vcs8._.js:776
[   19921ms] [LOG] [Fast Refresh] done in 3ms @ http://localhost:3025/_next/static/chunks/node_modules_next_dist_1e8vcs8._.js:776
[   19968ms] [LOG] [Fast Refresh] done in 3ms @ http://localhost:3025/_next/static/chunks/node_modules_next_dist_1e8vcs8._.js:776
[   20017ms] [LOG] [Fast Refresh] done in 3ms @ http://localhost:3025/_next/static/chunks/node_modules_next_dist_1e8vcs8._.js:776
[   20064ms] [LOG] [Fast Refresh] done in 3ms @ http://localhost:3025/_next/static/chunks/node_modules_next_dist_1e8vcs8._.js:776
[   20099ms] [LOG] [Fast Refresh] done in 3ms @ http://localhost:3025/_next/static/chunks/node_modules_next_dist_1e8vcs8._.js:776
[   20146ms] [LOG] [Fast Refresh] done in 3ms @ http://localhost:3025/_next/static/chunks/node_modules_next_dist_1e8vcs8._.js:776
[   20192ms] [LOG] [Fast Refresh] done in 3ms @ http://localhost:3025/_next/static/chunks/node_modules_next_dist_1e8vcs8._.js:776
[   20239ms] [LOG] [Fast Refresh] done in 3ms @ http://localhost:3025/_next/static/chunks/node_modules_next_dist_1e8vcs8._.js:776
[   20286ms] [LOG] [Fast Refresh] done in 3ms @ http://localhost:3025/_next/static/chunks/node_modules_next_dist_1e8vcs8._.js:776
[   20333ms] [LOG] [Fast Refresh] done in 3ms @ http://localhost:3025/_next/static/chunks/node_modules_next_dist_1e8vcs8._.js:776
[   20380ms] [LOG] [Fast Refresh] done in 3ms @ http://localhost:3025/_next/static/chunks/node_modules_next_dist_1e8vcs8._.js:776
[   20429ms] [LOG] [Fast Refresh] done in 3ms @ http://localhost:3025/_next/static/chunks/node_modules_next_dist_1e8vcs8._.js:776
[   20477ms] [LOG] [Fast Refresh] done in 3ms @ http://localhost:3025/_next/static/chunks/node_modules_next_dist_1e8vcs8._.js:776
[   20526ms] [LOG] [Fast Refresh] done in 3ms @ http://localhost:3025/_next/static/chunks/node_modules_next_dist_1e8vcs8._.js:776
[   20572ms] [LOG] [Fast Refresh] done in 3ms @ http://localhost:3025/_next/static/chunks/node_modules_next_dist_1e8vcs8._.js:776
[   20609ms] [LOG] [Fast Refresh] done in 3ms @ http://localhost:3025/_next/static/chunks/node_modules_next_dist_1e8vcs8._.js:776
[   20655ms] [LOG] [Fast Refresh] done in 3ms @ http://localhost:3025/_next/static/chunks/node_modules_next_dist_1e8vcs8._.js:776
[   20701ms] [LOG] [Fast Refresh] done in 3ms @ http://localhost:3025/_next/static/chunks/node_modules_next_dist_1e8vcs8._.js:776
[   20748ms] [LOG] [Fast Refresh] done in 3ms @ http://localhost:3025/_next/static/chunks/node_modules_next_dist_1e8vcs8._.js:776
[   20796ms] [LOG] [Fast Refresh] done in 3ms @ http://localhost:3025/_next/static/chunks/node_modules_next_dist_1e8vcs8._.js:776
[   20843ms] [LOG] [Fast Refresh] done in 3ms @ http://localhost:3025/_next/static/chunks/node_modules_next_dist_1e8vcs8._.js:776
[   20890ms] [LOG] [Fast Refresh] done in 3ms @ http://localhost:3025/_next/static/chunks/node_modules_next_dist_1e8vcs8._.js:776
[   20936ms] [LOG] [Fast Refresh] done in 3ms @ http://localhost:3025/_next/static/chunks/node_modules_next_dist_1e8vcs8._.js:776
[   20981ms] [LOG] [Fast Refresh] done in 3ms @ http://localhost:3025/_next/static/chunks/node_modules_next_dist_1e8vcs8._.js:776
[   21026ms] [LOG] [Fast Refresh] done in 3ms @ http://localhost:3025/_next/static/chunks/node_modules_next_dist_1e8vcs8._.js:776
[   21073ms] [LOG] [Fast Refresh] done in 3ms @ http://localhost:3025/_next/static/chunks/node_modules_next_dist_1e8vcs8._.js:776
[   21120ms] [LOG] [Fast Refresh] done in 3ms @ http://localhost:3025/_next/static/chunks/node_modules_next_dist_1e8vcs8._.js:776
[   21167ms] [LOG] [Fast Refresh] done in 3ms @ http://localhost:3025/_next/static/chunks/node_modules_next_dist_1e8vcs8._.js:776
[   21215ms] [LOG] [Fast Refresh] done in 3ms @ http://localhost:3025/_next/static/chunks/node_modules_next_dist_1e8vcs8._.js:776
[   21265ms] [LOG] [Fast Refresh] done in 3ms @ http://localhost:3025/_next/static/chunks/node_modules_next_dist_1e8vcs8._.js:776
[   21314ms] [LOG] [Fast Refresh] done in 3ms @ http://localhost:3025/_next/static/chunks/node_modules_next_dist_1e8vcs8._.js:776
[   21355ms] [LOG] [Fast Refresh] done in 3ms @ http://localhost:3025/_next/static/chunks/node_modules_next_dist_1e8vcs8._.js:776
[   21404ms] [LOG] [Fast Refresh] done in 3ms @ http://localhost:3025/_next/static/chunks/node_modules_next_dist_1e8vcs8._.js:776
[   21453ms] [LOG] [Fast Refresh] done in 3ms @ http://localhost:3025/_next/static/chunks/node_modules_next_dist_1e8vcs8._.js:776
[   21501ms] [LOG] [Fast Refresh] done in 3ms @ http://localhost:3025/_next/static/chunks/node_modules_next_dist_1e8vcs8._.js:776
[   21551ms] [LOG] [Fast Refresh] done in 3ms @ http://localhost:3025/_next/static/chunks/node_modules_next_dist_1e8vcs8._.js:776
[   21601ms] [LOG] [Fast Refresh] done in 3ms @ http://localhost:3025/_next/static/chunks/node_modules_next_dist_1e8vcs8._.js:776
[   21649ms] [LOG] [Fast Refresh] done in 3ms @ http://localhost:3025/_next/static/chunks/node_modules_next_dist_1e8vcs8._.js:776
[   21698ms] [LOG] [Fast Refresh] done in 3ms @ http://localhost:3025/_next/static/chunks/node_modules_next_dist_1e8vcs8._.js:776
[   21745ms] [LOG] [Fast Refresh] done in 3ms @ http://localhost:3025/_next/static/chunks/node_modules_next_dist_1e8vcs8._.js:776
[   21794ms] [LOG] [Fast Refresh] done in 3ms @ http://localhost:3025/_next/static/chunks/node_modules_next_dist_1e8vcs8._.js:776
[   21843ms] [LOG] [Fast Refresh] done in 3ms @ http://localhost:3025/_next/static/chunks/node_modules_next_dist_1e8vcs8._.js:776
[   21893ms] [LOG] [Fast Refresh] done in 3ms @ http://localhost:3025/_next/static/chunks/node_modules_next_dist_1e8vcs8._.js:776
[   21944ms] [LOG] [Fast Refresh] done in 3ms @ http://localhost:3025/_next/static/chunks/node_modules_next_dist_1e8vcs8._.js:776
[   21995ms] [LOG] [Fast Refresh] done in 3ms @ http://localhost:3025/_next/static/chunks/node_modules_next_dist_1e8vcs8._.js:776
[   22044ms] [LOG] [Fast Refresh] done in 3ms @ http://localhost:3025/_next/static/chunks/node_modules_next_dist_1e8vcs8._.js:776
[   22093ms] [LOG] [Fast Refresh] done in 3ms @ http://localhost:3025/_next/static/chunks/node_modules_next_dist_1e8vcs8._.js:776
[   22143ms] [LOG] [Fast Refresh] done in 3ms @ http://localhost:3025/_next/static/chunks/node_modules_next_dist_1e8vcs8._.js:776
[   22191ms] [LOG] [Fast Refresh] done in 3ms @ http://localhost:3025/_next/static/chunks/node_modules_next_dist_1e8vcs8._.js:776
[   22235ms] [LOG] [Fast Refresh] done in 3ms @ http://localhost:3025/_next/static/chunks/node_modules_next_dist_1e8vcs8._.js:776
[   22284ms] [LOG] [Fast Refresh] done in 3ms @ http://localhost:3025/_next/static/chunks/node_modules_next_dist_1e8vcs8._.js:776
[   22334ms] [LOG] [Fast Refresh] done in 3ms @ http://localhost:3025/_next/static/chunks/node_modules_next_dist_1e8vcs8._.js:776
[   22383ms] [LOG] [Fast Refresh] done in 3ms @ http://localhost:3025/_next/static/chunks/node_modules_next_dist_1e8vcs8._.js:776
[   22432ms] [LOG] [Fast Refresh] done in 3ms @ http://localhost:3025/_next/static/chunks/node_modules_next_dist_1e8vcs8._.js:776
[   22481ms] [LOG] [Fast Refresh] done in 3ms @ http://localhost:3025/_next/static/chunks/node_modules_next_dist_1e8vcs8._.js:776
[   22531ms] [LOG] [Fast Refresh] done in 3ms @ http://localhost:3025/_next/static/chunks/node_modules_next_dist_1e8vcs8._.js:776
[   22580ms] [LOG] [Fast Refresh] done in 3ms @ http://localhost:3025/_next/static/chunks/node_modules_next_dist_1e8vcs8._.js:776
[   22627ms] [LOG] [Fast Refresh] done in 3ms @ http://localhost:3025/_next/static/chunks/node_modules_next_dist_1e8vcs8._.js:776
[   22674ms] [LOG] [Fast Refresh] done in 3ms @ http://localhost:3025/_next/static/chunks/node_modules_next_dist_1e8vcs8._.js:776
[   22719ms] [LOG] [Fast Refresh] done in 3ms @ http://localhost:3025/_next/static/chunks/node_modules_next_dist_1e8vcs8._.js:776
[   22765ms] [LOG] [Fast Refresh] done in 3ms @ http://localhost:3025/_next/static/chunks/node_modules_next_dist_1e8vcs8._.js:776
[   22811ms] [LOG] [Fast Refresh] done in 3ms @ http://localhost:3025/_next/static/chunks/node_modules_next_dist_1e8vcs8._.js:776
[   22856ms] [LOG] [Fast Refresh] done in 3ms @ http://localhost:3025/_next/static/chunks/node_modules_next_dist_1e8vcs8._.js:776
[   22901ms] [LOG] [Fast Refresh] done in 3ms @ http://localhost:3025/_next/static/chunks/node_modules_next_dist_1e8vcs8._.js:776
[   22946ms] [LOG] [Fast Refresh] done in 3ms @ http://localhost:3025/_next/static/chunks/node_modules_next_dist_1e8vcs8._.js:776
[   22992ms] [LOG] [Fast Refresh] done in 3ms @ http://localhost:3025/_next/static/chunks/node_modules_next_dist_1e8vcs8._.js:776
[   23042ms] [LOG] [Fast Refresh] done in 3ms @ http://localhost:3025/_next/static/chunks/node_modules_next_dist_1e8vcs8._.js:776
[   23089ms] [LOG] [Fast Refresh] done in 3ms @ http://localhost:3025/_next/static/chunks/node_modules_next_dist_1e8vcs8._.js:776
[   23132ms] [LOG] [Fast Refresh] done in 3ms @ http://localhost:3025/_next/static/chunks/node_modules_next_dist_1e8vcs8._.js:776
[   23179ms] [LOG] [Fast Refresh] done in 3ms @ http://localhost:3025/_next/static/chunks/node_modules_next_dist_1e8vcs8._.js:776
[   23226ms] [LOG] [Fast Refresh] done in 3ms @ http://localhost:3025/_next/static/chunks/node_modules_next_dist_1e8vcs8._.js:776
[   23272ms] [LOG] [Fast Refresh] done in 3ms @ http://localhost:3025/_next/static/chunks/node_modules_next_dist_1e8vcs8._.js:776
[   23321ms] [LOG] [Fast Refresh] done in 3ms @ http://localhost:3025/_next/static/chunks/node_modules_next_dist_1e8vcs8._.js:776
[   23368ms] [LOG] [Fast Refresh] done in 3ms @ http://localhost:3025/_next/static/chunks/node_modules_next_dist_1e8vcs8._.js:776
[   23416ms] [LOG] [Fast Refresh] done in 3ms @ http://localhost:3025/_next/static/chunks/node_modules_next_dist_1e8vcs8._.js:776
[   23465ms] [LOG] [Fast Refresh] done in 3ms @ http://localhost:3025/_next/static/chunks/node_modules_next_dist_1e8vcs8._.js:776
[   23514ms] [LOG] [Fast Refresh] done in 3ms @ http://localhost:3025/_next/static/chunks/node_modules_next_dist_1e8vcs8._.js:776
[   23562ms] [LOG] [Fast Refresh] done in 3ms @ http://localhost:3025/_next/static/chunks/node_modules_next_dist_1e8vcs8._.js:776
[   23611ms] [LOG] [Fast Refresh] done in 3ms @ http://localhost:3025/_next/static/chunks/node_modules_next_dist_1e8vcs8._.js:776
[   23660ms] [LOG] [Fast Refresh] done in 3ms @ http://localhost:3025/_next/static/chunks/node_modules_next_dist_1e8vcs8._.js:776
[   23709ms] [LOG] [Fast Refresh] done in 3ms @ http://localhost:3025/_next/static/chunks/node_modules_next_dist_1e8vcs8._.js:776
[   23759ms] [LOG] [Fast Refresh] done in 3ms @ http://localhost:3025/_next/static/chunks/node_modules_next_dist_1e8vcs8._.js:776
[   23808ms] [LOG] [Fast Refresh] done in 3ms @ http://localhost:3025/_next/static/chunks/node_modules_next_dist_1e8vcs8._.js:776
[   23857ms] [LOG] [Fast Refresh] done in 3ms @ http://localhost:3025/_next/static/chunks/node_modules_next_dist_1e8vcs8._.js:776
[   23906ms] [LOG] [Fast Refresh] done in 3ms @ http://localhost:3025/_next/static/chunks/node_modules_next_dist_1e8vcs8._.js:776
[   23956ms] [LOG] [Fast Refresh] done in 3ms @ http://localhost:3025/_next/static/chunks/node_modules_next_dist_1e8vcs8._.js:776
[   24005ms] [LOG] [Fast Refresh] done in 3ms @ http://localhost:3025/_next/static/chunks/node_modules_next_dist_1e8vcs8._.js:776
[   24055ms] [LOG] [Fast Refresh] done in 3ms @ http://localhost:3025/_next/static/chunks/node_modules_next_dist_1e8vcs8._.js:776
[   24096ms] [LOG] [Fast Refresh] done in 3ms @ http://localhost:3025/_next/static/chunks/node_modules_next_dist_1e8vcs8._.js:776
[   24145ms] [LOG] [Fast Refresh] done in 3ms @ http://localhost:3025/_next/static/chunks/node_modules_next_dist_1e8vcs8._.js:776
[   24193ms] [LOG] [Fast Refresh] done in 3ms @ http://localhost:3025/_next/static/chunks/node_modules_next_dist_1e8vcs8._.js:776
[   24241ms] [LOG] [Fast Refresh] done in 3ms @ http://localhost:3025/_next/static/chunks/node_modules_next_dist_1e8vcs8._.js:776
[   24289ms] [LOG] [Fast Refresh] done in 3ms @ http://localhost:3025/_next/static/chunks/node_modules_next_dist_1e8vcs8._.js:776
[   24336ms] [LOG] [Fast Refresh] done in 3ms @ http://localhost:3025/_next/static/chunks/node_modules_next_dist_1e8vcs8._.js:776
[   24384ms] [LOG] [Fast Refresh] done in 3ms @ http://localhost:3025/_next/static/chunks/node_modules_next_dist_1e8vcs8._.js:776
[   24432ms] [LOG] [Fast Refresh] done in 3ms @ http://localhost:3025/_next/static/chunks/node_modules_next_dist_1e8vcs8._.js:776
[   24482ms] [LOG] [Fast Refresh] done in 3ms @ http://localhost:3025/_next/static/chunks/node_modules_next_dist_1e8vcs8._.js:776
[   24531ms] [LOG] [Fast Refresh] done in 3ms @ http://localhost:3025/_next/static/chunks/node_modules_next_dist_1e8vcs8._.js:776
[   24582ms] [LOG] [Fast Refresh] done in 3ms @ http://localhost:3025/_next/static/chunks/node_modules_next_dist_1e8vcs8._.js:776
[   24632ms] [LOG] [Fast Refresh] done in 3ms @ http://localhost:3025/_next/static/chunks/node_modules_next_dist_1e8vcs8._.js:776
[   24682ms] [LOG] [Fast Refresh] done in 3ms @ http://localhost:3025/_next/static/chunks/node_modules_next_dist_1e8vcs8._.js:776
[   24731ms] [LOG] [Fast Refresh] done in 3ms @ http://localhost:3025/_next/static/chunks/node_modules_next_dist_1e8vcs8._.js:776
[   24784ms] [LOG] [Fast Refresh] done in 3ms @ http://localhost:3025/_next/static/chunks/node_modules_next_dist_1e8vcs8._.js:776
[   24831ms] [LOG] [Fast Refresh] done in 3ms @ http://localhost:3025/_next/static/chunks/node_modules_next_dist_1e8vcs8._.js:776
[   24877ms] [LOG] [Fast Refresh] done in 3ms @ http://localhost:3025/_next/static/chunks/node_modules_next_dist_1e8vcs8._.js:776
[   24924ms] [LOG] [Fast Refresh] done in 3ms @ http://localhost:3025/_next/static/chunks/node_modules_next_dist_1e8vcs8._.js:776
[   24972ms] [LOG] [Fast Refresh] done in 3ms @ http://localhost:3025/_next/static/chunks/node_modules_next_dist_1e8vcs8._.js:776
[   25020ms] [LOG] [Fast Refresh] done in 3ms @ http://localhost:3025/_next/static/chunks/node_modules_next_dist_1e8vcs8._.js:776
[   25068ms] [LOG] [Fast Refresh] done in 3ms @ http://localhost:3025/_next/static/chunks/node_modules_next_dist_1e8vcs8._.js:776
[   25115ms] [LOG] [Fast Refresh] done in 3ms @ http://localhost:3025/_next/static/chunks/node_modules_next_dist_1e8vcs8._.js:776
[   25163ms] [LOG] [Fast Refresh] done in 3ms @ http://localhost:3025/_next/static/chunks/node_modules_next_dist_1e8vcs8._.js:776
[   25211ms] [LOG] [Fast Refresh] done in 3ms @ http://localhost:3025/_next/static/chunks/node_modules_next_dist_1e8vcs8._.js:776
[   25258ms] [LOG] [Fast Refresh] done in 3ms @ http://localhost:3025/_next/static/chunks/node_modules_next_dist_1e8vcs8._.js:776
[   25308ms] [LOG] [Fast Refresh] done in 3ms @ http://localhost:3025/_next/static/chunks/node_modules_next_dist_1e8vcs8._.js:776
[   25358ms] [LOG] [Fast Refresh] done in 3ms @ http://localhost:3025/_next/static/chunks/node_modules_next_dist_1e8vcs8._.js:776
[   25408ms] [LOG] [Fast Refresh] done in 3ms @ http://localhost:3025/_next/static/chunks/node_modules_next_dist_1e8vcs8._.js:776
[   25456ms] [LOG] [Fast Refresh] done in 3ms @ http://localhost:3025/_next/static/chunks/node_modules_next_dist_1e8vcs8._.js:776
[   25506ms] [LOG] [Fast Refresh] done in 3ms @ http://localhost:3025/_next/static/chunks/node_modules_next_dist_1e8vcs8._.js:776
[   25555ms] [LOG] [Fast Refresh] done in 3ms @ http://localhost:3025/_next/static/chunks/node_modules_next_dist_1e8vcs8._.js:776
[   25605ms] [LOG] [Fast Refresh] done in 3ms @ http://localhost:3025/_next/static/chunks/node_modules_next_dist_1e8vcs8._.js:776
[   25656ms] [LOG] [Fast Refresh] done in 3ms @ http://localhost:3025/_next/static/chunks/node_modules_next_dist_1e8vcs8._.js:776
[   25706ms] [LOG] [Fast Refresh] done in 3ms @ http://localhost:3025/_next/static/chunks/node_modules_next_dist_1e8vcs8._.js:776
[   25755ms] [LOG] [Fast Refresh] done in 3ms @ http://localhost:3025/_next/static/chunks/node_modules_next_dist_1e8vcs8._.js:776
[   25802ms] [LOG] [Fast Refresh] done in 3ms @ http://localhost:3025/_next/static/chunks/node_modules_next_dist_1e8vcs8._.js:776
[   25852ms] [LOG] [Fast Refresh] done in 3ms @ http://localhost:3025/_next/static/chunks/node_modules_next_dist_1e8vcs8._.js:776
[   25900ms] [LOG] [Fast Refresh] done in 3ms @ http://localhost:3025/_next/static/chunks/node_modules_next_dist_1e8vcs8._.js:776
[   25946ms] [LOG] [Fast Refresh] done in 3ms @ http://localhost:3025/_next/static/chunks/node_modules_next_dist_1e8vcs8._.js:776
[   25992ms] [LOG] [Fast Refresh] done in 3ms @ http://localhost:3025/_next/static/chunks/node_modules_next_dist_1e8vcs8._.js:776
[   26039ms] [LOG] [Fast Refresh] done in 3ms @ http://localhost:3025/_next/static/chunks/node_modules_next_dist_1e8vcs8._.js:776
[   26087ms] [LOG] [Fast Refresh] done in 3ms @ http://localhost:3025/_next/static/chunks/node_modules_next_dist_1e8vcs8._.js:776
[   26136ms] [LOG] [Fast Refresh] done in 3ms @ http://localhost:3025/_next/static/chunks/node_modules_next_dist_1e8vcs8._.js:776
[   26185ms] [LOG] [Fast Refresh] done in 3ms @ http://localhost:3025/_next/static/chunks/node_modules_next_dist_1e8vcs8._.js:776
[   26233ms] [LOG] [Fast Refresh] done in 3ms @ http://localhost:3025/_next/static/chunks/node_modules_next_dist_1e8vcs8._.js:776
[   26280ms] [LOG] [Fast Refresh] done in 3ms @ http://localhost:3025/_next/static/chunks/node_modules_next_dist_1e8vcs8._.js:776
[   26327ms] [LOG] [Fast Refresh] done in 3ms @ http://localhost:3025/_next/static/chunks/node_modules_next_dist_1e8vcs8._.js:776
[   26371ms] [LOG] [Fast Refresh] done in 3ms @ http://localhost:3025/_next/static/chunks/node_modules_next_dist_1e8vcs8._.js:776
[   26417ms] [LOG] [Fast Refresh] done in 3ms @ http://localhost:3025/_next/static/chunks/node_modules_next_dist_1e8vcs8._.js:776
[   26464ms] [LOG] [Fast Refresh] done in 3ms @ http://localhost:3025/_next/static/chunks/node_modules_next_dist_1e8vcs8._.js:776
[   26513ms] [LOG] [Fast Refresh] done in 3ms @ http://localhost:3025/_next/static/chunks/node_modules_next_dist_1e8vcs8._.js:776
[   26561ms] [LOG] [Fast Refresh] done in 3ms @ http://localhost:3025/_next/static/chunks/node_modules_next_dist_1e8vcs8._.js:776
[   26610ms] [LOG] [Fast Refresh] done in 3ms @ http://localhost:3025/_next/static/chunks/node_modules_next_dist_1e8vcs8._.js:776
[   26658ms] [LOG] [Fast Refresh] done in 3ms @ http://localhost:3025/_next/static/chunks/node_modules_next_dist_1e8vcs8._.js:776
[   26708ms] [LOG] [Fast Refresh] done in 3ms @ http://localhost:3025/_next/static/chunks/node_modules_next_dist_1e8vcs8._.js:776
[   26749ms] [LOG] [Fast Refresh] done in 3ms @ http://localhost:3025/_next/static/chunks/node_modules_next_dist_1e8vcs8._.js:776
[   26797ms] [LOG] [Fast Refresh] done in 3ms @ http://localhost:3025/_next/static/chunks/node_modules_next_dist_1e8vcs8._.js:776
[   26843ms] [LOG] [Fast Refresh] done in 3ms @ http://localhost:3025/_next/static/chunks/node_modules_next_dist_1e8vcs8._.js:776
[   26891ms] [LOG] [Fast Refresh] done in 3ms @ http://localhost:3025/_next/static/chunks/node_modules_next_dist_1e8vcs8._.js:776
[   26940ms] [LOG] [Fast Refresh] done in 3ms @ http://localhost:3025/_next/static/chunks/node_modules_next_dist_1e8vcs8._.js:776
[   26989ms] [LOG] [Fast Refresh] done in 3ms @ http://localhost:3025/_next/static/chunks/node_modules_next_dist_1e8vcs8._.js:776
[   27037ms] [LOG] [Fast Refresh] done in 3ms @ http://localhost:3025/_next/static/chunks/node_modules_next_dist_1e8vcs8._.js:776
[   27085ms] [LOG] [Fast Refresh] done in 3ms @ http://localhost:3025/_next/static/chunks/node_modules_next_dist_1e8vcs8._.js:776
[   27132ms] [LOG] [Fast Refresh] done in 3ms @ http://localhost:3025/_next/static/chunks/node_modules_next_dist_1e8vcs8._.js:776
[   27178ms] [LOG] [Fast Refresh] done in 3ms @ http://localhost:3025/_next/static/chunks/node_modules_next_dist_1e8vcs8._.js:776
[   27226ms] [LOG] [Fast Refresh] done in 3ms @ http://localhost:3025/_next/static/chunks/node_modules_next_dist_1e8vcs8._.js:776
[   27275ms] [LOG] [Fast Refresh] done in 3ms @ http://localhost:3025/_next/static/chunks/node_modules_next_dist_1e8vcs8._.js:776
[   27324ms] [LOG] [Fast Refresh] done in 3ms @ http://localhost:3025/_next/static/chunks/node_modules_next_dist_1e8vcs8._.js:776
[   27371ms] [LOG] [Fast Refresh] done in 3ms @ http://localhost:3025/_next/static/chunks/node_modules_next_dist_1e8vcs8._.js:776
[   27417ms] [LOG] [Fast Refresh] done in 3ms @ http://localhost:3025/_next/static/chunks/node_modules_next_dist_1e8vcs8._.js:776
[   27463ms] [LOG] [Fast Refresh] done in 3ms @ http://localhost:3025/_next/static/chunks/node_modules_next_dist_1e8vcs8._.js:776
[   27508ms] [LOG] [Fast Refresh] done in 3ms @ http://localhost:3025/_next/static/chunks/node_modules_next_dist_1e8vcs8._.js:776
[   27554ms] [LOG] [Fast Refresh] done in 3ms @ http://localhost:3025/_next/static/chunks/node_modules_next_dist_1e8vcs8._.js:776
[   27599ms] [LOG] [Fast Refresh] done in 3ms @ http://localhost:3025/_next/static/chunks/node_modules_next_dist_1e8vcs8._.js:776
[   27642ms] [LOG] [Fast Refresh] done in 3ms @ http://localhost:3025/_next/static/chunks/node_modules_next_dist_1e8vcs8._.js:776
[   27687ms] [LOG] [Fast Refresh] done in 3ms @ http://localhost:3025/_next/static/chunks/node_modules_next_dist_1e8vcs8._.js:776
[   27734ms] [LOG] [Fast Refresh] done in 3ms @ http://localhost:3025/_next/static/chunks/node_modules_next_dist_1e8vcs8._.js:776
[   27781ms] [LOG] [Fast Refresh] done in 3ms @ http://localhost:3025/_next/static/chunks/node_modules_next_dist_1e8vcs8._.js:776
[   27828ms] [LOG] [Fast Refresh] done in 3ms @ http://localhost:3025/_next/static/chunks/node_modules_next_dist_1e8vcs8._.js:776
[   27867ms] [LOG] [Fast Refresh] done in 3ms @ http://localhost:3025/_next/static/chunks/node_modules_next_dist_1e8vcs8._.js:776
[   27912ms] [LOG] [Fast Refresh] done in 3ms @ http://localhost:3025/_next/static/chunks/node_modules_next_dist_1e8vcs8._.js:776
[   27960ms] [LOG] [Fast Refresh] done in 3ms @ http://localhost:3025/_next/static/chunks/node_modules_next_dist_1e8vcs8._.js:776
[   28008ms] [LOG] [Fast Refresh] done in 3ms @ http://localhost:3025/_next/static/chunks/node_modules_next_dist_1e8vcs8._.js:776
[   28056ms] [LOG] [Fast Refresh] done in 3ms @ http://localhost:3025/_next/static/chunks/node_modules_next_dist_1e8vcs8._.js:776
[   28103ms] [LOG] [Fast Refresh] done in 3ms @ http://localhost:3025/_next/static/chunks/node_modules_next_dist_1e8vcs8._.js:776
[   28150ms] [LOG] [Fast Refresh] done in 3ms @ http://localhost:3025/_next/static/chunks/node_modules_next_dist_1e8vcs8._.js:776
[   28197ms] [LOG] [Fast Refresh] done in 3ms @ http://localhost:3025/_next/static/chunks/node_modules_next_dist_1e8vcs8._.js:776
[   28246ms] [LOG] [Fast Refresh] done in 3ms @ http://localhost:3025/_next/static/chunks/node_modules_next_dist_1e8vcs8._.js:776
[   28296ms] [LOG] [Fast Refresh] done in 3ms @ http://localhost:3025/_next/static/chunks/node_modules_next_dist_1e8vcs8._.js:776
[   28343ms] [LOG] [Fast Refresh] done in 3ms @ http://localhost:3025/_next/static/chunks/node_modules_next_dist_1e8vcs8._.js:776
[   28390ms] [LOG] [Fast Refresh] done in 3ms @ http://localhost:3025/_next/static/chunks/node_modules_next_dist_1e8vcs8._.js:776
[   28440ms] [LOG] [Fast Refresh] done in 3ms @ http://localhost:3025/_next/static/chunks/node_modules_next_dist_1e8vcs8._.js:776
[   28489ms] [LOG] [Fast Refresh] done in 3ms @ http://localhost:3025/_next/static/chunks/node_modules_next_dist_1e8vcs8._.js:776
[   28539ms] [LOG] [Fast Refresh] done in 3ms @ http://localhost:3025/_next/static/chunks/node_modules_next_dist_1e8vcs8._.js:776
[   28587ms] [LOG] [Fast Refresh] done in 3ms @ http://localhost:3025/_next/static/chunks/node_modules_next_dist_1e8vcs8._.js:776
[   28634ms] [LOG] [Fast Refresh] done in 3ms @ http://localhost:3025/_next/static/chunks/node_modules_next_dist_1e8vcs8._.js:776
[   28672ms] [LOG] [Fast Refresh] done in 3ms @ http://localhost:3025/_next/static/chunks/node_modules_next_dist_1e8vcs8._.js:776
[   28719ms] [LOG] [Fast Refresh] done in 3ms @ http://localhost:3025/_next/static/chunks/node_modules_next_dist_1e8vcs8._.js:776
[   28764ms] [LOG] [Fast Refresh] done in 3ms @ http://localhost:3025/_next/static/chunks/node_modules_next_dist_1e8vcs8._.js:776
[   28811ms] [LOG] [Fast Refresh] done in 3ms @ http://localhost:3025/_next/static/chunks/node_modules_next_dist_1e8vcs8._.js:776
[   28860ms] [LOG] [Fast Refresh] done in 3ms @ http://localhost:3025/_next/static/chunks/node_modules_next_dist_1e8vcs8._.js:776
[   28908ms] [LOG] [Fast Refresh] done in 3ms @ http://localhost:3025/_next/static/chunks/node_modules_next_dist_1e8vcs8._.js:776
[   28954ms] [LOG] [Fast Refresh] done in 3ms @ http://localhost:3025/_next/static/chunks/node_modules_next_dist_1e8vcs8._.js:776
[   29000ms] [LOG] [Fast Refresh] done in 3ms @ http://localhost:3025/_next/static/chunks/node_modules_next_dist_1e8vcs8._.js:776
[   29046ms] [LOG] [Fast Refresh] done in 3ms @ http://localhost:3025/_next/static/chunks/node_modules_next_dist_1e8vcs8._.js:776
[   29093ms] [LOG] [Fast Refresh] done in 3ms @ http://localhost:3025/_next/static/chunks/node_modules_next_dist_1e8vcs8._.js:776
[   29141ms] [LOG] [Fast Refresh] done in 3ms @ http://localhost:3025/_next/static/chunks/node_modules_next_dist_1e8vcs8._.js:776
[   29189ms] [LOG] [Fast Refresh] done in 3ms @ http://localhost:3025/_next/static/chunks/node_modules_next_dist_1e8vcs8._.js:776
[   29239ms] [LOG] [Fast Refresh] done in 3ms @ http://localhost:3025/_next/static/chunks/node_modules_next_dist_1e8vcs8._.js:776
[   29289ms] [LOG] [Fast Refresh] done in 3ms @ http://localhost:3025/_next/static/chunks/node_modules_next_dist_1e8vcs8._.js:776
[   29339ms] [LOG] [Fast Refresh] done in 3ms @ http://localhost:3025/_next/static/chunks/node_modules_next_dist_1e8vcs8._.js:776
[   29388ms] [LOG] [Fast Refresh] done in 3ms @ http://localhost:3025/_next/static/chunks/node_modules_next_dist_1e8vcs8._.js:776
[   29435ms] [LOG] [Fast Refresh] done in 3ms @ http://localhost:3025/_next/static/chunks/node_modules_next_dist_1e8vcs8._.js:776
[   29483ms] [LOG] [Fast Refresh] done in 3ms @ http://localhost:3025/_next/static/chunks/node_modules_next_dist_1e8vcs8._.js:776
[   29531ms] [LOG] [Fast Refresh] done in 3ms @ http://localhost:3025/_next/static/chunks/node_modules_next_dist_1e8vcs8._.js:776
[   29580ms] [LOG] [Fast Refresh] done in 3ms @ http://localhost:3025/_next/static/chunks/node_modules_next_dist_1e8vcs8._.js:776
[   29630ms] [LOG] [Fast Refresh] done in 3ms @ http://localhost:3025/_next/static/chunks/node_modules_next_dist_1e8vcs8._.js:776
[   29679ms] [LOG] [Fast Refresh] done in 3ms @ http://localhost:3025/_next/static/chunks/node_modules_next_dist_1e8vcs8._.js:776
[   29728ms] [LOG] [Fast Refresh] done in 3ms @ http://localhost:3025/_next/static/chunks/node_modules_next_dist_1e8vcs8._.js:776
[   29776ms] [LOG] [Fast Refresh] done in 3ms @ http://localhost:3025/_next/static/chunks/node_modules_next_dist_1e8vcs8._.js:776
[   29825ms] [LOG] [Fast Refresh] done in 3ms @ http://localhost:3025/_next/static/chunks/node_modules_next_dist_1e8vcs8._.js:776
[   29874ms] [LOG] [Fast Refresh] done in 3ms @ http://localhost:3025/_next/static/chunks/node_modules_next_dist_1e8vcs8._.js:776
[   29921ms] [LOG] [Fast Refresh] done in 3ms @ http://localhost:3025/_next/static/chunks/node_modules_next_dist_1e8vcs8._.js:776
[   29970ms] [LOG] [Fast Refresh] done in 3ms @ http://localhost:3025/_next/static/chunks/node_modules_next_dist_1e8vcs8._.js:776
[   30017ms] [LOG] [Fast Refresh] done in 3ms @ http://localhost:3025/_next/static/chunks/node_modules_next_dist_1e8vcs8._.js:776
[   30066ms] [LOG] [Fast Refresh] done in 3ms @ http://localhost:3025/_next/static/chunks/node_modules_next_dist_1e8vcs8._.js:776
[   30115ms] [LOG] [Fast Refresh] done in 3ms @ http://localhost:3025/_next/static/chunks/node_modules_next_dist_1e8vcs8._.js:776
[   30163ms] [LOG] [Fast Refresh] done in 3ms @ http://localhost:3025/_next/static/chunks/node_modules_next_dist_1e8vcs8._.js:776
[   30209ms] [LOG] [Fast Refresh] done in 3ms @ http://localhost:3025/_next/static/chunks/node_modules_next_dist_1e8vcs8._.js:776
[   30256ms] [LOG] [Fast Refresh] done in 3ms @ http://localhost:3025/_next/static/chunks/node_modules_next_dist_1e8vcs8._.js:776
[   30305ms] [LOG] [Fast Refresh] done in 3ms @ http://localhost:3025/_next/static/chunks/node_modules_next_dist_1e8vcs8._.js:776
[   30354ms] [LOG] [Fast Refresh] done in 3ms @ http://localhost:3025/_next/static/chunks/node_modules_next_dist_1e8vcs8._.js:776
[   30403ms] [LOG] [Fast Refresh] done in 3ms @ http://localhost:3025/_next/static/chunks/node_modules_next_dist_1e8vcs8._.js:776
[   30452ms] [LOG] [Fast Refresh] done in 3ms @ http://localhost:3025/_next/static/chunks/node_modules_next_dist_1e8vcs8._.js:776
[   30500ms] [LOG] [Fast Refresh] done in 3ms @ http://localhost:3025/_next/static/chunks/node_modules_next_dist_1e8vcs8._.js:776
[   30549ms] [LOG] [Fast Refresh] done in 3ms @ http://localhost:3025/_next/static/chunks/node_modules_next_dist_1e8vcs8._.js:776
[   30597ms] [LOG] [Fast Refresh] done in 3ms @ http://localhost:3025/_next/static/chunks/node_modules_next_dist_1e8vcs8._.js:776
[   30646ms] [LOG] [Fast Refresh] done in 3ms @ http://localhost:3025/_next/static/chunks/node_modules_next_dist_1e8vcs8._.js:776
[   30694ms] [LOG] [Fast Refresh] done in 3ms @ http://localhost:3025/_next/static/chunks/node_modules_next_dist_1e8vcs8._.js:776
[   30745ms] [LOG] [Fast Refresh] done in 3ms @ http://localhost:3025/_next/static/chunks/node_modules_next_dist_1e8vcs8._.js:776
[   30792ms] [LOG] [Fast Refresh] done in 3ms @ http://localhost:3025/_next/static/chunks/node_modules_next_dist_1e8vcs8._.js:776
[   30839ms] [LOG] [Fast Refresh] done in 3ms @ http://localhost:3025/_next/static/chunks/node_modules_next_dist_1e8vcs8._.js:776
[   30887ms] [LOG] [Fast Refresh] done in 3ms @ http://localhost:3025/_next/static/chunks/node_modules_next_dist_1e8vcs8._.js:776
[   30935ms] [LOG] [Fast Refresh] done in 3ms @ http://localhost:3025/_next/static/chunks/node_modules_next_dist_1e8vcs8._.js:776
[   30984ms] [LOG] [Fast Refresh] done in 3ms @ http://localhost:3025/_next/static/chunks/node_modules_next_dist_1e8vcs8._.js:776
[   31033ms] [LOG] [Fast Refresh] done in 3ms @ http://localhost:3025/_next/static/chunks/node_modules_next_dist_1e8vcs8._.js:776
[   31083ms] [LOG] [Fast Refresh] done in 3ms @ http://localhost:3025/_next/static/chunks/node_modules_next_dist_1e8vcs8._.js:776
[   31132ms] [LOG] [Fast Refresh] done in 3ms @ http://localhost:3025/_next/static/chunks/node_modules_next_dist_1e8vcs8._.js:776
[   31181ms] [LOG] [Fast Refresh] done in 3ms @ http://localhost:3025/_next/static/chunks/node_modules_next_dist_1e8vcs8._.js:776
[   31233ms] [LOG] [Fast Refresh] done in 3ms @ http://localhost:3025/_next/static/chunks/node_modules_next_dist_1e8vcs8._.js:776
[   31283ms] [LOG] [Fast Refresh] done in 3ms @ http://localhost:3025/_next/static/chunks/node_modules_next_dist_1e8vcs8._.js:776
[   31333ms] [LOG] [Fast Refresh] done in 3ms @ http://localhost:3025/_next/static/chunks/node_modules_next_dist_1e8vcs8._.js:776
[   31381ms] [LOG] [Fast Refresh] done in 3ms @ http://localhost:3025/_next/static/chunks/node_modules_next_dist_1e8vcs8._.js:776
[   31430ms] [LOG] [Fast Refresh] done in 3ms @ http://localhost:3025/_next/static/chunks/node_modules_next_dist_1e8vcs8._.js:776
[   31479ms] [LOG] [Fast Refresh] done in 3ms @ http://localhost:3025/_next/static/chunks/node_modules_next_dist_1e8vcs8._.js:776
[   31528ms] [LOG] [Fast Refresh] done in 3ms @ http://localhost:3025/_next/static/chunks/node_modules_next_dist_1e8vcs8._.js:776
[   31577ms] [LOG] [Fast Refresh] done in 3ms @ http://localhost:3025/_next/static/chunks/node_modules_next_dist_1e8vcs8._.js:776
[   31625ms] [LOG] [Fast Refresh] done in 3ms @ http://localhost:3025/_next/static/chunks/node_modules_next_dist_1e8vcs8._.js:776
[   31674ms] [LOG] [Fast Refresh] done in 3ms @ http://localhost:3025/_next/static/chunks/node_modules_next_dist_1e8vcs8._.js:776
[   31723ms] [LOG] [Fast Refresh] done in 3ms @ http://localhost:3025/_next/static/chunks/node_modules_next_dist_1e8vcs8._.js:776
[   31772ms] [LOG] [Fast Refresh] done in 3ms @ http://localhost:3025/_next/static/chunks/node_modules_next_dist_1e8vcs8._.js:776
[   31821ms] [LOG] [Fast Refresh] done in 3ms @ http://localhost:3025/_next/static/chunks/node_modules_next_dist_1e8vcs8._.js:776
[   31870ms] [LOG] [Fast Refresh] done in 3ms @ http://localhost:3025/_next/static/chunks/node_modules_next_dist_1e8vcs8._.js:776
[   31920ms] [LOG] [Fast Refresh] done in 3ms @ http://localhost:3025/_next/static/chunks/node_modules_next_dist_1e8vcs8._.js:776
[   31968ms] [LOG] [Fast Refresh] done in 3ms @ http://localhost:3025/_next/static/chunks/node_modules_next_dist_1e8vcs8._.js:776
[   32016ms] [LOG] [Fast Refresh] done in 3ms @ http://localhost:3025/_next/static/chunks/node_modules_next_dist_1e8vcs8._.js:776
[   32055ms] [LOG] [Fast Refresh] done in 3ms @ http://localhost:3025/_next/static/chunks/node_modules_next_dist_1e8vcs8._.js:776
[   32105ms] [LOG] [Fast Refresh] done in 3ms @ http://localhost:3025/_next/static/chunks/node_modules_next_dist_1e8vcs8._.js:776
[   32152ms] [LOG] [Fast Refresh] done in 3ms @ http://localhost:3025/_next/static/chunks/node_modules_next_dist_1e8vcs8._.js:776
[   32201ms] [LOG] [Fast Refresh] done in 3ms @ http://localhost:3025/_next/static/chunks/node_modules_next_dist_1e8vcs8._.js:776
[   32250ms] [LOG] [Fast Refresh] done in 3ms @ http://localhost:3025/_next/static/chunks/node_modules_next_dist_1e8vcs8._.js:776
[   32299ms] [LOG] [Fast Refresh] done in 3ms @ http://localhost:3025/_next/static/chunks/node_modules_next_dist_1e8vcs8._.js:776
[   32348ms] [LOG] [Fast Refresh] done in 3ms @ http://localhost:3025/_next/static/chunks/node_modules_next_dist_1e8vcs8._.js:776
[   32398ms] [LOG] [Fast Refresh] done in 3ms @ http://localhost:3025/_next/static/chunks/node_modules_next_dist_1e8vcs8._.js:776
[   32447ms] [LOG] [Fast Refresh] done in 3ms @ http://localhost:3025/_next/static/chunks/node_modules_next_dist_1e8vcs8._.js:776
[   32495ms] [LOG] [Fast Refresh] done in 3ms @ http://localhost:3025/_next/static/chunks/node_modules_next_dist_1e8vcs8._.js:776
[   32543ms] [LOG] [Fast Refresh] done in 3ms @ http://localhost:3025/_next/static/chunks/node_modules_next_dist_1e8vcs8._.js:776
[   32592ms] [LOG] [Fast Refresh] done in 3ms @ http://localhost:3025/_next/static/chunks/node_modules_next_dist_1e8vcs8._.js:776
[   32640ms] [LOG] [Fast Refresh] done in 3ms @ http://localhost:3025/_next/static/chunks/node_modules_next_dist_1e8vcs8._.js:776
[   32689ms] [LOG] [Fast Refresh] done in 3ms @ http://localhost:3025/_next/static/chunks/node_modules_next_dist_1e8vcs8._.js:776
[   32738ms] [LOG] [Fast Refresh] done in 3ms @ http://localhost:3025/_next/static/chunks/node_modules_next_dist_1e8vcs8._.js:776
[   32787ms] [LOG] [Fast Refresh] done in 3ms @ http://localhost:3025/_next/static/chunks/node_modules_next_dist_1e8vcs8._.js:776
[   32825ms] [LOG] [Fast Refresh] done in 3ms @ http://localhost:3025/_next/static/chunks/node_modules_next_dist_1e8vcs8._.js:776
[   32873ms] [LOG] [Fast Refresh] done in 3ms @ http://localhost:3025/_next/static/chunks/node_modules_next_dist_1e8vcs8._.js:776
[   32920ms] [LOG] [Fast Refresh] done in 3ms @ http://localhost:3025/_next/static/chunks/node_modules_next_dist_1e8vcs8._.js:776
[   32965ms] [LOG] [Fast Refresh] done in 3ms @ http://localhost:3025/_next/static/chunks/node_modules_next_dist_1e8vcs8._.js:776
[   33011ms] [LOG] [Fast Refresh] done in 3ms @ http://localhost:3025/_next/static/chunks/node_modules_next_dist_1e8vcs8._.js:776
[   33056ms] [LOG] [Fast Refresh] done in 3ms @ http://localhost:3025/_next/static/chunks/node_modules_next_dist_1e8vcs8._.js:776
[   33102ms] [LOG] [Fast Refresh] done in 3ms @ http://localhost:3025/_next/static/chunks/node_modules_next_dist_1e8vcs8._.js:776
[   33142ms] [LOG] [Fast Refresh] done in 3ms @ http://localhost:3025/_next/static/chunks/node_modules_next_dist_1e8vcs8._.js:776
[   33188ms] [LOG] [Fast Refresh] done in 3ms @ http://localhost:3025/_next/static/chunks/node_modules_next_dist_1e8vcs8._.js:776
[   33234ms] [LOG] [Fast Refresh] done in 3ms @ http://localhost:3025/_next/static/chunks/node_modules_next_dist_1e8vcs8._.js:776
[   33280ms] [LOG] [Fast Refresh] done in 3ms @ http://localhost:3025/_next/static/chunks/node_modules_next_dist_1e8vcs8._.js:776
[   33327ms] [LOG] [Fast Refresh] done in 3ms @ http://localhost:3025/_next/static/chunks/node_modules_next_dist_1e8vcs8._.js:776
[   33370ms] [LOG] [Fast Refresh] done in 3ms @ http://localhost:3025/_next/static/chunks/node_modules_next_dist_1e8vcs8._.js:776
[   33416ms] [LOG] [Fast Refresh] done in 3ms @ http://localhost:3025/_next/static/chunks/node_modules_next_dist_1e8vcs8._.js:776
[   33461ms] [LOG] [Fast Refresh] done in 3ms @ http://localhost:3025/_next/static/chunks/node_modules_next_dist_1e8vcs8._.js:776
[   33508ms] [LOG] [Fast Refresh] done in 3ms @ http://localhost:3025/_next/static/chunks/node_modules_next_dist_1e8vcs8._.js:776
[   33554ms] [LOG] [Fast Refresh] done in 3ms @ http://localhost:3025/_next/static/chunks/node_modules_next_dist_1e8vcs8._.js:776
[   33601ms] [LOG] [Fast Refresh] done in 3ms @ http://localhost:3025/_next/static/chunks/node_modules_next_dist_1e8vcs8._.js:776
[   33649ms] [LOG] [Fast Refresh] done in 3ms @ http://localhost:3025/_next/static/chunks/node_modules_next_dist_1e8vcs8._.js:776
[   33699ms] [LOG] [Fast Refresh] done in 3ms @ http://localhost:3025/_next/static/chunks/node_modules_next_dist_1e8vcs8._.js:776
[   33747ms] [LOG] [Fast Refresh] done in 3ms @ http://localhost:3025/_next/static/chunks/node_modules_next_dist_1e8vcs8._.js:776
[   33796ms] [LOG] [Fast Refresh] done in 3ms @ http://localhost:3025/_next/static/chunks/node_modules_next_dist_1e8vcs8._.js:776
[   33846ms] [LOG] [Fast Refresh] done in 3ms @ http://localhost:3025/_next/static/chunks/node_modules_next_dist_1e8vcs8._.js:776
[   33895ms] [LOG] [Fast Refresh] done in 3ms @ http://localhost:3025/_next/static/chunks/node_modules_next_dist_1e8vcs8._.js:776
[   33946ms] [LOG] [Fast Refresh] done in 3ms @ http://localhost:3025/_next/static/chunks/node_modules_next_dist_1e8vcs8._.js:776
[   33996ms] [LOG] [Fast Refresh] done in 3ms @ http://localhost:3025/_next/static/chunks/node_modules_next_dist_1e8vcs8._.js:776
[   34046ms] [LOG] [Fast Refresh] done in 3ms @ http://localhost:3025/_next/static/chunks/node_modules_next_dist_1e8vcs8._.js:776
[   34099ms] [LOG] [Fast Refresh] done in 3ms @ http://localhost:3025/_next/static/chunks/node_modules_next_dist_1e8vcs8._.js:776
[   34146ms] [LOG] [Fast Refresh] done in 3ms @ http://localhost:3025/_next/static/chunks/node_modules_next_dist_1e8vcs8._.js:776
[   34192ms] [LOG] [Fast Refresh] done in 3ms @ http://localhost:3025/_next/static/chunks/node_modules_next_dist_1e8vcs8._.js:776
[   34237ms] [LOG] [Fast Refresh] done in 3ms @ http://localhost:3025/_next/static/chunks/node_modules_next_dist_1e8vcs8._.js:776
[   34283ms] [LOG] [Fast Refresh] done in 3ms @ http://localhost:3025/_next/static/chunks/node_modules_next_dist_1e8vcs8._.js:776
[   34331ms] [LOG] [Fast Refresh] done in 3ms @ http://localhost:3025/_next/static/chunks/node_modules_next_dist_1e8vcs8._.js:776
[   34376ms] [LOG] [Fast Refresh] done in 3ms @ http://localhost:3025/_next/static/chunks/node_modules_next_dist_1e8vcs8._.js:776
[   34422ms] [LOG] [Fast Refresh] done in 3ms @ http://localhost:3025/_next/static/chunks/node_modules_next_dist_1e8vcs8._.js:776
[   34470ms] [LOG] [Fast Refresh] done in 3ms @ http://localhost:3025/_next/static/chunks/node_modules_next_dist_1e8vcs8._.js:776
[   34520ms] [LOG] [Fast Refresh] done in 3ms @ http://localhost:3025/_next/static/chunks/node_modules_next_dist_1e8vcs8._.js:776
[   34568ms] [LOG] [Fast Refresh] done in 3ms @ http://localhost:3025/_next/static/chunks/node_modules_next_dist_1e8vcs8._.js:776
[   34617ms] [LOG] [Fast Refresh] done in 3ms @ http://localhost:3025/_next/static/chunks/node_modules_next_dist_1e8vcs8._.js:776
[   34666ms] [LOG] [Fast Refresh] done in 3ms @ http://localhost:3025/_next/static/chunks/node_modules_next_dist_1e8vcs8._.js:776
[   34718ms] [LOG] [Fast Refresh] done in 3ms @ http://localhost:3025/_next/static/chunks/node_modules_next_dist_1e8vcs8._.js:776
[   34767ms] [LOG] [Fast Refresh] done in 3ms @ http://localhost:3025/_next/static/chunks/node_modules_next_dist_1e8vcs8._.js:776
[   34816ms] [LOG] [Fast Refresh] done in 3ms @ http://localhost:3025/_next/static/chunks/node_modules_next_dist_1e8vcs8._.js:776
[   34866ms] [LOG] [Fast Refresh] done in 3ms @ http://localhost:3025/_next/static/chunks/node_modules_next_dist_1e8vcs8._.js:776
[   34915ms] [LOG] [Fast Refresh] done in 3ms @ http://localhost:3025/_next/static/chunks/node_modules_next_dist_1e8vcs8._.js:776
[   34963ms] [LOG] [Fast Refresh] done in 3ms @ http://localhost:3025/_next/static/chunks/node_modules_next_dist_1e8vcs8._.js:776
[   35013ms] [LOG] [Fast Refresh] done in 3ms @ http://localhost:3025/_next/static/chunks/node_modules_next_dist_1e8vcs8._.js:776
[   35063ms] [LOG] [Fast Refresh] done in 3ms @ http://localhost:3025/_next/static/chunks/node_modules_next_dist_1e8vcs8._.js:776
[   35111ms] [LOG] [Fast Refresh] done in 3ms @ http://localhost:3025/_next/static/chunks/node_modules_next_dist_1e8vcs8._.js:776
[   35160ms] [LOG] [Fast Refresh] done in 3ms @ http://localhost:3025/_next/static/chunks/node_modules_next_dist_1e8vcs8._.js:776
[   35208ms] [LOG] [Fast Refresh] done in 3ms @ http://localhost:3025/_next/static/chunks/node_modules_next_dist_1e8vcs8._.js:776
[   35257ms] [LOG] [Fast Refresh] done in 3ms @ http://localhost:3025/_next/static/chunks/node_modules_next_dist_1e8vcs8._.js:776
[   35305ms] [LOG] [Fast Refresh] done in 3ms @ http://localhost:3025/_next/static/chunks/node_modules_next_dist_1e8vcs8._.js:776
[   35354ms] [LOG] [Fast Refresh] done in 3ms @ http://localhost:3025/_next/static/chunks/node_modules_next_dist_1e8vcs8._.js:776
[   35402ms] [LOG] [Fast Refresh] done in 3ms @ http://localhost:3025/_next/static/chunks/node_modules_next_dist_1e8vcs8._.js:776
[   35452ms] [LOG] [Fast Refresh] done in 3ms @ http://localhost:3025/_next/static/chunks/node_modules_next_dist_1e8vcs8._.js:776
[   35501ms] [LOG] [Fast Refresh] done in 3ms @ http://localhost:3025/_next/static/chunks/node_modules_next_dist_1e8vcs8._.js:776
[   35549ms] [LOG] [Fast Refresh] done in 3ms @ http://localhost:3025/_next/static/chunks/node_modules_next_dist_1e8vcs8._.js:776
[   35598ms] [LOG] [Fast Refresh] done in 3ms @ http://localhost:3025/_next/static/chunks/node_modules_next_dist_1e8vcs8._.js:776
[   35646ms] [LOG] [Fast Refresh] done in 3ms @ http://localhost:3025/_next/static/chunks/node_modules_next_dist_1e8vcs8._.js:776
[   35693ms] [LOG] [Fast Refresh] done in 3ms @ http://localhost:3025/_next/static/chunks/node_modules_next_dist_1e8vcs8._.js:776
[   35740ms] [LOG] [Fast Refresh] done in 3ms @ http://localhost:3025/_next/static/chunks/node_modules_next_dist_1e8vcs8._.js:776
[   35789ms] [LOG] [Fast Refresh] done in 3ms @ http://localhost:3025/_next/static/chunks/node_modules_next_dist_1e8vcs8._.js:776
[   35838ms] [LOG] [Fast Refresh] done in 3ms @ http://localhost:3025/_next/static/chunks/node_modules_next_dist_1e8vcs8._.js:776
[   35887ms] [LOG] [Fast Refresh] done in 3ms @ http://localhost:3025/_next/static/chunks/node_modules_next_dist_1e8vcs8._.js:776
[   35935ms] [LOG] [Fast Refresh] done in 3ms @ http://localhost:3025/_next/static/chunks/node_modules_next_dist_1e8vcs8._.js:776
[   35983ms] [LOG] [Fast Refresh] done in 3ms @ http://localhost:3025/_next/static/chunks/node_modules_next_dist_1e8vcs8._.js:776
[   36029ms] [LOG] [Fast Refresh] done in 3ms @ http://localhost:3025/_next/static/chunks/node_modules_next_dist_1e8vcs8._.js:776
[   36075ms] [LOG] [Fast Refresh] done in 3ms @ http://localhost:3025/_next/static/chunks/node_modules_next_dist_1e8vcs8._.js:776
[   36121ms] [LOG] [Fast Refresh] done in 3ms @ http://localhost:3025/_next/static/chunks/node_modules_next_dist_1e8vcs8._.js:776
[   36166ms] [LOG] [Fast Refresh] done in 3ms @ http://localhost:3025/_next/static/chunks/node_modules_next_dist_1e8vcs8._.js:776
[   36212ms] [LOG] [Fast Refresh] done in 3ms @ http://localhost:3025/_next/static/chunks/node_modules_next_dist_1e8vcs8._.js:776
[   36258ms] [LOG] [Fast Refresh] done in 3ms @ http://localhost:3025/_next/static/chunks/node_modules_next_dist_1e8vcs8._.js:776
[   36305ms] [LOG] [Fast Refresh] done in 3ms @ http://localhost:3025/_next/static/chunks/node_modules_next_dist_1e8vcs8._.js:776
[   36355ms] [LOG] [Fast Refresh] done in 3ms @ http://localhost:3025/_next/static/chunks/node_modules_next_dist_1e8vcs8._.js:776
[   36406ms] [LOG] [Fast Refresh] done in 3ms @ http://localhost:3025/_next/static/chunks/node_modules_next_dist_1e8vcs8._.js:776
[   36456ms] [LOG] [Fast Refresh] done in 3ms @ http://localhost:3025/_next/static/chunks/node_modules_next_dist_1e8vcs8._.js:776
[   36505ms] [LOG] [Fast Refresh] done in 3ms @ http://localhost:3025/_next/static/chunks/node_modules_next_dist_1e8vcs8._.js:776
[   36555ms] [LOG] [Fast Refresh] done in 3ms @ http://localhost:3025/_next/static/chunks/node_modules_next_dist_1e8vcs8._.js:776
[   36604ms] [LOG] [Fast Refresh] done in 3ms @ http://localhost:3025/_next/static/chunks/node_modules_next_dist_1e8vcs8._.js:776
[   36653ms] [LOG] [Fast Refresh] done in 3ms @ http://localhost:3025/_next/static/chunks/node_modules_next_dist_1e8vcs8._.js:776
[   36702ms] [LOG] [Fast Refresh] done in 3ms @ http://localhost:3025/_next/static/chunks/node_modules_next_dist_1e8vcs8._.js:776
[   36750ms] [LOG] [Fast Refresh] done in 3ms @ http://localhost:3025/_next/static/chunks/node_modules_next_dist_1e8vcs8._.js:776
[   36800ms] [LOG] [Fast Refresh] done in 3ms @ http://localhost:3025/_next/static/chunks/node_modules_next_dist_1e8vcs8._.js:776
[   36849ms] [LOG] [Fast Refresh] done in 3ms @ http://localhost:3025/_next/static/chunks/node_modules_next_dist_1e8vcs8._.js:776
[   36897ms] [LOG] [Fast Refresh] done in 3ms @ http://localhost:3025/_next/static/chunks/node_modules_next_dist_1e8vcs8._.js:776
[   36947ms] [LOG] [Fast Refresh] done in 3ms @ http://localhost:3025/_next/static/chunks/node_modules_next_dist_1e8vcs8._.js:776
[   36995ms] [LOG] [Fast Refresh] done in 3ms @ http://localhost:3025/_next/static/chunks/node_modules_next_dist_1e8vcs8._.js:776
[   37045ms] [LOG] [Fast Refresh] done in 3ms @ http://localhost:3025/_next/static/chunks/node_modules_next_dist_1e8vcs8._.js:776
[   37093ms] [LOG] [Fast Refresh] done in 3ms @ http://localhost:3025/_next/static/chunks/node_modules_next_dist_1e8vcs8._.js:776
[   37142ms] [LOG] [Fast Refresh] done in 3ms @ http://localhost:3025/_next/static/chunks/node_modules_next_dist_1e8vcs8._.js:776
[   37190ms] [LOG] [Fast Refresh] done in 3ms @ http://localhost:3025/_next/static/chunks/node_modules_next_dist_1e8vcs8._.js:776
[   37239ms] [LOG] [Fast Refresh] done in 3ms @ http://localhost:3025/_next/static/chunks/node_modules_next_dist_1e8vcs8._.js:776
[   37288ms] [LOG] [Fast Refresh] done in 3ms @ http://localhost:3025/_next/static/chunks/node_modules_next_dist_1e8vcs8._.js:776
[   37336ms] [LOG] [Fast Refresh] done in 3ms @ http://localhost:3025/_next/static/chunks/node_modules_next_dist_1e8vcs8._.js:776
[   37384ms] [LOG] [Fast Refresh] done in 3ms @ http://localhost:3025/_next/static/chunks/node_modules_next_dist_1e8vcs8._.js:776
[   37432ms] [LOG] [Fast Refresh] done in 3ms @ http://localhost:3025/_next/static/chunks/node_modules_next_dist_1e8vcs8._.js:776
[   37481ms] [LOG] [Fast Refresh] done in 3ms @ http://localhost:3025/_next/static/chunks/node_modules_next_dist_1e8vcs8._.js:776
[   37531ms] [LOG] [Fast Refresh] done in 3ms @ http://localhost:3025/_next/static/chunks/node_modules_next_dist_1e8vcs8._.js:776
[   37580ms] [LOG] [Fast Refresh] done in 3ms @ http://localhost:3025/_next/static/chunks/node_modules_next_dist_1e8vcs8._.js:776
[   37628ms] [LOG] [Fast Refresh] done in 3ms @ http://localhost:3025/_next/static/chunks/node_modules_next_dist_1e8vcs8._.js:776
[   37677ms] [LOG] [Fast Refresh] done in 3ms @ http://localhost:3025/_next/static/chunks/node_modules_next_dist_1e8vcs8._.js:776
[   37726ms] [LOG] [Fast Refresh] done in 3ms @ http://localhost:3025/_next/static/chunks/node_modules_next_dist_1e8vcs8._.js:776
[   37776ms] [LOG] [Fast Refresh] done in 3ms @ http://localhost:3025/_next/static/chunks/node_modules_next_dist_1e8vcs8._.js:776
[   37825ms] [LOG] [Fast Refresh] done in 3ms @ http://localhost:3025/_next/static/chunks/node_modules_next_dist_1e8vcs8._.js:776
[   37874ms] [LOG] [Fast Refresh] done in 3ms @ http://localhost:3025/_next/static/chunks/node_modules_next_dist_1e8vcs8._.js:776
[   37924ms] [LOG] [Fast Refresh] done in 3ms @ http://localhost:3025/_next/static/chunks/node_modules_next_dist_1e8vcs8._.js:776
[   37972ms] [LOG] [Fast Refresh] done in 3ms @ http://localhost:3025/_next/static/chunks/node_modules_next_dist_1e8vcs8._.js:776
[   38022ms] [LOG] [Fast Refresh] done in 3ms @ http://localhost:3025/_next/static/chunks/node_modules_next_dist_1e8vcs8._.js:776
[   38070ms] [LOG] [Fast Refresh] done in 3ms @ http://localhost:3025/_next/static/chunks/node_modules_next_dist_1e8vcs8._.js:776
[   38117ms] [LOG] [Fast Refresh] done in 3ms @ http://localhost:3025/_next/static/chunks/node_modules_next_dist_1e8vcs8._.js:776
[   38165ms] [LOG] [Fast Refresh] done in 3ms @ http://localhost:3025/_next/static/chunks/node_modules_next_dist_1e8vcs8._.js:776
[   38214ms] [LOG] [Fast Refresh] done in 3ms @ http://localhost:3025/_next/static/chunks/node_modules_next_dist_1e8vcs8._.js:776
[   38262ms] [LOG] [Fast Refresh] done in 3ms @ http://localhost:3025/_next/static/chunks/node_modules_next_dist_1e8vcs8._.js:776
[   38310ms] [LOG] [Fast Refresh] done in 3ms @ http://localhost:3025/_next/static/chunks/node_modules_next_dist_1e8vcs8._.js:776
[   38359ms] [LOG] [Fast Refresh] done in 3ms @ http://localhost:3025/_next/static/chunks/node_modules_next_dist_1e8vcs8._.js:776
[   38408ms] [LOG] [Fast Refresh] done in 3ms @ http://localhost:3025/_next/static/chunks/node_modules_next_dist_1e8vcs8._.js:776
[   38457ms] [LOG] [Fast Refresh] done in 3ms @ http://localhost:3025/_next/static/chunks/node_modules_next_dist_1e8vcs8._.js:776
[   38506ms] [LOG] [Fast Refresh] done in 3ms @ http://localhost:3025/_next/static/chunks/node_modules_next_dist_1e8vcs8._.js:776
[   38555ms] [LOG] [Fast Refresh] done in 3ms @ http://localhost:3025/_next/static/chunks/node_modules_next_dist_1e8vcs8._.js:776
[   38603ms] [LOG] [Fast Refresh] done in 3ms @ http://localhost:3025/_next/static/chunks/node_modules_next_dist_1e8vcs8._.js:776
[   38651ms] [LOG] [Fast Refresh] done in 3ms @ http://localhost:3025/_next/static/chunks/node_modules_next_dist_1e8vcs8._.js:776
[   38700ms] [LOG] [Fast Refresh] done in 3ms @ http://localhost:3025/_next/static/chunks/node_modules_next_dist_1e8vcs8._.js:776
[   38748ms] [LOG] [Fast Refresh] done in 3ms @ http://localhost:3025/_next/static/chunks/node_modules_next_dist_1e8vcs8._.js:776
[   38797ms] [LOG] [Fast Refresh] done in 3ms @ http://localhost:3025/_next/static/chunks/node_modules_next_dist_1e8vcs8._.js:776
[   38847ms] [LOG] [Fast Refresh] done in 3ms @ http://localhost:3025/_next/static/chunks/node_modules_next_dist_1e8vcs8._.js:776
[   38895ms] [LOG] [Fast Refresh] done in 3ms @ http://localhost:3025/_next/static/chunks/node_modules_next_dist_1e8vcs8._.js:776
[   38943ms] [LOG] [Fast Refresh] done in 3ms @ http://localhost:3025/_next/static/chunks/node_modules_next_dist_1e8vcs8._.js:776
[   38993ms] [LOG] [Fast Refresh] done in 3ms @ http://localhost:3025/_next/static/chunks/node_modules_next_dist_1e8vcs8._.js:776
[   39043ms] [LOG] [Fast Refresh] done in 3ms @ http://localhost:3025/_next/static/chunks/node_modules_next_dist_1e8vcs8._.js:776
[   39092ms] [LOG] [Fast Refresh] done in 3ms @ http://localhost:3025/_next/static/chunks/node_modules_next_dist_1e8vcs8._.js:776
[   39141ms] [LOG] [Fast Refresh] done in 3ms @ http://localhost:3025/_next/static/chunks/node_modules_next_dist_1e8vcs8._.js:776
[   39189ms] [LOG] [Fast Refresh] done in 3ms @ http://localhost:3025/_next/static/chunks/node_modules_next_dist_1e8vcs8._.js:776
[   39236ms] [LOG] [Fast Refresh] done in 3ms @ http://localhost:3025/_next/static/chunks/node_modules_next_dist_1e8vcs8._.js:776
[   39285ms] [LOG] [Fast Refresh] done in 3ms @ http://localhost:3025/_next/static/chunks/node_modules_next_dist_1e8vcs8._.js:776
[   39333ms] [LOG] [Fast Refresh] done in 3ms @ http://localhost:3025/_next/static/chunks/node_modules_next_dist_1e8vcs8._.js:776
[   39382ms] [LOG] [Fast Refresh] done in 3ms @ http://localhost:3025/_next/static/chunks/node_modules_next_dist_1e8vcs8._.js:776
[   39431ms] [LOG] [Fast Refresh] done in 3ms @ http://localhost:3025/_next/static/chunks/node_modules_next_dist_1e8vcs8._.js:776
[   39480ms] [LOG] [Fast Refresh] done in 3ms @ http://localhost:3025/_next/static/chunks/node_modules_next_dist_1e8vcs8._.js:776
[   39529ms] [LOG] [Fast Refresh] done in 3ms @ http://localhost:3025/_next/static/chunks/node_modules_next_dist_1e8vcs8._.js:776
[   39576ms] [LOG] [Fast Refresh] done in 3ms @ http://localhost:3025/_next/static/chunks/node_modules_next_dist_1e8vcs8._.js:776
[   39624ms] [LOG] [Fast Refresh] done in 3ms @ http://localhost:3025/_next/static/chunks/node_modules_next_dist_1e8vcs8._.js:776
[   39672ms] [LOG] [Fast Refresh] done in 3ms @ http://localhost:3025/_next/static/chunks/node_modules_next_dist_1e8vcs8._.js:776
[   39725ms] [LOG] [Fast Refresh] done in 3ms @ http://localhost:3025/_next/static/chunks/node_modules_next_dist_1e8vcs8._.js:776
[   39772ms] [LOG] [Fast Refresh] done in 3ms @ http://localhost:3025/_next/static/chunks/node_modules_next_dist_1e8vcs8._.js:776
[   39821ms] [LOG] [Fast Refresh] done in 3ms @ http://localhost:3025/_next/static/chunks/node_modules_next_dist_1e8vcs8._.js:776
[   39870ms] [LOG] [Fast Refresh] done in 3ms @ http://localhost:3025/_next/static/chunks/node_modules_next_dist_1e8vcs8._.js:776
[   39918ms] [LOG] [Fast Refresh] done in 3ms @ http://localhost:3025/_next/static/chunks/node_modules_next_dist_1e8vcs8._.js:776
[   39967ms] [LOG] [Fast Refresh] done in 3ms @ http://localhost:3025/_next/static/chunks/node_modules_next_dist_1e8vcs8._.js:776
[   40014ms] [LOG] [Fast Refresh] done in 3ms @ http://localhost:3025/_next/static/chunks/node_modules_next_dist_1e8vcs8._.js:776
[   40062ms] [LOG] [Fast Refresh] done in 3ms @ http://localhost:3025/_next/static/chunks/node_modules_next_dist_1e8vcs8._.js:776
[   40109ms] [LOG] [Fast Refresh] done in 3ms @ http://localhost:3025/_next/static/chunks/node_modules_next_dist_1e8vcs8._.js:776
[   40157ms] [LOG] [Fast Refresh] done in 3ms @ http://localhost:3025/_next/static/chunks/node_modules_next_dist_1e8vcs8._.js:776
[   40206ms] [LOG] [Fast Refresh] done in 3ms @ http://localhost:3025/_next/static/chunks/node_modules_next_dist_1e8vcs8._.js:776
[   40254ms] [LOG] [Fast Refresh] done in 3ms @ http://localhost:3025/_next/static/chunks/node_modules_next_dist_1e8vcs8._.js:776
[   40304ms] [LOG] [Fast Refresh] done in 3ms @ http://localhost:3025/_next/static/chunks/node_modules_next_dist_1e8vcs8._.js:776
[   40351ms] [LOG] [Fast Refresh] done in 3ms @ http://localhost:3025/_next/static/chunks/node_modules_next_dist_1e8vcs8._.js:776
[   40394ms] [LOG] [Fast Refresh] done in 3ms @ http://localhost:3025/_next/static/chunks/node_modules_next_dist_1e8vcs8._.js:776
[   40441ms] [LOG] [Fast Refresh] done in 3ms @ http://localhost:3025/_next/static/chunks/node_modules_next_dist_1e8vcs8._.js:776
[   40491ms] [LOG] [Fast Refresh] done in 3ms @ http://localhost:3025/_next/static/chunks/node_modules_next_dist_1e8vcs8._.js:776
[   40539ms] [LOG] [Fast Refresh] done in 3ms @ http://localhost:3025/_next/static/chunks/node_modules_next_dist_1e8vcs8._.js:776
[   40579ms] [LOG] [Fast Refresh] done in 3ms @ http://localhost:3025/_next/static/chunks/node_modules_next_dist_1e8vcs8._.js:776
[   40627ms] [LOG] [Fast Refresh] done in 3ms @ http://localhost:3025/_next/static/chunks/node_modules_next_dist_1e8vcs8._.js:776
[   40675ms] [LOG] [Fast Refresh] done in 3ms @ http://localhost:3025/_next/static/chunks/node_modules_next_dist_1e8vcs8._.js:776
[   40723ms] [LOG] [Fast Refresh] done in 3ms @ http://localhost:3025/_next/static/chunks/node_modules_next_dist_1e8vcs8._.js:776
[   40772ms] [LOG] [Fast Refresh] done in 3ms @ http://localhost:3025/_next/static/chunks/node_modules_next_dist_1e8vcs8._.js:776
[   40822ms] [LOG] [Fast Refresh] done in 3ms @ http://localhost:3025/_next/static/chunks/node_modules_next_dist_1e8vcs8._.js:776
[   40872ms] [LOG] [Fast Refresh] done in 3ms @ http://localhost:3025/_next/static/chunks/node_modules_next_dist_1e8vcs8._.js:776
[   40922ms] [LOG] [Fast Refresh] done in 3ms @ http://localhost:3025/_next/static/chunks/node_modules_next_dist_1e8vcs8._.js:776
[   40971ms] [LOG] [Fast Refresh] done in 3ms @ http://localhost:3025/_next/static/chunks/node_modules_next_dist_1e8vcs8._.js:776
[   41020ms] [LOG] [Fast Refresh] done in 3ms @ http://localhost:3025/_next/static/chunks/node_modules_next_dist_1e8vcs8._.js:776
[   41068ms] [LOG] [Fast Refresh] done in 3ms @ http://localhost:3025/_next/static/chunks/node_modules_next_dist_1e8vcs8._.js:776
[   41116ms] [LOG] [Fast Refresh] done in 3ms @ http://localhost:3025/_next/static/chunks/node_modules_next_dist_1e8vcs8._.js:776
[   41164ms] [LOG] [Fast Refresh] done in 3ms @ http://localhost:3025/_next/static/chunks/node_modules_next_dist_1e8vcs8._.js:776
[   41212ms] [LOG] [Fast Refresh] done in 3ms @ http://localhost:3025/_next/static/chunks/node_modules_next_dist_1e8vcs8._.js:776
[   41259ms] [LOG] [Fast Refresh] done in 3ms @ http://localhost:3025/_next/static/chunks/node_modules_next_dist_1e8vcs8._.js:776
[   41308ms] [LOG] [Fast Refresh] done in 3ms @ http://localhost:3025/_next/static/chunks/node_modules_next_dist_1e8vcs8._.js:776
[   41356ms] [LOG] [Fast Refresh] done in 3ms @ http://localhost:3025/_next/static/chunks/node_modules_next_dist_1e8vcs8._.js:776
[   41405ms] [LOG] [Fast Refresh] done in 3ms @ http://localhost:3025/_next/static/chunks/node_modules_next_dist_1e8vcs8._.js:776
[   41454ms] [LOG] [Fast Refresh] done in 3ms @ http://localhost:3025/_next/static/chunks/node_modules_next_dist_1e8vcs8._.js:776
[   41500ms] [LOG] [Fast Refresh] done in 3ms @ http://localhost:3025/_next/static/chunks/node_modules_next_dist_1e8vcs8._.js:776
[   41548ms] [LOG] [Fast Refresh] done in 3ms @ http://localhost:3025/_next/static/chunks/node_modules_next_dist_1e8vcs8._.js:776
[   41596ms] [LOG] [Fast Refresh] done in 3ms @ http://localhost:3025/_next/static/chunks/node_modules_next_dist_1e8vcs8._.js:776
[   41645ms] [LOG] [Fast Refresh] done in 3ms @ http://localhost:3025/_next/static/chunks/node_modules_next_dist_1e8vcs8._.js:776
[   41691ms] [LOG] [Fast Refresh] done in 3ms @ http://localhost:3025/_next/static/chunks/node_modules_next_dist_1e8vcs8._.js:776
[   41739ms] [LOG] [Fast Refresh] done in 3ms @ http://localhost:3025/_next/static/chunks/node_modules_next_dist_1e8vcs8._.js:776
[   41789ms] [LOG] [Fast Refresh] done in 3ms @ http://localhost:3025/_next/static/chunks/node_modules_next_dist_1e8vcs8._.js:776
[   41838ms] [LOG] [Fast Refresh] done in 3ms @ http://localhost:3025/_next/static/chunks/node_modules_next_dist_1e8vcs8._.js:776
[   41886ms] [LOG] [Fast Refresh] done in 3ms @ http://localhost:3025/_next/static/chunks/node_modules_next_dist_1e8vcs8._.js:776
[   41934ms] [LOG] [Fast Refresh] done in 3ms @ http://localhost:3025/_next/static/chunks/node_modules_next_dist_1e8vcs8._.js:776
[   41981ms] [LOG] [Fast Refresh] done in 3ms @ http://localhost:3025/_next/static/chunks/node_modules_next_dist_1e8vcs8._.js:776
[   42030ms] [LOG] [Fast Refresh] done in 3ms @ http://localhost:3025/_next/static/chunks/node_modules_next_dist_1e8vcs8._.js:776
[   42078ms] [LOG] [Fast Refresh] done in 3ms @ http://localhost:3025/_next/static/chunks/node_modules_next_dist_1e8vcs8._.js:776
[   42127ms] [LOG] [Fast Refresh] done in 3ms @ http://localhost:3025/_next/static/chunks/node_modules_next_dist_1e8vcs8._.js:776
[   42174ms] [LOG] [Fast Refresh] done in 3ms @ http://localhost:3025/_next/static/chunks/node_modules_next_dist_1e8vcs8._.js:776
[   42223ms] [LOG] [Fast Refresh] done in 3ms @ http://localhost:3025/_next/static/chunks/node_modules_next_dist_1e8vcs8._.js:776
[   42271ms] [LOG] [Fast Refresh] done in 3ms @ http://localhost:3025/_next/static/chunks/node_modules_next_dist_1e8vcs8._.js:776
[   42320ms] [LOG] [Fast Refresh] done in 3ms @ http://localhost:3025/_next/static/chunks/node_modules_next_dist_1e8vcs8._.js:776
[   42368ms] [LOG] [Fast Refresh] done in 3ms @ http://localhost:3025/_next/static/chunks/node_modules_next_dist_1e8vcs8._.js:776
[   42417ms] [LOG] [Fast Refresh] done in 3ms @ http://localhost:3025/_next/static/chunks/node_modules_next_dist_1e8vcs8._.js:776
[   42466ms] [LOG] [Fast Refresh] done in 3ms @ http://localhost:3025/_next/static/chunks/node_modules_next_dist_1e8vcs8._.js:776
[   42514ms] [LOG] [Fast Refresh] done in 3ms @ http://localhost:3025/_next/static/chunks/node_modules_next_dist_1e8vcs8._.js:776
[   42564ms] [LOG] [Fast Refresh] done in 3ms @ http://localhost:3025/_next/static/chunks/node_modules_next_dist_1e8vcs8._.js:776
[   42610ms] [LOG] [Fast Refresh] done in 3ms @ http://localhost:3025/_next/static/chunks/node_modules_next_dist_1e8vcs8._.js:776
[   42647ms] [LOG] [Fast Refresh] done in 3ms @ http://localhost:3025/_next/static/chunks/node_modules_next_dist_1e8vcs8._.js:776
[   42696ms] [LOG] [Fast Refresh] done in 3ms @ http://localhost:3025/_next/static/chunks/node_modules_next_dist_1e8vcs8._.js:776
[   42744ms] [LOG] [Fast Refresh] done in 3ms @ http://localhost:3025/_next/static/chunks/node_modules_next_dist_1e8vcs8._.js:776
[   42791ms] [LOG] [Fast Refresh] done in 3ms @ http://localhost:3025/_next/static/chunks/node_modules_next_dist_1e8vcs8._.js:776
[   42840ms] [LOG] [Fast Refresh] done in 3ms @ http://localhost:3025/_next/static/chunks/node_modules_next_dist_1e8vcs8._.js:776
[   42888ms] [LOG] [Fast Refresh] done in 3ms @ http://localhost:3025/_next/static/chunks/node_modules_next_dist_1e8vcs8._.js:776
[   42936ms] [LOG] [Fast Refresh] done in 3ms @ http://localhost:3025/_next/static/chunks/node_modules_next_dist_1e8vcs8._.js:776
[   42984ms] [LOG] [Fast Refresh] done in 3ms @ http://localhost:3025/_next/static/chunks/node_modules_next_dist_1e8vcs8._.js:776
[   43033ms] [LOG] [Fast Refresh] done in 3ms @ http://localhost:3025/_next/static/chunks/node_modules_next_dist_1e8vcs8._.js:776
[   43080ms] [LOG] [Fast Refresh] done in 3ms @ http://localhost:3025/_next/static/chunks/node_modules_next_dist_1e8vcs8._.js:776
[   43127ms] [LOG] [Fast Refresh] done in 3ms @ http://localhost:3025/_next/static/chunks/node_modules_next_dist_1e8vcs8._.js:776
[   43173ms] [LOG] [Fast Refresh] done in 3ms @ http://localhost:3025/_next/static/chunks/node_modules_next_dist_1e8vcs8._.js:776
[   43219ms] [LOG] [Fast Refresh] done in 3ms @ http://localhost:3025/_next/static/chunks/node_modules_next_dist_1e8vcs8._.js:776
[   43266ms] [LOG] [Fast Refresh] done in 3ms @ http://localhost:3025/_next/static/chunks/node_modules_next_dist_1e8vcs8._.js:776
[   43315ms] [LOG] [Fast Refresh] done in 3ms @ http://localhost:3025/_next/static/chunks/node_modules_next_dist_1e8vcs8._.js:776
[   43362ms] [LOG] [Fast Refresh] done in 3ms @ http://localhost:3025/_next/static/chunks/node_modules_next_dist_1e8vcs8._.js:776
[   43409ms] [LOG] [Fast Refresh] done in 3ms @ http://localhost:3025/_next/static/chunks/node_modules_next_dist_1e8vcs8._.js:776
[   43455ms] [LOG] [Fast Refresh] done in 3ms @ http://localhost:3025/_next/static/chunks/node_modules_next_dist_1e8vcs8._.js:776
[   43500ms] [LOG] [Fast Refresh] done in 3ms @ http://localhost:3025/_next/static/chunks/node_modules_next_dist_1e8vcs8._.js:776
[   43545ms] [LOG] [Fast Refresh] done in 3ms @ http://localhost:3025/_next/static/chunks/node_modules_next_dist_1e8vcs8._.js:776
[   43592ms] [LOG] [Fast Refresh] done in 3ms @ http://localhost:3025/_next/static/chunks/node_modules_next_dist_1e8vcs8._.js:776
[   43639ms] [LOG] [Fast Refresh] done in 3ms @ http://localhost:3025/_next/static/chunks/node_modules_next_dist_1e8vcs8._.js:776
[   43687ms] [LOG] [Fast Refresh] done in 3ms @ http://localhost:3025/_next/static/chunks/node_modules_next_dist_1e8vcs8._.js:776
[   43734ms] [LOG] [Fast Refresh] done in 3ms @ http://localhost:3025/_next/static/chunks/node_modules_next_dist_1e8vcs8._.js:776
[   43781ms] [LOG] [Fast Refresh] done in 3ms @ http://localhost:3025/_next/static/chunks/node_modules_next_dist_1e8vcs8._.js:776
[   43827ms] [LOG] [Fast Refresh] done in 3ms @ http://localhost:3025/_next/static/chunks/node_modules_next_dist_1e8vcs8._.js:776
[   43874ms] [LOG] [Fast Refresh] done in 3ms @ http://localhost:3025/_next/static/chunks/node_modules_next_dist_1e8vcs8._.js:776
[   43920ms] [LOG] [Fast Refresh] done in 3ms @ http://localhost:3025/_next/static/chunks/node_modules_next_dist_1e8vcs8._.js:776
[   43969ms] [LOG] [Fast Refresh] done in 3ms @ http://localhost:3025/_next/static/chunks/node_modules_next_dist_1e8vcs8._.js:776
[   44017ms] [LOG] [Fast Refresh] done in 3ms @ http://localhost:3025/_next/static/chunks/node_modules_next_dist_1e8vcs8._.js:776
[   44066ms] [LOG] [Fast Refresh] done in 3ms @ http://localhost:3025/_next/static/chunks/node_modules_next_dist_1e8vcs8._.js:776
[   44115ms] [LOG] [Fast Refresh] done in 3ms @ http://localhost:3025/_next/static/chunks/node_modules_next_dist_1e8vcs8._.js:776
[   44162ms] [LOG] [Fast Refresh] done in 3ms @ http://localhost:3025/_next/static/chunks/node_modules_next_dist_1e8vcs8._.js:776
[   44209ms] [LOG] [Fast Refresh] done in 3ms @ http://localhost:3025/_next/static/chunks/node_modules_next_dist_1e8vcs8._.js:776
[   44259ms] [LOG] [Fast Refresh] done in 3ms @ http://localhost:3025/_next/static/chunks/node_modules_next_dist_1e8vcs8._.js:776
[   44308ms] [LOG] [Fast Refresh] done in 3ms @ http://localhost:3025/_next/static/chunks/node_modules_next_dist_1e8vcs8._.js:776
[   44360ms] [LOG] [Fast Refresh] done in 3ms @ http://localhost:3025/_next/static/chunks/node_modules_next_dist_1e8vcs8._.js:776
[   44404ms] [LOG] [Fast Refresh] done in 3ms @ http://localhost:3025/_next/static/chunks/node_modules_next_dist_1e8vcs8._.js:776
[   44453ms] [LOG] [Fast Refresh] done in 3ms @ http://localhost:3025/_next/static/chunks/node_modules_next_dist_1e8vcs8._.js:776
[   44502ms] [LOG] [Fast Refresh] done in 3ms @ http://localhost:3025/_next/static/chunks/node_modules_next_dist_1e8vcs8._.js:776
[   44551ms] [LOG] [Fast Refresh] done in 3ms @ http://localhost:3025/_next/static/chunks/node_modules_next_dist_1e8vcs8._.js:776
[   44598ms] [LOG] [Fast Refresh] done in 3ms @ http://localhost:3025/_next/static/chunks/node_modules_next_dist_1e8vcs8._.js:776
[   44647ms] [LOG] [Fast Refresh] done in 3ms @ http://localhost:3025/_next/static/chunks/node_modules_next_dist_1e8vcs8._.js:776
[   44696ms] [LOG] [Fast Refresh] done in 3ms @ http://localhost:3025/_next/static/chunks/node_modules_next_dist_1e8vcs8._.js:776
[   44745ms] [LOG] [Fast Refresh] done in 3ms @ http://localhost:3025/_next/static/chunks/node_modules_next_dist_1e8vcs8._.js:776
[   44793ms] [LOG] [Fast Refresh] done in 3ms @ http://localhost:3025/_next/static/chunks/node_modules_next_dist_1e8vcs8._.js:776
[   44841ms] [LOG] [Fast Refresh] done in 3ms @ http://localhost:3025/_next/static/chunks/node_modules_next_dist_1e8vcs8._.js:776
[   44890ms] [LOG] [Fast Refresh] done in 3ms @ http://localhost:3025/_next/static/chunks/node_modules_next_dist_1e8vcs8._.js:776
[   44934ms] [LOG] [Fast Refresh] done in 3ms @ http://localhost:3025/_next/static/chunks/node_modules_next_dist_1e8vcs8._.js:776
[   44983ms] [LOG] [Fast Refresh] done in 3ms @ http://localhost:3025/_next/static/chunks/node_modules_next_dist_1e8vcs8._.js:776
[   45030ms] [LOG] [Fast Refresh] done in 3ms @ http://localhost:3025/_next/static/chunks/node_modules_next_dist_1e8vcs8._.js:776
[   45077ms] [LOG] [Fast Refresh] done in 3ms @ http://localhost:3025/_next/static/chunks/node_modules_next_dist_1e8vcs8._.js:776
[   45127ms] [LOG] [Fast Refresh] done in 3ms @ http://localhost:3025/_next/static/chunks/node_modules_next_dist_1e8vcs8._.js:776
[   45174ms] [LOG] [Fast Refresh] done in 3ms @ http://localhost:3025/_next/static/chunks/node_modules_next_dist_1e8vcs8._.js:776
[   45223ms] [LOG] [Fast Refresh] done in 3ms @ http://localhost:3025/_next/static/chunks/node_modules_next_dist_1e8vcs8._.js:776
[   45273ms] [LOG] [Fast Refresh] done in 3ms @ http://localhost:3025/_next/static/chunks/node_modules_next_dist_1e8vcs8._.js:776
[   45322ms] [LOG] [Fast Refresh] done in 3ms @ http://localhost:3025/_next/static/chunks/node_modules_next_dist_1e8vcs8._.js:776
[   45370ms] [LOG] [Fast Refresh] done in 3ms @ http://localhost:3025/_next/static/chunks/node_modules_next_dist_1e8vcs8._.js:776
[   45418ms] [LOG] [Fast Refresh] done in 3ms @ http://localhost:3025/_next/static/chunks/node_modules_next_dist_1e8vcs8._.js:776
[   45468ms] [LOG] [Fast Refresh] done in 3ms @ http://localhost:3025/_next/static/chunks/node_modules_next_dist_1e8vcs8._.js:776
[   45517ms] [LOG] [Fast Refresh] done in 3ms @ http://localhost:3025/_next/static/chunks/node_modules_next_dist_1e8vcs8._.js:776
[   45566ms] [LOG] [Fast Refresh] done in 3ms @ http://localhost:3025/_next/static/chunks/node_modules_next_dist_1e8vcs8._.js:776
[   45615ms] [LOG] [Fast Refresh] done in 3ms @ http://localhost:3025/_next/static/chunks/node_modules_next_dist_1e8vcs8._.js:776
[   45663ms] [LOG] [Fast Refresh] done in 3ms @ http://localhost:3025/_next/static/chunks/node_modules_next_dist_1e8vcs8._.js:776
[   45712ms] [LOG] [Fast Refresh] done in 3ms @ http://localhost:3025/_next/static/chunks/node_modules_next_dist_1e8vcs8._.js:776
[   45760ms] [LOG] [Fast Refresh] done in 3ms @ http://localhost:3025/_next/static/chunks/node_modules_next_dist_1e8vcs8._.js:776
[   45809ms] [LOG] [Fast Refresh] done in 3ms @ http://localhost:3025/_next/static/chunks/node_modules_next_dist_1e8vcs8._.js:776
[   45858ms] [LOG] [Fast Refresh] done in 3ms @ http://localhost:3025/_next/static/chunks/node_modules_next_dist_1e8vcs8._.js:776
[   45907ms] [LOG] [Fast Refresh] done in 3ms @ http://localhost:3025/_next/static/chunks/node_modules_next_dist_1e8vcs8._.js:776
[   45956ms] [LOG] [Fast Refresh] done in 3ms @ http://localhost:3025/_next/static/chunks/node_modules_next_dist_1e8vcs8._.js:776
[   46005ms] [LOG] [Fast Refresh] done in 3ms @ http://localhost:3025/_next/static/chunks/node_modules_next_dist_1e8vcs8._.js:776
[   46054ms] [LOG] [Fast Refresh] done in 3ms @ http://localhost:3025/_next/static/chunks/node_modules_next_dist_1e8vcs8._.js:776
[   46100ms] [LOG] [Fast Refresh] done in 3ms @ http://localhost:3025/_next/static/chunks/node_modules_next_dist_1e8vcs8._.js:776
[   46147ms] [LOG] [Fast Refresh] done in 3ms @ http://localhost:3025/_next/static/chunks/node_modules_next_dist_1e8vcs8._.js:776
[   46193ms] [LOG] [Fast Refresh] done in 3ms @ http://localhost:3025/_next/static/chunks/node_modules_next_dist_1e8vcs8._.js:776
[   46233ms] [LOG] [Fast Refresh] done in 3ms @ http://localhost:3025/_next/static/chunks/node_modules_next_dist_1e8vcs8._.js:776
[   46282ms] [LOG] [Fast Refresh] done in 3ms @ http://localhost:3025/_next/static/chunks/node_modules_next_dist_1e8vcs8._.js:776
[   46329ms] [LOG] [Fast Refresh] done in 3ms @ http://localhost:3025/_next/static/chunks/node_modules_next_dist_1e8vcs8._.js:776
[   46376ms] [LOG] [Fast Refresh] done in 3ms @ http://localhost:3025/_next/static/chunks/node_modules_next_dist_1e8vcs8._.js:776
[   46424ms] [LOG] [Fast Refresh] done in 3ms @ http://localhost:3025/_next/static/chunks/node_modules_next_dist_1e8vcs8._.js:776
[   46472ms] [LOG] [Fast Refresh] done in 3ms @ http://localhost:3025/_next/static/chunks/node_modules_next_dist_1e8vcs8._.js:776
[   46520ms] [LOG] [Fast Refresh] done in 3ms @ http://localhost:3025/_next/static/chunks/node_modules_next_dist_1e8vcs8._.js:776
[   46569ms] [LOG] [Fast Refresh] done in 3ms @ http://localhost:3025/_next/static/chunks/node_modules_next_dist_1e8vcs8._.js:776
[   46618ms] [LOG] [Fast Refresh] done in 3ms @ http://localhost:3025/_next/static/chunks/node_modules_next_dist_1e8vcs8._.js:776
[   46666ms] [LOG] [Fast Refresh] done in 3ms @ http://localhost:3025/_next/static/chunks/node_modules_next_dist_1e8vcs8._.js:776
[   46714ms] [LOG] [Fast Refresh] done in 3ms @ http://localhost:3025/_next/static/chunks/node_modules_next_dist_1e8vcs8._.js:776
[   46761ms] [LOG] [Fast Refresh] done in 3ms @ http://localhost:3025/_next/static/chunks/node_modules_next_dist_1e8vcs8._.js:776
[   46811ms] [LOG] [Fast Refresh] done in 3ms @ http://localhost:3025/_next/static/chunks/node_modules_next_dist_1e8vcs8._.js:776
[   46860ms] [LOG] [Fast Refresh] done in 3ms @ http://localhost:3025/_next/static/chunks/node_modules_next_dist_1e8vcs8._.js:776
[   46910ms] [LOG] [Fast Refresh] done in 3ms @ http://localhost:3025/_next/static/chunks/node_modules_next_dist_1e8vcs8._.js:776
[   46961ms] [LOG] [Fast Refresh] done in 3ms @ http://localhost:3025/_next/static/chunks/node_modules_next_dist_1e8vcs8._.js:776
[   47011ms] [LOG] [Fast Refresh] done in 3ms @ http://localhost:3025/_next/static/chunks/node_modules_next_dist_1e8vcs8._.js:776
[   47062ms] [LOG] [Fast Refresh] done in 3ms @ http://localhost:3025/_next/static/chunks/node_modules_next_dist_1e8vcs8._.js:776
[   47111ms] [LOG] [Fast Refresh] done in 3ms @ http://localhost:3025/_next/static/chunks/node_modules_next_dist_1e8vcs8._.js:776
[   47160ms] [LOG] [Fast Refresh] done in 3ms @ http://localhost:3025/_next/static/chunks/node_modules_next_dist_1e8vcs8._.js:776
[   47209ms] [LOG] [Fast Refresh] done in 3ms @ http://localhost:3025/_next/static/chunks/node_modules_next_dist_1e8vcs8._.js:776
[   47257ms] [LOG] [Fast Refresh] done in 3ms @ http://localhost:3025/_next/static/chunks/node_modules_next_dist_1e8vcs8._.js:776
[   47306ms] [LOG] [Fast Refresh] done in 3ms @ http://localhost:3025/_next/static/chunks/node_modules_next_dist_1e8vcs8._.js:776
[   47355ms] [LOG] [Fast Refresh] done in 3ms @ http://localhost:3025/_next/static/chunks/node_modules_next_dist_1e8vcs8._.js:776
[   47403ms] [LOG] [Fast Refresh] done in 3ms @ http://localhost:3025/_next/static/chunks/node_modules_next_dist_1e8vcs8._.js:776
[   47452ms] [LOG] [Fast Refresh] done in 3ms @ http://localhost:3025/_next/static/chunks/node_modules_next_dist_1e8vcs8._.js:776
[   47501ms] [LOG] [Fast Refresh] done in 3ms @ http://localhost:3025/_next/static/chunks/node_modules_next_dist_1e8vcs8._.js:776
[   47549ms] [LOG] [Fast Refresh] done in 3ms @ http://localhost:3025/_next/static/chunks/node_modules_next_dist_1e8vcs8._.js:776
[   47597ms] [LOG] [Fast Refresh] done in 3ms @ http://localhost:3025/_next/static/chunks/node_modules_next_dist_1e8vcs8._.js:776
[   47645ms] [LOG] [Fast Refresh] done in 3ms @ http://localhost:3025/_next/static/chunks/node_modules_next_dist_1e8vcs8._.js:776
[   47694ms] [LOG] [Fast Refresh] done in 3ms @ http://localhost:3025/_next/static/chunks/node_modules_next_dist_1e8vcs8._.js:776
[   47744ms] [LOG] [Fast Refresh] done in 3ms @ http://localhost:3025/_next/static/chunks/node_modules_next_dist_1e8vcs8._.js:776
[   47794ms] [LOG] [Fast Refresh] done in 3ms @ http://localhost:3025/_next/static/chunks/node_modules_next_dist_1e8vcs8._.js:776
[   47843ms] [LOG] [Fast Refresh] done in 3ms @ http://localhost:3025/_next/static/chunks/node_modules_next_dist_1e8vcs8._.js:776
[   47889ms] [LOG] [Fast Refresh] done in 3ms @ http://localhost:3025/_next/static/chunks/node_modules_next_dist_1e8vcs8._.js:776
[   47935ms] [LOG] [Fast Refresh] done in 3ms @ http://localhost:3025/_next/static/chunks/node_modules_next_dist_1e8vcs8._.js:776
[   47978ms] [LOG] [Fast Refresh] done in 3ms @ http://localhost:3025/_next/static/chunks/node_modules_next_dist_1e8vcs8._.js:776
[   48026ms] [LOG] [Fast Refresh] done in 3ms @ http://localhost:3025/_next/static/chunks/node_modules_next_dist_1e8vcs8._.js:776
[   48075ms] [LOG] [Fast Refresh] done in 3ms @ http://localhost:3025/_next/static/chunks/node_modules_next_dist_1e8vcs8._.js:776
[   48124ms] [LOG] [Fast Refresh] done in 3ms @ http://localhost:3025/_next/static/chunks/node_modules_next_dist_1e8vcs8._.js:776
[   48170ms] [LOG] [Fast Refresh] done in 3ms @ http://localhost:3025/_next/static/chunks/node_modules_next_dist_1e8vcs8._.js:776
[   48210ms] [LOG] [Fast Refresh] done in 3ms @ http://localhost:3025/_next/static/chunks/node_modules_next_dist_1e8vcs8._.js:776
[   48257ms] [LOG] [Fast Refresh] done in 3ms @ http://localhost:3025/_next/static/chunks/node_modules_next_dist_1e8vcs8._.js:776
[   48303ms] [LOG] [Fast Refresh] done in 3ms @ http://localhost:3025/_next/static/chunks/node_modules_next_dist_1e8vcs8._.js:776
[   48340ms] [LOG] [Fast Refresh] done in 3ms @ http://localhost:3025/_next/static/chunks/node_modules_next_dist_1e8vcs8._.js:776
[   48387ms] [LOG] [Fast Refresh] done in 3ms @ http://localhost:3025/_next/static/chunks/node_modules_next_dist_1e8vcs8._.js:776
[   48435ms] [LOG] [Fast Refresh] done in 3ms @ http://localhost:3025/_next/static/chunks/node_modules_next_dist_1e8vcs8._.js:776
[   48483ms] [LOG] [Fast Refresh] done in 3ms @ http://localhost:3025/_next/static/chunks/node_modules_next_dist_1e8vcs8._.js:776
[   48531ms] [LOG] [Fast Refresh] done in 3ms @ http://localhost:3025/_next/static/chunks/node_modules_next_dist_1e8vcs8._.js:776
[   48581ms] [LOG] [Fast Refresh] done in 3ms @ http://localhost:3025/_next/static/chunks/node_modules_next_dist_1e8vcs8._.js:776
[   48631ms] [LOG] [Fast Refresh] done in 3ms @ http://localhost:3025/_next/static/chunks/node_modules_next_dist_1e8vcs8._.js:776
[   48680ms] [LOG] [Fast Refresh] done in 3ms @ http://localhost:3025/_next/static/chunks/node_modules_next_dist_1e8vcs8._.js:776
[   48728ms] [LOG] [Fast Refresh] done in 3ms @ http://localhost:3025/_next/static/chunks/node_modules_next_dist_1e8vcs8._.js:776
[   48776ms] [LOG] [Fast Refresh] done in 3ms @ http://localhost:3025/_next/static/chunks/node_modules_next_dist_1e8vcs8._.js:776
[   48824ms] [LOG] [Fast Refresh] done in 3ms @ http://localhost:3025/_next/static/chunks/node_modules_next_dist_1e8vcs8._.js:776
[   48871ms] [LOG] [Fast Refresh] done in 3ms @ http://localhost:3025/_next/static/chunks/node_modules_next_dist_1e8vcs8._.js:776
[   48917ms] [LOG] [Fast Refresh] done in 3ms @ http://localhost:3025/_next/static/chunks/node_modules_next_dist_1e8vcs8._.js:776
[   48963ms] [LOG] [Fast Refresh] done in 3ms @ http://localhost:3025/_next/static/chunks/node_modules_next_dist_1e8vcs8._.js:776
[   49011ms] [LOG] [Fast Refresh] done in 3ms @ http://localhost:3025/_next/static/chunks/node_modules_next_dist_1e8vcs8._.js:776
[   49060ms] [LOG] [Fast Refresh] done in 3ms @ http://localhost:3025/_next/static/chunks/node_modules_next_dist_1e8vcs8._.js:776
[   49107ms] [LOG] [Fast Refresh] done in 3ms @ http://localhost:3025/_next/static/chunks/node_modules_next_dist_1e8vcs8._.js:776
[   49154ms] [LOG] [Fast Refresh] done in 3ms @ http://localhost:3025/_next/static/chunks/node_modules_next_dist_1e8vcs8._.js:776
[   49200ms] [LOG] [Fast Refresh] done in 3ms @ http://localhost:3025/_next/static/chunks/node_modules_next_dist_1e8vcs8._.js:776
[   49245ms] [LOG] [Fast Refresh] done in 3ms @ http://localhost:3025/_next/static/chunks/node_modules_next_dist_1e8vcs8._.js:776
[   49291ms] [LOG] [Fast Refresh] done in 3ms @ http://localhost:3025/_next/static/chunks/node_modules_next_dist_1e8vcs8._.js:776
[   49337ms] [LOG] [Fast Refresh] done in 3ms @ http://localhost:3025/_next/static/chunks/node_modules_next_dist_1e8vcs8._.js:776
[   49383ms] [LOG] [Fast Refresh] done in 3ms @ http://localhost:3025/_next/static/chunks/node_modules_next_dist_1e8vcs8._.js:776
[   49429ms] [LOG] [Fast Refresh] done in 3ms @ http://localhost:3025/_next/static/chunks/node_modules_next_dist_1e8vcs8._.js:776
[   49477ms] [LOG] [Fast Refresh] done in 3ms @ http://localhost:3025/_next/static/chunks/node_modules_next_dist_1e8vcs8._.js:776
[   49525ms] [LOG] [Fast Refresh] done in 3ms @ http://localhost:3025/_next/static/chunks/node_modules_next_dist_1e8vcs8._.js:776
[   49574ms] [LOG] [Fast Refresh] done in 3ms @ http://localhost:3025/_next/static/chunks/node_modules_next_dist_1e8vcs8._.js:776
[   49620ms] [LOG] [Fast Refresh] done in 3ms @ http://localhost:3025/_next/static/chunks/node_modules_next_dist_1e8vcs8._.js:776
[   49666ms] [LOG] [Fast Refresh] done in 3ms @ http://localhost:3025/_next/static/chunks/node_modules_next_dist_1e8vcs8._.js:776
[   49712ms] [LOG] [Fast Refresh] done in 3ms @ http://localhost:3025/_next/static/chunks/node_modules_next_dist_1e8vcs8._.js:776
[   49758ms] [LOG] [Fast Refresh] done in 3ms @ http://localhost:3025/_next/static/chunks/node_modules_next_dist_1e8vcs8._.js:776
[   49805ms] [LOG] [Fast Refresh] done in 3ms @ http://localhost:3025/_next/static/chunks/node_modules_next_dist_1e8vcs8._.js:776
[   49853ms] [LOG] [Fast Refresh] done in 3ms @ http://localhost:3025/_next/static/chunks/node_modules_next_dist_1e8vcs8._.js:776
[   49901ms] [LOG] [Fast Refresh] done in 3ms @ http://localhost:3025/_next/static/chunks/node_modules_next_dist_1e8vcs8._.js:776
[   49949ms] [LOG] [Fast Refresh] done in 3ms @ http://localhost:3025/_next/static/chunks/node_modules_next_dist_1e8vcs8._.js:776
[   49997ms] [LOG] [Fast Refresh] done in 3ms @ http://localhost:3025/_next/static/chunks/node_modules_next_dist_1e8vcs8._.js:776
[   50046ms] [LOG] [Fast Refresh] done in 3ms @ http://localhost:3025/_next/static/chunks/node_modules_next_dist_1e8vcs8._.js:776
[   50096ms] [LOG] [Fast Refresh] done in 3ms @ http://localhost:3025/_next/static/chunks/node_modules_next_dist_1e8vcs8._.js:776
[   50144ms] [LOG] [Fast Refresh] done in 3ms @ http://localhost:3025/_next/static/chunks/node_modules_next_dist_1e8vcs8._.js:776
[   50192ms] [LOG] [Fast Refresh] done in 3ms @ http://localhost:3025/_next/static/chunks/node_modules_next_dist_1e8vcs8._.js:776
[   50241ms] [LOG] [Fast Refresh] done in 3ms @ http://localhost:3025/_next/static/chunks/node_modules_next_dist_1e8vcs8._.js:776
[   50288ms] [LOG] [Fast Refresh] done in 3ms @ http://localhost:3025/_next/static/chunks/node_modules_next_dist_1e8vcs8._.js:776
[   50334ms] [LOG] [Fast Refresh] done in 3ms @ http://localhost:3025/_next/static/chunks/node_modules_next_dist_1e8vcs8._.js:776
[   50382ms] [LOG] [Fast Refresh] done in 3ms @ http://localhost:3025/_next/static/chunks/node_modules_next_dist_1e8vcs8._.js:776
[   50420ms] [LOG] [Fast Refresh] done in 3ms @ http://localhost:3025/_next/static/chunks/node_modules_next_dist_1e8vcs8._.js:776
[   50468ms] [LOG] [Fast Refresh] done in 3ms @ http://localhost:3025/_next/static/chunks/node_modules_next_dist_1e8vcs8._.js:776
[   50514ms] [LOG] [Fast Refresh] done in 3ms @ http://localhost:3025/_next/static/chunks/node_modules_next_dist_1e8vcs8._.js:776
[   50562ms] [LOG] [Fast Refresh] done in 3ms @ http://localhost:3025/_next/static/chunks/node_modules_next_dist_1e8vcs8._.js:776
[   50610ms] [LOG] [Fast Refresh] done in 3ms @ http://localhost:3025/_next/static/chunks/node_modules_next_dist_1e8vcs8._.js:776
[   50657ms] [LOG] [Fast Refresh] done in 3ms @ http://localhost:3025/_next/static/chunks/node_modules_next_dist_1e8vcs8._.js:776
[   50706ms] [LOG] [Fast Refresh] done in 3ms @ http://localhost:3025/_next/static/chunks/node_modules_next_dist_1e8vcs8._.js:776
[   50754ms] [LOG] [Fast Refresh] done in 3ms @ http://localhost:3025/_next/static/chunks/node_modules_next_dist_1e8vcs8._.js:776
[   50803ms] [LOG] [Fast Refresh] done in 3ms @ http://localhost:3025/_next/static/chunks/node_modules_next_dist_1e8vcs8._.js:776
[   50852ms] [LOG] [Fast Refresh] done in 3ms @ http://localhost:3025/_next/static/chunks/node_modules_next_dist_1e8vcs8._.js:776
[   50898ms] [LOG] [Fast Refresh] done in 3ms @ http://localhost:3025/_next/static/chunks/node_modules_next_dist_1e8vcs8._.js:776
[   50944ms] [LOG] [Fast Refresh] done in 3ms @ http://localhost:3025/_next/static/chunks/node_modules_next_dist_1e8vcs8._.js:776
[   50989ms] [LOG] [Fast Refresh] done in 3ms @ http://localhost:3025/_next/static/chunks/node_modules_next_dist_1e8vcs8._.js:776
[   51035ms] [LOG] [Fast Refresh] done in 3ms @ http://localhost:3025/_next/static/chunks/node_modules_next_dist_1e8vcs8._.js:776
[   51081ms] [LOG] [Fast Refresh] done in 3ms @ http://localhost:3025/_next/static/chunks/node_modules_next_dist_1e8vcs8._.js:776
[   51127ms] [LOG] [Fast Refresh] done in 3ms @ http://localhost:3025/_next/static/chunks/node_modules_next_dist_1e8vcs8._.js:776
[   51172ms] [LOG] [Fast Refresh] done in 3ms @ http://localhost:3025/_next/static/chunks/node_modules_next_dist_1e8vcs8._.js:776
[   51217ms] [LOG] [Fast Refresh] done in 3ms @ http://localhost:3025/_next/static/chunks/node_modules_next_dist_1e8vcs8._.js:776
[   51263ms] [LOG] [Fast Refresh] done in 3ms @ http://localhost:3025/_next/static/chunks/node_modules_next_dist_1e8vcs8._.js:776
[   51309ms] [LOG] [Fast Refresh] done in 3ms @ http://localhost:3025/_next/static/chunks/node_modules_next_dist_1e8vcs8._.js:776
[   51354ms] [LOG] [Fast Refresh] done in 3ms @ http://localhost:3025/_next/static/chunks/node_modules_next_dist_1e8vcs8._.js:776
[   51399ms] [LOG] [Fast Refresh] done in 3ms @ http://localhost:3025/_next/static/chunks/node_modules_next_dist_1e8vcs8._.js:776
[   51446ms] [LOG] [Fast Refresh] done in 3ms @ http://localhost:3025/_next/static/chunks/node_modules_next_dist_1e8vcs8._.js:776
[   51483ms] [LOG] [Fast Refresh] done in 3ms @ http://localhost:3025/_next/static/chunks/node_modules_next_dist_1e8vcs8._.js:776
[   51521ms] [LOG] [Fast Refresh] rebuilding @ http://localhost:3025/_next/static/chunks/node_modules_next_dist_1e8vcs8._.js:776
[   51590ms] [LOG] [Fast Refresh] done in 8ms @ http://localhost:3025/_next/static/chunks/node_modules_next_dist_1e8vcs8._.js:776
[   51648ms] [LOG] [Fast Refresh] done in 8ms @ http://localhost:3025/_next/static/chunks/node_modules_next_dist_1e8vcs8._.js:776
[   51695ms] [LOG] [Fast Refresh] done in 8ms @ http://localhost:3025/_next/static/chunks/node_modules_next_dist_1e8vcs8._.js:776
[   51731ms] [LOG] [Fast Refresh] done in 8ms @ http://localhost:3025/_next/static/chunks/node_modules_next_dist_1e8vcs8._.js:776
[   51776ms] [LOG] [Fast Refresh] done in 8ms @ http://localhost:3025/_next/static/chunks/node_modules_next_dist_1e8vcs8._.js:776
[   51822ms] [LOG] [Fast Refresh] done in 8ms @ http://localhost:3025/_next/static/chunks/node_modules_next_dist_1e8vcs8._.js:776
[   51867ms] [LOG] [Fast Refresh] done in 8ms @ http://localhost:3025/_next/static/chunks/node_modules_next_dist_1e8vcs8._.js:776
[   51913ms] [LOG] [Fast Refresh] done in 8ms @ http://localhost:3025/_next/static/chunks/node_modules_next_dist_1e8vcs8._.js:776
[   51959ms] [LOG] [Fast Refresh] done in 8ms @ http://localhost:3025/_next/static/chunks/node_modules_next_dist_1e8vcs8._.js:776
[   52004ms] [LOG] [Fast Refresh] done in 8ms @ http://localhost:3025/_next/static/chunks/node_modules_next_dist_1e8vcs8._.js:776
[   52049ms] [LOG] [Fast Refresh] done in 8ms @ http://localhost:3025/_next/static/chunks/node_modules_next_dist_1e8vcs8._.js:776
[   52096ms] [LOG] [Fast Refresh] done in 8ms @ http://localhost:3025/_next/static/chunks/node_modules_next_dist_1e8vcs8._.js:776
[   52142ms] [LOG] [Fast Refresh] done in 8ms @ http://localhost:3025/_next/static/chunks/node_modules_next_dist_1e8vcs8._.js:776
[   52188ms] [LOG] [Fast Refresh] done in 8ms @ http://localhost:3025/_next/static/chunks/node_modules_next_dist_1e8vcs8._.js:776
[   52234ms] [LOG] [Fast Refresh] done in 8ms @ http://localhost:3025/_next/static/chunks/node_modules_next_dist_1e8vcs8._.js:776
[   52280ms] [LOG] [Fast Refresh] done in 8ms @ http://localhost:3025/_next/static/chunks/node_modules_next_dist_1e8vcs8._.js:776
[   52325ms] [LOG] [Fast Refresh] done in 8ms @ http://localhost:3025/_next/static/chunks/node_modules_next_dist_1e8vcs8._.js:776
[   52369ms] [LOG] [Fast Refresh] done in 8ms @ http://localhost:3025/_next/static/chunks/node_modules_next_dist_1e8vcs8._.js:776
[   52415ms] [LOG] [Fast Refresh] done in 8ms @ http://localhost:3025/_next/static/chunks/node_modules_next_dist_1e8vcs8._.js:776
[   52461ms] [LOG] [Fast Refresh] done in 8ms @ http://localhost:3025/_next/static/chunks/node_modules_next_dist_1e8vcs8._.js:776
[   52507ms] [LOG] [Fast Refresh] done in 8ms @ http://localhost:3025/_next/static/chunks/node_modules_next_dist_1e8vcs8._.js:776
[   52553ms] [LOG] [Fast Refresh] done in 8ms @ http://localhost:3025/_next/static/chunks/node_modules_next_dist_1e8vcs8._.js:776
[   52589ms] [LOG] [Fast Refresh] done in 8ms @ http://localhost:3025/_next/static/chunks/node_modules_next_dist_1e8vcs8._.js:776
[   52635ms] [LOG] [Fast Refresh] done in 8ms @ http://localhost:3025/_next/static/chunks/node_modules_next_dist_1e8vcs8._.js:776
[   52683ms] [LOG] [Fast Refresh] done in 8ms @ http://localhost:3025/_next/static/chunks/node_modules_next_dist_1e8vcs8._.js:776
[   52729ms] [LOG] [Fast Refresh] done in 8ms @ http://localhost:3025/_next/static/chunks/node_modules_next_dist_1e8vcs8._.js:776
[   52776ms] [LOG] [Fast Refresh] done in 8ms @ http://localhost:3025/_next/static/chunks/node_modules_next_dist_1e8vcs8._.js:776
[   52817ms] [LOG] [Fast Refresh] done in 8ms @ http://localhost:3025/_next/static/chunks/node_modules_next_dist_1e8vcs8._.js:776
[   52863ms] [LOG] [Fast Refresh] done in 8ms @ http://localhost:3025/_next/static/chunks/node_modules_next_dist_1e8vcs8._.js:776
[   52906ms] [LOG] [Fast Refresh] done in 8ms @ http://localhost:3025/_next/static/chunks/node_modules_next_dist_1e8vcs8._.js:776
[   52953ms] [LOG] [Fast Refresh] done in 8ms @ http://localhost:3025/_next/static/chunks/node_modules_next_dist_1e8vcs8._.js:776
[   53000ms] [LOG] [Fast Refresh] done in 8ms @ http://localhost:3025/_next/static/chunks/node_modules_next_dist_1e8vcs8._.js:776
[   53046ms] [LOG] [Fast Refresh] done in 8ms @ http://localhost:3025/_next/static/chunks/node_modules_next_dist_1e8vcs8._.js:776
[   53094ms] [LOG] [Fast Refresh] done in 8ms @ http://localhost:3025/_next/static/chunks/node_modules_next_dist_1e8vcs8._.js:776
[   53141ms] [LOG] [Fast Refresh] done in 8ms @ http://localhost:3025/_next/static/chunks/node_modules_next_dist_1e8vcs8._.js:776
[   53187ms] [LOG] [Fast Refresh] done in 8ms @ http://localhost:3025/_next/static/chunks/node_modules_next_dist_1e8vcs8._.js:776
[   53235ms] [LOG] [Fast Refresh] done in 8ms @ http://localhost:3025/_next/static/chunks/node_modules_next_dist_1e8vcs8._.js:776
[   53283ms] [LOG] [Fast Refresh] done in 8ms @ http://localhost:3025/_next/static/chunks/node_modules_next_dist_1e8vcs8._.js:776
[   53331ms] [LOG] [Fast Refresh] done in 8ms @ http://localhost:3025/_next/static/chunks/node_modules_next_dist_1e8vcs8._.js:776
[   53379ms] [LOG] [Fast Refresh] done in 8ms @ http://localhost:3025/_next/static/chunks/node_modules_next_dist_1e8vcs8._.js:776
[   53427ms] [LOG] [Fast Refresh] done in 8ms @ http://localhost:3025/_next/static/chunks/node_modules_next_dist_1e8vcs8._.js:776
[   53475ms] [LOG] [Fast Refresh] done in 8ms @ http://localhost:3025/_next/static/chunks/node_modules_next_dist_1e8vcs8._.js:776
[   53524ms] [LOG] [Fast Refresh] done in 8ms @ http://localhost:3025/_next/static/chunks/node_modules_next_dist_1e8vcs8._.js:776
[   53572ms] [LOG] [Fast Refresh] done in 8ms @ http://localhost:3025/_next/static/chunks/node_modules_next_dist_1e8vcs8._.js:776
[   53622ms] [LOG] [Fast Refresh] done in 8ms @ http://localhost:3025/_next/static/chunks/node_modules_next_dist_1e8vcs8._.js:776
[   53672ms] [LOG] [Fast Refresh] done in 8ms @ http://localhost:3025/_next/static/chunks/node_modules_next_dist_1e8vcs8._.js:776
[   53722ms] [LOG] [Fast Refresh] done in 8ms @ http://localhost:3025/_next/static/chunks/node_modules_next_dist_1e8vcs8._.js:776
[   53770ms] [LOG] [Fast Refresh] done in 8ms @ http://localhost:3025/_next/static/chunks/node_modules_next_dist_1e8vcs8._.js:776
[   53819ms] [LOG] [Fast Refresh] done in 8ms @ http://localhost:3025/_next/static/chunks/node_modules_next_dist_1e8vcs8._.js:776
[   53870ms] [LOG] [Fast Refresh] done in 8ms @ http://localhost:3025/_next/static/chunks/node_modules_next_dist_1e8vcs8._.js:776
[   53919ms] [LOG] [Fast Refresh] done in 8ms @ http://localhost:3025/_next/static/chunks/node_modules_next_dist_1e8vcs8._.js:776
[   53968ms] [LOG] [Fast Refresh] done in 8ms @ http://localhost:3025/_next/static/chunks/node_modules_next_dist_1e8vcs8._.js:776
[   54016ms] [LOG] [Fast Refresh] done in 8ms @ http://localhost:3025/_next/static/chunks/node_modules_next_dist_1e8vcs8._.js:776
[   54065ms] [LOG] [Fast Refresh] done in 8ms @ http://localhost:3025/_next/static/chunks/node_modules_next_dist_1e8vcs8._.js:776
[   54114ms] [LOG] [Fast Refresh] done in 8ms @ http://localhost:3025/_next/static/chunks/node_modules_next_dist_1e8vcs8._.js:776
[   54162ms] [LOG] [Fast Refresh] done in 8ms @ http://localhost:3025/_next/static/chunks/node_modules_next_dist_1e8vcs8._.js:776
[   54210ms] [LOG] [Fast Refresh] done in 8ms @ http://localhost:3025/_next/static/chunks/node_modules_next_dist_1e8vcs8._.js:776
[   54259ms] [LOG] [Fast Refresh] done in 8ms @ http://localhost:3025/_next/static/chunks/node_modules_next_dist_1e8vcs8._.js:776
[   54309ms] [LOG] [Fast Refresh] done in 8ms @ http://localhost:3025/_next/static/chunks/node_modules_next_dist_1e8vcs8._.js:776
[   54358ms] [LOG] [Fast Refresh] done in 8ms @ http://localhost:3025/_next/static/chunks/node_modules_next_dist_1e8vcs8._.js:776
[   54407ms] [LOG] [Fast Refresh] done in 8ms @ http://localhost:3025/_next/static/chunks/node_modules_next_dist_1e8vcs8._.js:776
[   54456ms] [LOG] [Fast Refresh] done in 8ms @ http://localhost:3025/_next/static/chunks/node_modules_next_dist_1e8vcs8._.js:776
[   54505ms] [LOG] [Fast Refresh] done in 8ms @ http://localhost:3025/_next/static/chunks/node_modules_next_dist_1e8vcs8._.js:776
[   54554ms] [LOG] [Fast Refresh] done in 8ms @ http://localhost:3025/_next/static/chunks/node_modules_next_dist_1e8vcs8._.js:776
[   54600ms] [LOG] [Fast Refresh] done in 8ms @ http://localhost:3025/_next/static/chunks/node_modules_next_dist_1e8vcs8._.js:776
[   54647ms] [LOG] [Fast Refresh] done in 8ms @ http://localhost:3025/_next/static/chunks/node_modules_next_dist_1e8vcs8._.js:776
[   54696ms] [LOG] [Fast Refresh] done in 8ms @ http://localhost:3025/_next/static/chunks/node_modules_next_dist_1e8vcs8._.js:776
[   54746ms] [LOG] [Fast Refresh] done in 8ms @ http://localhost:3025/_next/static/chunks/node_modules_next_dist_1e8vcs8._.js:776
[   54794ms] [LOG] [Fast Refresh] done in 8ms @ http://localhost:3025/_next/static/chunks/node_modules_next_dist_1e8vcs8._.js:776
[   54843ms] [LOG] [Fast Refresh] done in 8ms @ http://localhost:3025/_next/static/chunks/node_modules_next_dist_1e8vcs8._.js:776
[   54892ms] [LOG] [Fast Refresh] done in 8ms @ http://localhost:3025/_next/static/chunks/node_modules_next_dist_1e8vcs8._.js:776
[   54942ms] [LOG] [Fast Refresh] done in 8ms @ http://localhost:3025/_next/static/chunks/node_modules_next_dist_1e8vcs8._.js:776
[   54990ms] [LOG] [Fast Refresh] done in 8ms @ http://localhost:3025/_next/static/chunks/node_modules_next_dist_1e8vcs8._.js:776
[   55038ms] [LOG] [Fast Refresh] done in 8ms @ http://localhost:3025/_next/static/chunks/node_modules_next_dist_1e8vcs8._.js:776
[   55086ms] [LOG] [Fast Refresh] done in 8ms @ http://localhost:3025/_next/static/chunks/node_modules_next_dist_1e8vcs8._.js:776
[   55134ms] [LOG] [Fast Refresh] done in 8ms @ http://localhost:3025/_next/static/chunks/node_modules_next_dist_1e8vcs8._.js:776
[   55181ms] [LOG] [Fast Refresh] done in 8ms @ http://localhost:3025/_next/static/chunks/node_modules_next_dist_1e8vcs8._.js:776
[   55230ms] [LOG] [Fast Refresh] done in 8ms @ http://localhost:3025/_next/static/chunks/node_modules_next_dist_1e8vcs8._.js:776
[   55280ms] [LOG] [Fast Refresh] done in 8ms @ http://localhost:3025/_next/static/chunks/node_modules_next_dist_1e8vcs8._.js:776
[   55330ms] [LOG] [Fast Refresh] done in 8ms @ http://localhost:3025/_next/static/chunks/node_modules_next_dist_1e8vcs8._.js:776
[   55378ms] [LOG] [Fast Refresh] done in 8ms @ http://localhost:3025/_next/static/chunks/node_modules_next_dist_1e8vcs8._.js:776
[   55427ms] [LOG] [Fast Refresh] done in 8ms @ http://localhost:3025/_next/static/chunks/node_modules_next_dist_1e8vcs8._.js:776
[   55476ms] [LOG] [Fast Refresh] done in 8ms @ http://localhost:3025/_next/static/chunks/node_modules_next_dist_1e8vcs8._.js:776
[   55525ms] [LOG] [Fast Refresh] done in 8ms @ http://localhost:3025/_next/static/chunks/node_modules_next_dist_1e8vcs8._.js:776
[   55573ms] [LOG] [Fast Refresh] done in 8ms @ http://localhost:3025/_next/static/chunks/node_modules_next_dist_1e8vcs8._.js:776
[   55621ms] [LOG] [Fast Refresh] done in 8ms @ http://localhost:3025/_next/static/chunks/node_modules_next_dist_1e8vcs8._.js:776
[   55670ms] [LOG] [Fast Refresh] done in 8ms @ http://localhost:3025/_next/static/chunks/node_modules_next_dist_1e8vcs8._.js:776
[   55719ms] [LOG] [Fast Refresh] done in 8ms @ http://localhost:3025/_next/static/chunks/node_modules_next_dist_1e8vcs8._.js:776
[   55768ms] [LOG] [Fast Refresh] done in 8ms @ http://localhost:3025/_next/static/chunks/node_modules_next_dist_1e8vcs8._.js:776
[   55817ms] [LOG] [Fast Refresh] done in 8ms @ http://localhost:3025/_next/static/chunks/node_modules_next_dist_1e8vcs8._.js:776
[   55865ms] [LOG] [Fast Refresh] done in 8ms @ http://localhost:3025/_next/static/chunks/node_modules_next_dist_1e8vcs8._.js:776
[   55914ms] [LOG] [Fast Refresh] done in 8ms @ http://localhost:3025/_next/static/chunks/node_modules_next_dist_1e8vcs8._.js:776
[   55962ms] [LOG] [Fast Refresh] done in 8ms @ http://localhost:3025/_next/static/chunks/node_modules_next_dist_1e8vcs8._.js:776
[   56011ms] [LOG] [Fast Refresh] done in 8ms @ http://localhost:3025/_next/static/chunks/node_modules_next_dist_1e8vcs8._.js:776
[   56060ms] [LOG] [Fast Refresh] done in 8ms @ http://localhost:3025/_next/static/chunks/node_modules_next_dist_1e8vcs8._.js:776
[   56108ms] [LOG] [Fast Refresh] done in 8ms @ http://localhost:3025/_next/static/chunks/node_modules_next_dist_1e8vcs8._.js:776
[   56156ms] [LOG] [Fast Refresh] done in 8ms @ http://localhost:3025/_next/static/chunks/node_modules_next_dist_1e8vcs8._.js:776
[   56205ms] [LOG] [Fast Refresh] done in 8ms @ http://localhost:3025/_next/static/chunks/node_modules_next_dist_1e8vcs8._.js:776
[   56254ms] [LOG] [Fast Refresh] done in 8ms @ http://localhost:3025/_next/static/chunks/node_modules_next_dist_1e8vcs8._.js:776
[   56303ms] [LOG] [Fast Refresh] done in 8ms @ http://localhost:3025/_next/static/chunks/node_modules_next_dist_1e8vcs8._.js:776
[   56350ms] [LOG] [Fast Refresh] done in 8ms @ http://localhost:3025/_next/static/chunks/node_modules_next_dist_1e8vcs8._.js:776
[   56397ms] [LOG] [Fast Refresh] done in 8ms @ http://localhost:3025/_next/static/chunks/node_modules_next_dist_1e8vcs8._.js:776
[   56444ms] [LOG] [Fast Refresh] done in 8ms @ http://localhost:3025/_next/static/chunks/node_modules_next_dist_1e8vcs8._.js:776
[   56492ms] [LOG] [Fast Refresh] done in 8ms @ http://localhost:3025/_next/static/chunks/node_modules_next_dist_1e8vcs8._.js:776
[   56540ms] [LOG] [Fast Refresh] done in 8ms @ http://localhost:3025/_next/static/chunks/node_modules_next_dist_1e8vcs8._.js:776
[   56590ms] [LOG] [Fast Refresh] done in 8ms @ http://localhost:3025/_next/static/chunks/node_modules_next_dist_1e8vcs8._.js:776
[   56639ms] [LOG] [Fast Refresh] done in 8ms @ http://localhost:3025/_next/static/chunks/node_modules_next_dist_1e8vcs8._.js:776
[   56688ms] [LOG] [Fast Refresh] done in 8ms @ http://localhost:3025/_next/static/chunks/node_modules_next_dist_1e8vcs8._.js:776
[   56736ms] [LOG] [Fast Refresh] done in 8ms @ http://localhost:3025/_next/static/chunks/node_modules_next_dist_1e8vcs8._.js:776
[   56785ms] [LOG] [Fast Refresh] done in 8ms @ http://localhost:3025/_next/static/chunks/node_modules_next_dist_1e8vcs8._.js:776
[   56833ms] [LOG] [Fast Refresh] done in 8ms @ http://localhost:3025/_next/static/chunks/node_modules_next_dist_1e8vcs8._.js:776
[   56880ms] [LOG] [Fast Refresh] done in 8ms @ http://localhost:3025/_next/static/chunks/node_modules_next_dist_1e8vcs8._.js:776
[   56928ms] [LOG] [Fast Refresh] done in 8ms @ http://localhost:3025/_next/static/chunks/node_modules_next_dist_1e8vcs8._.js:776
[   56975ms] [LOG] [Fast Refresh] done in 8ms @ http://localhost:3025/_next/static/chunks/node_modules_next_dist_1e8vcs8._.js:776
[   57024ms] [LOG] [Fast Refresh] done in 8ms @ http://localhost:3025/_next/static/chunks/node_modules_next_dist_1e8vcs8._.js:776
[   57073ms] [LOG] [Fast Refresh] done in 8ms @ http://localhost:3025/_next/static/chunks/node_modules_next_dist_1e8vcs8._.js:776
[   57122ms] [LOG] [Fast Refresh] done in 8ms @ http://localhost:3025/_next/static/chunks/node_modules_next_dist_1e8vcs8._.js:776
[   57170ms] [LOG] [Fast Refresh] done in 8ms @ http://localhost:3025/_next/static/chunks/node_modules_next_dist_1e8vcs8._.js:776
[   57218ms] [LOG] [Fast Refresh] done in 8ms @ http://localhost:3025/_next/static/chunks/node_modules_next_dist_1e8vcs8._.js:776
[   57266ms] [LOG] [Fast Refresh] done in 8ms @ http://localhost:3025/_next/static/chunks/node_modules_next_dist_1e8vcs8._.js:776
[   57315ms] [LOG] [Fast Refresh] done in 8ms @ http://localhost:3025/_next/static/chunks/node_modules_next_dist_1e8vcs8._.js:776
[   57364ms] [LOG] [Fast Refresh] done in 8ms @ http://localhost:3025/_next/static/chunks/node_modules_next_dist_1e8vcs8._.js:776
[   57414ms] [LOG] [Fast Refresh] done in 8ms @ http://localhost:3025/_next/static/chunks/node_modules_next_dist_1e8vcs8._.js:776
[   57461ms] [LOG] [Fast Refresh] done in 8ms @ http://localhost:3025/_next/static/chunks/node_modules_next_dist_1e8vcs8._.js:776
[   57507ms] [LOG] [Fast Refresh] done in 8ms @ http://localhost:3025/_next/static/chunks/node_modules_next_dist_1e8vcs8._.js:776
[   57555ms] [LOG] [Fast Refresh] done in 8ms @ http://localhost:3025/_next/static/chunks/node_modules_next_dist_1e8vcs8._.js:776
[   57603ms] [LOG] [Fast Refresh] done in 8ms @ http://localhost:3025/_next/static/chunks/node_modules_next_dist_1e8vcs8._.js:776
[   57651ms] [LOG] [Fast Refresh] done in 8ms @ http://localhost:3025/_next/static/chunks/node_modules_next_dist_1e8vcs8._.js:776
[   57699ms] [LOG] [Fast Refresh] done in 8ms @ http://localhost:3025/_next/static/chunks/node_modules_next_dist_1e8vcs8._.js:776
[   57749ms] [LOG] [Fast Refresh] done in 8ms @ http://localhost:3025/_next/static/chunks/node_modules_next_dist_1e8vcs8._.js:776
[   57798ms] [LOG] [Fast Refresh] done in 8ms @ http://localhost:3025/_next/static/chunks/node_modules_next_dist_1e8vcs8._.js:776
[   57845ms] [LOG] [Fast Refresh] done in 8ms @ http://localhost:3025/_next/static/chunks/node_modules_next_dist_1e8vcs8._.js:776
[   57894ms] [LOG] [Fast Refresh] done in 8ms @ http://localhost:3025/_next/static/chunks/node_modules_next_dist_1e8vcs8._.js:776
[   57943ms] [LOG] [Fast Refresh] done in 8ms @ http://localhost:3025/_next/static/chunks/node_modules_next_dist_1e8vcs8._.js:776
[   57991ms] [LOG] [Fast Refresh] done in 8ms @ http://localhost:3025/_next/static/chunks/node_modules_next_dist_1e8vcs8._.js:776
[   58040ms] [LOG] [Fast Refresh] done in 8ms @ http://localhost:3025/_next/static/chunks/node_modules_next_dist_1e8vcs8._.js:776
[   58089ms] [LOG] [Fast Refresh] done in 8ms @ http://localhost:3025/_next/static/chunks/node_modules_next_dist_1e8vcs8._.js:776
[   58139ms] [LOG] [Fast Refresh] done in 8ms @ http://localhost:3025/_next/static/chunks/node_modules_next_dist_1e8vcs8._.js:776
[   58188ms] [LOG] [Fast Refresh] done in 8ms @ http://localhost:3025/_next/static/chunks/node_modules_next_dist_1e8vcs8._.js:776
[   58236ms] [LOG] [Fast Refresh] done in 8ms @ http://localhost:3025/_next/static/chunks/node_modules_next_dist_1e8vcs8._.js:776
[   58286ms] [LOG] [Fast Refresh] done in 8ms @ http://localhost:3025/_next/static/chunks/node_modules_next_dist_1e8vcs8._.js:776
[   58334ms] [LOG] [Fast Refresh] done in 8ms @ http://localhost:3025/_next/static/chunks/node_modules_next_dist_1e8vcs8._.js:776
[   58381ms] [LOG] [Fast Refresh] done in 8ms @ http://localhost:3025/_next/static/chunks/node_modules_next_dist_1e8vcs8._.js:776
[   58429ms] [LOG] [Fast Refresh] done in 8ms @ http://localhost:3025/_next/static/chunks/node_modules_next_dist_1e8vcs8._.js:776
[   58476ms] [LOG] [Fast Refresh] done in 8ms @ http://localhost:3025/_next/static/chunks/node_modules_next_dist_1e8vcs8._.js:776
[   58524ms] [LOG] [Fast Refresh] done in 8ms @ http://localhost:3025/_next/static/chunks/node_modules_next_dist_1e8vcs8._.js:776
[   58572ms] [LOG] [Fast Refresh] done in 8ms @ http://localhost:3025/_next/static/chunks/node_modules_next_dist_1e8vcs8._.js:776
[   58621ms] [LOG] [Fast Refresh] done in 8ms @ http://localhost:3025/_next/static/chunks/node_modules_next_dist_1e8vcs8._.js:776
[   58669ms] [LOG] [Fast Refresh] done in 8ms @ http://localhost:3025/_next/static/chunks/node_modules_next_dist_1e8vcs8._.js:776
[   58717ms] [LOG] [Fast Refresh] done in 8ms @ http://localhost:3025/_next/static/chunks/node_modules_next_dist_1e8vcs8._.js:776
[   58766ms] [LOG] [Fast Refresh] done in 8ms @ http://localhost:3025/_next/static/chunks/node_modules_next_dist_1e8vcs8._.js:776
[   58814ms] [LOG] [Fast Refresh] done in 8ms @ http://localhost:3025/_next/static/chunks/node_modules_next_dist_1e8vcs8._.js:776
[   58863ms] [LOG] [Fast Refresh] done in 8ms @ http://localhost:3025/_next/static/chunks/node_modules_next_dist_1e8vcs8._.js:776
[   58910ms] [LOG] [Fast Refresh] done in 8ms @ http://localhost:3025/_next/static/chunks/node_modules_next_dist_1e8vcs8._.js:776
[   58958ms] [LOG] [Fast Refresh] done in 8ms @ http://localhost:3025/_next/static/chunks/node_modules_next_dist_1e8vcs8._.js:776
[   59006ms] [LOG] [Fast Refresh] done in 8ms @ http://localhost:3025/_next/static/chunks/node_modules_next_dist_1e8vcs8._.js:776
[   59055ms] [LOG] [Fast Refresh] done in 8ms @ http://localhost:3025/_next/static/chunks/node_modules_next_dist_1e8vcs8._.js:776
[   59103ms] [LOG] [Fast Refresh] done in 8ms @ http://localhost:3025/_next/static/chunks/node_modules_next_dist_1e8vcs8._.js:776
[   59151ms] [LOG] [Fast Refresh] done in 8ms @ http://localhost:3025/_next/static/chunks/node_modules_next_dist_1e8vcs8._.js:776
[   59200ms] [LOG] [Fast Refresh] done in 8ms @ http://localhost:3025/_next/static/chunks/node_modules_next_dist_1e8vcs8._.js:776
[   59250ms] [LOG] [Fast Refresh] done in 8ms @ http://localhost:3025/_next/static/chunks/node_modules_next_dist_1e8vcs8._.js:776
[   59299ms] [LOG] [Fast Refresh] done in 8ms @ http://localhost:3025/_next/static/chunks/node_modules_next_dist_1e8vcs8._.js:776
[   59348ms] [LOG] [Fast Refresh] done in 8ms @ http://localhost:3025/_next/static/chunks/node_modules_next_dist_1e8vcs8._.js:776
[   59397ms] [LOG] [Fast Refresh] done in 8ms @ http://localhost:3025/_next/static/chunks/node_modules_next_dist_1e8vcs8._.js:776
[   59446ms] [LOG] [Fast Refresh] done in 8ms @ http://localhost:3025/_next/static/chunks/node_modules_next_dist_1e8vcs8._.js:776
[   59495ms] [LOG] [Fast Refresh] done in 8ms @ http://localhost:3025/_next/static/chunks/node_modules_next_dist_1e8vcs8._.js:776
[   59544ms] [LOG] [Fast Refresh] done in 8ms @ http://localhost:3025/_next/static/chunks/node_modules_next_dist_1e8vcs8._.js:776
[   59593ms] [LOG] [Fast Refresh] done in 8ms @ http://localhost:3025/_next/static/chunks/node_modules_next_dist_1e8vcs8._.js:776
[   59641ms] [LOG] [Fast Refresh] done in 8ms @ http://localhost:3025/_next/static/chunks/node_modules_next_dist_1e8vcs8._.js:776
[   59689ms] [LOG] [Fast Refresh] done in 8ms @ http://localhost:3025/_next/static/chunks/node_modules_next_dist_1e8vcs8._.js:776
[   59738ms] [LOG] [Fast Refresh] done in 8ms @ http://localhost:3025/_next/static/chunks/node_modules_next_dist_1e8vcs8._.js:776
[   59794ms] [LOG] [Fast Refresh] done in 8ms @ http://localhost:3025/_next/static/chunks/node_modules_next_dist_1e8vcs8._.js:776
[   59841ms] [LOG] [Fast Refresh] done in 8ms @ http://localhost:3025/_next/static/chunks/node_modules_next_dist_1e8vcs8._.js:776
[   59889ms] [LOG] [Fast Refresh] done in 8ms @ http://localhost:3025/_next/static/chunks/node_modules_next_dist_1e8vcs8._.js:776
[   59937ms] [LOG] [Fast Refresh] done in 8ms @ http://localhost:3025/_next/static/chunks/node_modules_next_dist_1e8vcs8._.js:776
[   59986ms] [LOG] [Fast Refresh] done in 8ms @ http://localhost:3025/_next/static/chunks/node_modules_next_dist_1e8vcs8._.js:776
[   60033ms] [LOG] [Fast Refresh] done in 8ms @ http://localhost:3025/_next/static/chunks/node_modules_next_dist_1e8vcs8._.js:776
[   60081ms] [LOG] [Fast Refresh] done in 8ms @ http://localhost:3025/_next/static/chunks/node_modules_next_dist_1e8vcs8._.js:776
[   60127ms] [LOG] [Fast Refresh] done in 8ms @ http://localhost:3025/_next/static/chunks/node_modules_next_dist_1e8vcs8._.js:776
[   60174ms] [LOG] [Fast Refresh] done in 8ms @ http://localhost:3025/_next/static/chunks/node_modules_next_dist_1e8vcs8._.js:776
[   60222ms] [LOG] [Fast Refresh] done in 8ms @ http://localhost:3025/_next/static/chunks/node_modules_next_dist_1e8vcs8._.js:776
[   60271ms] [LOG] [Fast Refresh] done in 8ms @ http://localhost:3025/_next/static/chunks/node_modules_next_dist_1e8vcs8._.js:776
[   60319ms] [LOG] [Fast Refresh] done in 8ms @ http://localhost:3025/_next/static/chunks/node_modules_next_dist_1e8vcs8._.js:776
[   60366ms] [LOG] [Fast Refresh] done in 8ms @ http://localhost:3025/_next/static/chunks/node_modules_next_dist_1e8vcs8._.js:776
[   60413ms] [LOG] [Fast Refresh] done in 8ms @ http://localhost:3025/_next/static/chunks/node_modules_next_dist_1e8vcs8._.js:776
[   60461ms] [LOG] [Fast Refresh] done in 8ms @ http://localhost:3025/_next/static/chunks/node_modules_next_dist_1e8vcs8._.js:776
[   60508ms] [LOG] [Fast Refresh] done in 8ms @ http://localhost:3025/_next/static/chunks/node_modules_next_dist_1e8vcs8._.js:776
[   60557ms] [LOG] [Fast Refresh] done in 8ms @ http://localhost:3025/_next/static/chunks/node_modules_next_dist_1e8vcs8._.js:776
[   60606ms] [LOG] [Fast Refresh] done in 8ms @ http://localhost:3025/_next/static/chunks/node_modules_next_dist_1e8vcs8._.js:776
[   60656ms] [LOG] [Fast Refresh] done in 8ms @ http://localhost:3025/_next/static/chunks/node_modules_next_dist_1e8vcs8._.js:776
[   60704ms] [LOG] [Fast Refresh] done in 8ms @ http://localhost:3025/_next/static/chunks/node_modules_next_dist_1e8vcs8._.js:776
[   60753ms] [LOG] [Fast Refresh] done in 8ms @ http://localhost:3025/_next/static/chunks/node_modules_next_dist_1e8vcs8._.js:776
[   60803ms] [LOG] [Fast Refresh] done in 8ms @ http://localhost:3025/_next/static/chunks/node_modules_next_dist_1e8vcs8._.js:776
[   60852ms] [LOG] [Fast Refresh] done in 8ms @ http://localhost:3025/_next/static/chunks/node_modules_next_dist_1e8vcs8._.js:776
[   60902ms] [LOG] [Fast Refresh] done in 8ms @ http://localhost:3025/_next/static/chunks/node_modules_next_dist_1e8vcs8._.js:776
[   60950ms] [LOG] [Fast Refresh] done in 8ms @ http://localhost:3025/_next/static/chunks/node_modules_next_dist_1e8vcs8._.js:776
[   60999ms] [LOG] [Fast Refresh] done in 8ms @ http://localhost:3025/_next/static/chunks/node_modules_next_dist_1e8vcs8._.js:776
[   61050ms] [LOG] [Fast Refresh] done in 8ms @ http://localhost:3025/_next/static/chunks/node_modules_next_dist_1e8vcs8._.js:776
[   61097ms] [LOG] [Fast Refresh] done in 8ms @ http://localhost:3025/_next/static/chunks/node_modules_next_dist_1e8vcs8._.js:776
[   61145ms] [LOG] [Fast Refresh] done in 8ms @ http://localhost:3025/_next/static/chunks/node_modules_next_dist_1e8vcs8._.js:776
[   61193ms] [LOG] [Fast Refresh] done in 8ms @ http://localhost:3025/_next/static/chunks/node_modules_next_dist_1e8vcs8._.js:776
[   61243ms] [LOG] [Fast Refresh] done in 8ms @ http://localhost:3025/_next/static/chunks/node_modules_next_dist_1e8vcs8._.js:776
[   61292ms] [LOG] [Fast Refresh] done in 8ms @ http://localhost:3025/_next/static/chunks/node_modules_next_dist_1e8vcs8._.js:776
[   61340ms] [LOG] [Fast Refresh] done in 8ms @ http://localhost:3025/_next/static/chunks/node_modules_next_dist_1e8vcs8._.js:776
[   61390ms] [LOG] [Fast Refresh] done in 8ms @ http://localhost:3025/_next/static/chunks/node_modules_next_dist_1e8vcs8._.js:776
[   61438ms] [LOG] [Fast Refresh] done in 8ms @ http://localhost:3025/_next/static/chunks/node_modules_next_dist_1e8vcs8._.js:776
[   61485ms] [LOG] [Fast Refresh] done in 8ms @ http://localhost:3025/_next/static/chunks/node_modules_next_dist_1e8vcs8._.js:776
[   61533ms] [LOG] [Fast Refresh] done in 8ms @ http://localhost:3025/_next/static/chunks/node_modules_next_dist_1e8vcs8._.js:776
[   61581ms] [LOG] [Fast Refresh] done in 8ms @ http://localhost:3025/_next/static/chunks/node_modules_next_dist_1e8vcs8._.js:776
[   61630ms] [LOG] [Fast Refresh] done in 8ms @ http://localhost:3025/_next/static/chunks/node_modules_next_dist_1e8vcs8._.js:776
[   61678ms] [LOG] [Fast Refresh] done in 8ms @ http://localhost:3025/_next/static/chunks/node_modules_next_dist_1e8vcs8._.js:776
[   61725ms] [LOG] [Fast Refresh] done in 8ms @ http://localhost:3025/_next/static/chunks/node_modules_next_dist_1e8vcs8._.js:776
[   61773ms] [LOG] [Fast Refresh] done in 8ms @ http://localhost:3025/_next/static/chunks/node_modules_next_dist_1e8vcs8._.js:776
[   61822ms] [LOG] [Fast Refresh] done in 8ms @ http://localhost:3025/_next/static/chunks/node_modules_next_dist_1e8vcs8._.js:776
[   61870ms] [LOG] [Fast Refresh] done in 8ms @ http://localhost:3025/_next/static/chunks/node_modules_next_dist_1e8vcs8._.js:776
[   61918ms] [LOG] [Fast Refresh] done in 8ms @ http://localhost:3025/_next/static/chunks/node_modules_next_dist_1e8vcs8._.js:776
[   61967ms] [LOG] [Fast Refresh] done in 8ms @ http://localhost:3025/_next/static/chunks/node_modules_next_dist_1e8vcs8._.js:776
[   62015ms] [LOG] [Fast Refresh] done in 8ms @ http://localhost:3025/_next/static/chunks/node_modules_next_dist_1e8vcs8._.js:776
[   62063ms] [LOG] [Fast Refresh] done in 8ms @ http://localhost:3025/_next/static/chunks/node_modules_next_dist_1e8vcs8._.js:776
[   62111ms] [LOG] [Fast Refresh] done in 8ms @ http://localhost:3025/_next/static/chunks/node_modules_next_dist_1e8vcs8._.js:776
[   62158ms] [LOG] [Fast Refresh] done in 8ms @ http://localhost:3025/_next/static/chunks/node_modules_next_dist_1e8vcs8._.js:776
[   62206ms] [LOG] [Fast Refresh] done in 8ms @ http://localhost:3025/_next/static/chunks/node_modules_next_dist_1e8vcs8._.js:776
[   62253ms] [LOG] [Fast Refresh] done in 8ms @ http://localhost:3025/_next/static/chunks/node_modules_next_dist_1e8vcs8._.js:776
[   62300ms] [LOG] [Fast Refresh] done in 8ms @ http://localhost:3025/_next/static/chunks/node_modules_next_dist_1e8vcs8._.js:776
[   62339ms] [LOG] [Fast Refresh] done in 8ms @ http://localhost:3025/_next/static/chunks/node_modules_next_dist_1e8vcs8._.js:776
[   62385ms] [LOG] [Fast Refresh] done in 8ms @ http://localhost:3025/_next/static/chunks/node_modules_next_dist_1e8vcs8._.js:776
[   62430ms] [LOG] [Fast Refresh] done in 8ms @ http://localhost:3025/_next/static/chunks/node_modules_next_dist_1e8vcs8._.js:776
[   62476ms] [LOG] [Fast Refresh] done in 8ms @ http://localhost:3025/_next/static/chunks/node_modules_next_dist_1e8vcs8._.js:776
[   62521ms] [LOG] [Fast Refresh] done in 8ms @ http://localhost:3025/_next/static/chunks/node_modules_next_dist_1e8vcs8._.js:776
[   62567ms] [LOG] [Fast Refresh] done in 8ms @ http://localhost:3025/_next/static/chunks/node_modules_next_dist_1e8vcs8._.js:776
[   62614ms] [LOG] [Fast Refresh] done in 8ms @ http://localhost:3025/_next/static/chunks/node_modules_next_dist_1e8vcs8._.js:776
[   62661ms] [LOG] [Fast Refresh] done in 8ms @ http://localhost:3025/_next/static/chunks/node_modules_next_dist_1e8vcs8._.js:776
[   62707ms] [LOG] [Fast Refresh] done in 8ms @ http://localhost:3025/_next/static/chunks/node_modules_next_dist_1e8vcs8._.js:776
[   62743ms] [LOG] [Fast Refresh] done in 8ms @ http://localhost:3025/_next/static/chunks/node_modules_next_dist_1e8vcs8._.js:776
[   62788ms] [LOG] [Fast Refresh] done in 8ms @ http://localhost:3025/_next/static/chunks/node_modules_next_dist_1e8vcs8._.js:776
[   62834ms] [LOG] [Fast Refresh] done in 8ms @ http://localhost:3025/_next/static/chunks/node_modules_next_dist_1e8vcs8._.js:776
[   62879ms] [LOG] [Fast Refresh] done in 8ms @ http://localhost:3025/_next/static/chunks/node_modules_next_dist_1e8vcs8._.js:776
[   62927ms] [LOG] [Fast Refresh] done in 8ms @ http://localhost:3025/_next/static/chunks/node_modules_next_dist_1e8vcs8._.js:776
[   62975ms] [LOG] [Fast Refresh] done in 8ms @ http://localhost:3025/_next/static/chunks/node_modules_next_dist_1e8vcs8._.js:776
[   63023ms] [LOG] [Fast Refresh] done in 8ms @ http://localhost:3025/_next/static/chunks/node_modules_next_dist_1e8vcs8._.js:776
[   63072ms] [LOG] [Fast Refresh] done in 8ms @ http://localhost:3025/_next/static/chunks/node_modules_next_dist_1e8vcs8._.js:776
[   63120ms] [LOG] [Fast Refresh] done in 8ms @ http://localhost:3025/_next/static/chunks/node_modules_next_dist_1e8vcs8._.js:776
[   63167ms] [LOG] [Fast Refresh] done in 8ms @ http://localhost:3025/_next/static/chunks/node_modules_next_dist_1e8vcs8._.js:776
[   63215ms] [LOG] [Fast Refresh] done in 8ms @ http://localhost:3025/_next/static/chunks/node_modules_next_dist_1e8vcs8._.js:776
[   63263ms] [LOG] [Fast Refresh] done in 8ms @ http://localhost:3025/_next/static/chunks/node_modules_next_dist_1e8vcs8._.js:776
[   63310ms] [LOG] [Fast Refresh] done in 8ms @ http://localhost:3025/_next/static/chunks/node_modules_next_dist_1e8vcs8._.js:776
[   63358ms] [LOG] [Fast Refresh] done in 8ms @ http://localhost:3025/_next/static/chunks/node_modules_next_dist_1e8vcs8._.js:776
[   63405ms] [LOG] [Fast Refresh] done in 8ms @ http://localhost:3025/_next/static/chunks/node_modules_next_dist_1e8vcs8._.js:776
[   63452ms] [LOG] [Fast Refresh] done in 8ms @ http://localhost:3025/_next/static/chunks/node_modules_next_dist_1e8vcs8._.js:776
[   63500ms] [LOG] [Fast Refresh] done in 8ms @ http://localhost:3025/_next/static/chunks/node_modules_next_dist_1e8vcs8._.js:776
[   63548ms] [LOG] [Fast Refresh] done in 8ms @ http://localhost:3025/_next/static/chunks/node_modules_next_dist_1e8vcs8._.js:776
[   63597ms] [LOG] [Fast Refresh] done in 8ms @ http://localhost:3025/_next/static/chunks/node_modules_next_dist_1e8vcs8._.js:776
[   63644ms] [LOG] [Fast Refresh] done in 8ms @ http://localhost:3025/_next/static/chunks/node_modules_next_dist_1e8vcs8._.js:776
[   63693ms] [LOG] [Fast Refresh] done in 8ms @ http://localhost:3025/_next/static/chunks/node_modules_next_dist_1e8vcs8._.js:776
[   63742ms] [LOG] [Fast Refresh] done in 8ms @ http://localhost:3025/_next/static/chunks/node_modules_next_dist_1e8vcs8._.js:776
[   63790ms] [LOG] [Fast Refresh] done in 8ms @ http://localhost:3025/_next/static/chunks/node_modules_next_dist_1e8vcs8._.js:776
[   63839ms] [LOG] [Fast Refresh] done in 8ms @ http://localhost:3025/_next/static/chunks/node_modules_next_dist_1e8vcs8._.js:776
[   63888ms] [LOG] [Fast Refresh] done in 8ms @ http://localhost:3025/_next/static/chunks/node_modules_next_dist_1e8vcs8._.js:776
[   63937ms] [LOG] [Fast Refresh] done in 8ms @ http://localhost:3025/_next/static/chunks/node_modules_next_dist_1e8vcs8._.js:776
[   63985ms] [LOG] [Fast Refresh] done in 8ms @ http://localhost:3025/_next/static/chunks/node_modules_next_dist_1e8vcs8._.js:776
[   64035ms] [LOG] [Fast Refresh] done in 8ms @ http://localhost:3025/_next/static/chunks/node_modules_next_dist_1e8vcs8._.js:776
[   64085ms] [LOG] [Fast Refresh] done in 8ms @ http://localhost:3025/_next/static/chunks/node_modules_next_dist_1e8vcs8._.js:776
[   64134ms] [LOG] [Fast Refresh] done in 8ms @ http://localhost:3025/_next/static/chunks/node_modules_next_dist_1e8vcs8._.js:776
[   64181ms] [LOG] [Fast Refresh] done in 8ms @ http://localhost:3025/_next/static/chunks/node_modules_next_dist_1e8vcs8._.js:776
[   64228ms] [LOG] [Fast Refresh] done in 8ms @ http://localhost:3025/_next/static/chunks/node_modules_next_dist_1e8vcs8._.js:776
[   64277ms] [LOG] [Fast Refresh] done in 8ms @ http://localhost:3025/_next/static/chunks/node_modules_next_dist_1e8vcs8._.js:776
[   64325ms] [LOG] [Fast Refresh] done in 8ms @ http://localhost:3025/_next/static/chunks/node_modules_next_dist_1e8vcs8._.js:776
[   64374ms] [LOG] [Fast Refresh] done in 8ms @ http://localhost:3025/_next/static/chunks/node_modules_next_dist_1e8vcs8._.js:776
[   64423ms] [LOG] [Fast Refresh] done in 8ms @ http://localhost:3025/_next/static/chunks/node_modules_next_dist_1e8vcs8._.js:776
[   64472ms] [LOG] [Fast Refresh] done in 8ms @ http://localhost:3025/_next/static/chunks/node_modules_next_dist_1e8vcs8._.js:776
[   64521ms] [LOG] [Fast Refresh] done in 8ms @ http://localhost:3025/_next/static/chunks/node_modules_next_dist_1e8vcs8._.js:776
[   64568ms] [LOG] [Fast Refresh] done in 8ms @ http://localhost:3025/_next/static/chunks/node_modules_next_dist_1e8vcs8._.js:776
[   64617ms] [LOG] [Fast Refresh] done in 8ms @ http://localhost:3025/_next/static/chunks/node_modules_next_dist_1e8vcs8._.js:776
[   64666ms] [LOG] [Fast Refresh] done in 8ms @ http://localhost:3025/_next/static/chunks/node_modules_next_dist_1e8vcs8._.js:776
[   64715ms] [LOG] [Fast Refresh] done in 8ms @ http://localhost:3025/_next/static/chunks/node_modules_next_dist_1e8vcs8._.js:776
[   64763ms] [LOG] [Fast Refresh] done in 8ms @ http://localhost:3025/_next/static/chunks/node_modules_next_dist_1e8vcs8._.js:776
[   64812ms] [LOG] [Fast Refresh] done in 8ms @ http://localhost:3025/_next/static/chunks/node_modules_next_dist_1e8vcs8._.js:776
[   64860ms] [LOG] [Fast Refresh] done in 8ms @ http://localhost:3025/_next/static/chunks/node_modules_next_dist_1e8vcs8._.js:776
[   64910ms] [LOG] [Fast Refresh] done in 8ms @ http://localhost:3025/_next/static/chunks/node_modules_next_dist_1e8vcs8._.js:776
[   64960ms] [LOG] [Fast Refresh] done in 8ms @ http://localhost:3025/_next/static/chunks/node_modules_next_dist_1e8vcs8._.js:776
[   65010ms] [LOG] [Fast Refresh] done in 8ms @ http://localhost:3025/_next/static/chunks/node_modules_next_dist_1e8vcs8._.js:776
[   65058ms] [LOG] [Fast Refresh] done in 8ms @ http://localhost:3025/_next/static/chunks/node_modules_next_dist_1e8vcs8._.js:776
[   65107ms] [LOG] [Fast Refresh] done in 8ms @ http://localhost:3025/_next/static/chunks/node_modules_next_dist_1e8vcs8._.js:776
[   65156ms] [LOG] [Fast Refresh] done in 8ms @ http://localhost:3025/_next/static/chunks/node_modules_next_dist_1e8vcs8._.js:776
[   65206ms] [LOG] [Fast Refresh] done in 8ms @ http://localhost:3025/_next/static/chunks/node_modules_next_dist_1e8vcs8._.js:776
[   65255ms] [LOG] [Fast Refresh] done in 8ms @ http://localhost:3025/_next/static/chunks/node_modules_next_dist_1e8vcs8._.js:776
[   65304ms] [LOG] [Fast Refresh] done in 8ms @ http://localhost:3025/_next/static/chunks/node_modules_next_dist_1e8vcs8._.js:776
[   65352ms] [LOG] [Fast Refresh] done in 8ms @ http://localhost:3025/_next/static/chunks/node_modules_next_dist_1e8vcs8._.js:776
[   65401ms] [LOG] [Fast Refresh] done in 8ms @ http://localhost:3025/_next/static/chunks/node_modules_next_dist_1e8vcs8._.js:776
[   65450ms] [LOG] [Fast Refresh] done in 8ms @ http://localhost:3025/_next/static/chunks/node_modules_next_dist_1e8vcs8._.js:776
[   65500ms] [LOG] [Fast Refresh] done in 8ms @ http://localhost:3025/_next/static/chunks/node_modules_next_dist_1e8vcs8._.js:776
[   65548ms] [LOG] [Fast Refresh] done in 8ms @ http://localhost:3025/_next/static/chunks/node_modules_next_dist_1e8vcs8._.js:776
[   65597ms] [LOG] [Fast Refresh] done in 8ms @ http://localhost:3025/_next/static/chunks/node_modules_next_dist_1e8vcs8._.js:776
[   65645ms] [LOG] [Fast Refresh] done in 8ms @ http://localhost:3025/_next/static/chunks/node_modules_next_dist_1e8vcs8._.js:776
[   65693ms] [LOG] [Fast Refresh] done in 8ms @ http://localhost:3025/_next/static/chunks/node_modules_next_dist_1e8vcs8._.js:776
[   65742ms] [LOG] [Fast Refresh] done in 8ms @ http://localhost:3025/_next/static/chunks/node_modules_next_dist_1e8vcs8._.js:776
[   65791ms] [LOG] [Fast Refresh] done in 8ms @ http://localhost:3025/_next/static/chunks/node_modules_next_dist_1e8vcs8._.js:776
[   65839ms] [LOG] [Fast Refresh] done in 8ms @ http://localhost:3025/_next/static/chunks/node_modules_next_dist_1e8vcs8._.js:776
[   65888ms] [LOG] [Fast Refresh] done in 8ms @ http://localhost:3025/_next/static/chunks/node_modules_next_dist_1e8vcs8._.js:776
[   65938ms] [LOG] [Fast Refresh] done in 8ms @ http://localhost:3025/_next/static/chunks/node_modules_next_dist_1e8vcs8._.js:776
[   65988ms] [LOG] [Fast Refresh] done in 8ms @ http://localhost:3025/_next/static/chunks/node_modules_next_dist_1e8vcs8._.js:776
[   66038ms] [LOG] [Fast Refresh] done in 8ms @ http://localhost:3025/_next/static/chunks/node_modules_next_dist_1e8vcs8._.js:776
[   66087ms] [LOG] [Fast Refresh] done in 8ms @ http://localhost:3025/_next/static/chunks/node_modules_next_dist_1e8vcs8._.js:776
[   66137ms] [LOG] [Fast Refresh] done in 8ms @ http://localhost:3025/_next/static/chunks/node_modules_next_dist_1e8vcs8._.js:776
[   66186ms] [LOG] [Fast Refresh] done in 8ms @ http://localhost:3025/_next/static/chunks/node_modules_next_dist_1e8vcs8._.js:776
[   66228ms] [LOG] [Fast Refresh] done in 8ms @ http://localhost:3025/_next/static/chunks/node_modules_next_dist_1e8vcs8._.js:776
[   66277ms] [LOG] [Fast Refresh] done in 8ms @ http://localhost:3025/_next/static/chunks/node_modules_next_dist_1e8vcs8._.js:776
[   66325ms] [LOG] [Fast Refresh] done in 8ms @ http://localhost:3025/_next/static/chunks/node_modules_next_dist_1e8vcs8._.js:776
[   66374ms] [LOG] [Fast Refresh] done in 8ms @ http://localhost:3025/_next/static/chunks/node_modules_next_dist_1e8vcs8._.js:776
[   66422ms] [LOG] [Fast Refresh] done in 8ms @ http://localhost:3025/_next/static/chunks/node_modules_next_dist_1e8vcs8._.js:776
[   66460ms] [LOG] [Fast Refresh] done in 8ms @ http://localhost:3025/_next/static/chunks/node_modules_next_dist_1e8vcs8._.js:776
[   66508ms] [LOG] [Fast Refresh] done in 8ms @ http://localhost:3025/_next/static/chunks/node_modules_next_dist_1e8vcs8._.js:776
[   66556ms] [LOG] [Fast Refresh] done in 8ms @ http://localhost:3025/_next/static/chunks/node_modules_next_dist_1e8vcs8._.js:776
[   66606ms] [LOG] [Fast Refresh] done in 8ms @ http://localhost:3025/_next/static/chunks/node_modules_next_dist_1e8vcs8._.js:776
[   66654ms] [LOG] [Fast Refresh] done in 8ms @ http://localhost:3025/_next/static/chunks/node_modules_next_dist_1e8vcs8._.js:776
[   66701ms] [LOG] [Fast Refresh] done in 8ms @ http://localhost:3025/_next/static/chunks/node_modules_next_dist_1e8vcs8._.js:776
[   66750ms] [LOG] [Fast Refresh] done in 8ms @ http://localhost:3025/_next/static/chunks/node_modules_next_dist_1e8vcs8._.js:776
[   66798ms] [LOG] [Fast Refresh] done in 8ms @ http://localhost:3025/_next/static/chunks/node_modules_next_dist_1e8vcs8._.js:776
[   66847ms] [LOG] [Fast Refresh] done in 8ms @ http://localhost:3025/_next/static/chunks/node_modules_next_dist_1e8vcs8._.js:776
[   66896ms] [LOG] [Fast Refresh] done in 8ms @ http://localhost:3025/_next/static/chunks/node_modules_next_dist_1e8vcs8._.js:776
[   66946ms] [LOG] [Fast Refresh] done in 8ms @ http://localhost:3025/_next/static/chunks/node_modules_next_dist_1e8vcs8._.js:776
[   66995ms] [LOG] [Fast Refresh] done in 8ms @ http://localhost:3025/_next/static/chunks/node_modules_next_dist_1e8vcs8._.js:776
[   67045ms] [LOG] [Fast Refresh] done in 8ms @ http://localhost:3025/_next/static/chunks/node_modules_next_dist_1e8vcs8._.js:776
[   67094ms] [LOG] [Fast Refresh] done in 8ms @ http://localhost:3025/_next/static/chunks/node_modules_next_dist_1e8vcs8._.js:776
[   67143ms] [LOG] [Fast Refresh] done in 8ms @ http://localhost:3025/_next/static/chunks/node_modules_next_dist_1e8vcs8._.js:776
[   67191ms] [LOG] [Fast Refresh] done in 8ms @ http://localhost:3025/_next/static/chunks/node_modules_next_dist_1e8vcs8._.js:776
[   67239ms] [LOG] [Fast Refresh] done in 8ms @ http://localhost:3025/_next/static/chunks/node_modules_next_dist_1e8vcs8._.js:776
[   67289ms] [LOG] [Fast Refresh] done in 8ms @ http://localhost:3025/_next/static/chunks/node_modules_next_dist_1e8vcs8._.js:776
[   67338ms] [LOG] [Fast Refresh] done in 8ms @ http://localhost:3025/_next/static/chunks/node_modules_next_dist_1e8vcs8._.js:776
[   67387ms] [LOG] [Fast Refresh] done in 8ms @ http://localhost:3025/_next/static/chunks/node_modules_next_dist_1e8vcs8._.js:776
[   67435ms] [LOG] [Fast Refresh] done in 8ms @ http://localhost:3025/_next/static/chunks/node_modules_next_dist_1e8vcs8._.js:776
[   67484ms] [LOG] [Fast Refresh] done in 8ms @ http://localhost:3025/_next/static/chunks/node_modules_next_dist_1e8vcs8._.js:776
[   67534ms] [LOG] [Fast Refresh] done in 8ms @ http://localhost:3025/_next/static/chunks/node_modules_next_dist_1e8vcs8._.js:776
[   67583ms] [LOG] [Fast Refresh] done in 8ms @ http://localhost:3025/_next/static/chunks/node_modules_next_dist_1e8vcs8._.js:776
[   67633ms] [LOG] [Fast Refresh] done in 8ms @ http://localhost:3025/_next/static/chunks/node_modules_next_dist_1e8vcs8._.js:776
[   67678ms] [LOG] [Fast Refresh] done in 8ms @ http://localhost:3025/_next/static/chunks/node_modules_next_dist_1e8vcs8._.js:776
[   67727ms] [LOG] [Fast Refresh] done in 8ms @ http://localhost:3025/_next/static/chunks/node_modules_next_dist_1e8vcs8._.js:776
[   67775ms] [LOG] [Fast Refresh] done in 8ms @ http://localhost:3025/_next/static/chunks/node_modules_next_dist_1e8vcs8._.js:776
[   67827ms] [LOG] [Fast Refresh] done in 8ms @ http://localhost:3025/_next/static/chunks/node_modules_next_dist_1e8vcs8._.js:776
[   67877ms] [LOG] [Fast Refresh] done in 8ms @ http://localhost:3025/_next/static/chunks/node_modules_next_dist_1e8vcs8._.js:776
[   67927ms] [LOG] [Fast Refresh] done in 8ms @ http://localhost:3025/_next/static/chunks/node_modules_next_dist_1e8vcs8._.js:776
[   67976ms] [LOG] [Fast Refresh] done in 8ms @ http://localhost:3025/_next/static/chunks/node_modules_next_dist_1e8vcs8._.js:776
[   68026ms] [LOG] [Fast Refresh] done in 8ms @ http://localhost:3025/_next/static/chunks/node_modules_next_dist_1e8vcs8._.js:776
[   68075ms] [LOG] [Fast Refresh] done in 8ms @ http://localhost:3025/_next/static/chunks/node_modules_next_dist_1e8vcs8._.js:776
[   68123ms] [LOG] [Fast Refresh] done in 8ms @ http://localhost:3025/_next/static/chunks/node_modules_next_dist_1e8vcs8._.js:776
[   68172ms] [LOG] [Fast Refresh] done in 8ms @ http://localhost:3025/_next/static/chunks/node_modules_next_dist_1e8vcs8._.js:776
[   68221ms] [LOG] [Fast Refresh] done in 8ms @ http://localhost:3025/_next/static/chunks/node_modules_next_dist_1e8vcs8._.js:776
[   68270ms] [LOG] [Fast Refresh] done in 8ms @ http://localhost:3025/_next/static/chunks/node_modules_next_dist_1e8vcs8._.js:776
[   68308ms] [LOG] [Fast Refresh] done in 8ms @ http://localhost:3025/_next/static/chunks/node_modules_next_dist_1e8vcs8._.js:776
[   68358ms] [LOG] [Fast Refresh] done in 8ms @ http://localhost:3025/_next/static/chunks/node_modules_next_dist_1e8vcs8._.js:776
[   68405ms] [LOG] [Fast Refresh] done in 8ms @ http://localhost:3025/_next/static/chunks/node_modules_next_dist_1e8vcs8._.js:776
[   68453ms] [LOG] [Fast Refresh] done in 8ms @ http://localhost:3025/_next/static/chunks/node_modules_next_dist_1e8vcs8._.js:776
[   68501ms] [LOG] [Fast Refresh] done in 8ms @ http://localhost:3025/_next/static/chunks/node_modules_next_dist_1e8vcs8._.js:776
[   68549ms] [LOG] [Fast Refresh] done in 8ms @ http://localhost:3025/_next/static/chunks/node_modules_next_dist_1e8vcs8._.js:776
[   68598ms] [LOG] [Fast Refresh] done in 8ms @ http://localhost:3025/_next/static/chunks/node_modules_next_dist_1e8vcs8._.js:776
[   68647ms] [LOG] [Fast Refresh] done in 8ms @ http://localhost:3025/_next/static/chunks/node_modules_next_dist_1e8vcs8._.js:776
[   68696ms] [LOG] [Fast Refresh] done in 8ms @ http://localhost:3025/_next/static/chunks/node_modules_next_dist_1e8vcs8._.js:776
[   68744ms] [LOG] [Fast Refresh] done in 8ms @ http://localhost:3025/_next/static/chunks/node_modules_next_dist_1e8vcs8._.js:776
[   68791ms] [LOG] [Fast Refresh] done in 8ms @ http://localhost:3025/_next/static/chunks/node_modules_next_dist_1e8vcs8._.js:776
[   68840ms] [LOG] [Fast Refresh] done in 8ms @ http://localhost:3025/_next/static/chunks/node_modules_next_dist_1e8vcs8._.js:776
[   68889ms] [LOG] [Fast Refresh] done in 8ms @ http://localhost:3025/_next/static/chunks/node_modules_next_dist_1e8vcs8._.js:776
[   68939ms] [LOG] [Fast Refresh] done in 8ms @ http://localhost:3025/_next/static/chunks/node_modules_next_dist_1e8vcs8._.js:776
[   68988ms] [LOG] [Fast Refresh] done in 8ms @ http://localhost:3025/_next/static/chunks/node_modules_next_dist_1e8vcs8._.js:776
[   69036ms] [LOG] [Fast Refresh] done in 8ms @ http://localhost:3025/_next/static/chunks/node_modules_next_dist_1e8vcs8._.js:776
[   69085ms] [LOG] [Fast Refresh] done in 8ms @ http://localhost:3025/_next/static/chunks/node_modules_next_dist_1e8vcs8._.js:776
[   69132ms] [LOG] [Fast Refresh] done in 8ms @ http://localhost:3025/_next/static/chunks/node_modules_next_dist_1e8vcs8._.js:776
[   69179ms] [LOG] [Fast Refresh] done in 8ms @ http://localhost:3025/_next/static/chunks/node_modules_next_dist_1e8vcs8._.js:776
[   69226ms] [LOG] [Fast Refresh] done in 8ms @ http://localhost:3025/_next/static/chunks/node_modules_next_dist_1e8vcs8._.js:776
[   69275ms] [LOG] [Fast Refresh] done in 8ms @ http://localhost:3025/_next/static/chunks/node_modules_next_dist_1e8vcs8._.js:776
[   69323ms] [LOG] [Fast Refresh] done in 8ms @ http://localhost:3025/_next/static/chunks/node_modules_next_dist_1e8vcs8._.js:776
[   69371ms] [LOG] [Fast Refresh] done in 8ms @ http://localhost:3025/_next/static/chunks/node_modules_next_dist_1e8vcs8._.js:776
[   69420ms] [LOG] [Fast Refresh] done in 8ms @ http://localhost:3025/_next/static/chunks/node_modules_next_dist_1e8vcs8._.js:776
[   69483ms] [LOG] [Fast Refresh] done in 8ms @ http://localhost:3025/_next/static/chunks/node_modules_next_dist_1e8vcs8._.js:776
[   69524ms] [LOG] [Fast Refresh] done in 8ms @ http://localhost:3025/_next/static/chunks/node_modules_next_dist_1e8vcs8._.js:776
[   69571ms] [LOG] [Fast Refresh] done in 8ms @ http://localhost:3025/_next/static/chunks/node_modules_next_dist_1e8vcs8._.js:776
[   69619ms] [LOG] [Fast Refresh] done in 8ms @ http://localhost:3025/_next/static/chunks/node_modules_next_dist_1e8vcs8._.js:776
[   69667ms] [LOG] [Fast Refresh] done in 8ms @ http://localhost:3025/_next/static/chunks/node_modules_next_dist_1e8vcs8._.js:776
[   69716ms] [LOG] [Fast Refresh] done in 8ms @ http://localhost:3025/_next/static/chunks/node_modules_next_dist_1e8vcs8._.js:776
[   69763ms] [LOG] [Fast Refresh] done in 8ms @ http://localhost:3025/_next/static/chunks/node_modules_next_dist_1e8vcs8._.js:776
[   69810ms] [LOG] [Fast Refresh] done in 8ms @ http://localhost:3025/_next/static/chunks/node_modules_next_dist_1e8vcs8._.js:776
[   69859ms] [LOG] [Fast Refresh] done in 8ms @ http://localhost:3025/_next/static/chunks/node_modules_next_dist_1e8vcs8._.js:776
[   69907ms] [LOG] [Fast Refresh] done in 8ms @ http://localhost:3025/_next/static/chunks/node_modules_next_dist_1e8vcs8._.js:776
[   69954ms] [LOG] [Fast Refresh] done in 8ms @ http://localhost:3025/_next/static/chunks/node_modules_next_dist_1e8vcs8._.js:776
[   70002ms] [LOG] [Fast Refresh] done in 8ms @ http://localhost:3025/_next/static/chunks/node_modules_next_dist_1e8vcs8._.js:776
[   70050ms] [LOG] [Fast Refresh] done in 8ms @ http://localhost:3025/_next/static/chunks/node_modules_next_dist_1e8vcs8._.js:776
[   70099ms] [LOG] [Fast Refresh] done in 8ms @ http://localhost:3025/_next/static/chunks/node_modules_next_dist_1e8vcs8._.js:776
[   70147ms] [LOG] [Fast Refresh] done in 8ms @ http://localhost:3025/_next/static/chunks/node_modules_next_dist_1e8vcs8._.js:776
[   70195ms] [LOG] [Fast Refresh] done in 8ms @ http://localhost:3025/_next/static/chunks/node_modules_next_dist_1e8vcs8._.js:776
[   70243ms] [LOG] [Fast Refresh] done in 8ms @ http://localhost:3025/_next/static/chunks/node_modules_next_dist_1e8vcs8._.js:776
[   70293ms] [LOG] [Fast Refresh] done in 8ms @ http://localhost:3025/_next/static/chunks/node_modules_next_dist_1e8vcs8._.js:776
[   70340ms] [LOG] [Fast Refresh] done in 8ms @ http://localhost:3025/_next/static/chunks/node_modules_next_dist_1e8vcs8._.js:776
[   70389ms] [LOG] [Fast Refresh] done in 8ms @ http://localhost:3025/_next/static/chunks/node_modules_next_dist_1e8vcs8._.js:776
[   70438ms] [LOG] [Fast Refresh] done in 8ms @ http://localhost:3025/_next/static/chunks/node_modules_next_dist_1e8vcs8._.js:776
[   70485ms] [LOG] [Fast Refresh] done in 8ms @ http://localhost:3025/_next/static/chunks/node_modules_next_dist_1e8vcs8._.js:776
[   70532ms] [LOG] [Fast Refresh] done in 8ms @ http://localhost:3025/_next/static/chunks/node_modules_next_dist_1e8vcs8._.js:776
[   70580ms] [LOG] [Fast Refresh] done in 8ms @ http://localhost:3025/_next/static/chunks/node_modules_next_dist_1e8vcs8._.js:776
[   70627ms] [LOG] [Fast Refresh] done in 8ms @ http://localhost:3025/_next/static/chunks/node_modules_next_dist_1e8vcs8._.js:776
[   70677ms] [LOG] [Fast Refresh] done in 8ms @ http://localhost:3025/_next/static/chunks/node_modules_next_dist_1e8vcs8._.js:776
[   70727ms] [LOG] [Fast Refresh] done in 8ms @ http://localhost:3025/_next/static/chunks/node_modules_next_dist_1e8vcs8._.js:776
[   70777ms] [LOG] [Fast Refresh] done in 8ms @ http://localhost:3025/_next/static/chunks/node_modules_next_dist_1e8vcs8._.js:776
[   70825ms] [LOG] [Fast Refresh] done in 8ms @ http://localhost:3025/_next/static/chunks/node_modules_next_dist_1e8vcs8._.js:776
[   70865ms] [LOG] [Fast Refresh] done in 8ms @ http://localhost:3025/_next/static/chunks/node_modules_next_dist_1e8vcs8._.js:776
[   70914ms] [LOG] [Fast Refresh] done in 8ms @ http://localhost:3025/_next/static/chunks/node_modules_next_dist_1e8vcs8._.js:776
[   70962ms] [LOG] [Fast Refresh] done in 8ms @ http://localhost:3025/_next/static/chunks/node_modules_next_dist_1e8vcs8._.js:776
[   71010ms] [LOG] [Fast Refresh] done in 8ms @ http://localhost:3025/_next/static/chunks/node_modules_next_dist_1e8vcs8._.js:776
[   71059ms] [LOG] [Fast Refresh] done in 8ms @ http://localhost:3025/_next/static/chunks/node_modules_next_dist_1e8vcs8._.js:776
[   71108ms] [LOG] [Fast Refresh] done in 8ms @ http://localhost:3025/_next/static/chunks/node_modules_next_dist_1e8vcs8._.js:776
[   71156ms] [LOG] [Fast Refresh] done in 8ms @ http://localhost:3025/_next/static/chunks/node_modules_next_dist_1e8vcs8._.js:776
[   71205ms] [LOG] [Fast Refresh] done in 8ms @ http://localhost:3025/_next/static/chunks/node_modules_next_dist_1e8vcs8._.js:776
[   71254ms] [LOG] [Fast Refresh] done in 8ms @ http://localhost:3025/_next/static/chunks/node_modules_next_dist_1e8vcs8._.js:776
[   71304ms] [LOG] [Fast Refresh] done in 8ms @ http://localhost:3025/_next/static/chunks/node_modules_next_dist_1e8vcs8._.js:776
[   71351ms] [LOG] [Fast Refresh] done in 8ms @ http://localhost:3025/_next/static/chunks/node_modules_next_dist_1e8vcs8._.js:776
[   71401ms] [LOG] [Fast Refresh] done in 8ms @ http://localhost:3025/_next/static/chunks/node_modules_next_dist_1e8vcs8._.js:776
[   71450ms] [LOG] [Fast Refresh] done in 8ms @ http://localhost:3025/_next/static/chunks/node_modules_next_dist_1e8vcs8._.js:776
[   71498ms] [LOG] [Fast Refresh] done in 8ms @ http://localhost:3025/_next/static/chunks/node_modules_next_dist_1e8vcs8._.js:776
[   71548ms] [LOG] [Fast Refresh] done in 8ms @ http://localhost:3025/_next/static/chunks/node_modules_next_dist_1e8vcs8._.js:776
[   71597ms] [LOG] [Fast Refresh] done in 8ms @ http://localhost:3025/_next/static/chunks/node_modules_next_dist_1e8vcs8._.js:776
[   71643ms] [LOG] [Fast Refresh] done in 8ms @ http://localhost:3025/_next/static/chunks/node_modules_next_dist_1e8vcs8._.js:776
[   71681ms] [LOG] [Fast Refresh] done in 8ms @ http://localhost:3025/_next/static/chunks/node_modules_next_dist_1e8vcs8._.js:776
[   71729ms] [LOG] [Fast Refresh] done in 8ms @ http://localhost:3025/_next/static/chunks/node_modules_next_dist_1e8vcs8._.js:776
[   71776ms] [LOG] [Fast Refresh] done in 8ms @ http://localhost:3025/_next/static/chunks/node_modules_next_dist_1e8vcs8._.js:776
[   71825ms] [LOG] [Fast Refresh] done in 8ms @ http://localhost:3025/_next/static/chunks/node_modules_next_dist_1e8vcs8._.js:776
[   71874ms] [LOG] [Fast Refresh] done in 8ms @ http://localhost:3025/_next/static/chunks/node_modules_next_dist_1e8vcs8._.js:776
[   71923ms] [LOG] [Fast Refresh] done in 8ms @ http://localhost:3025/_next/static/chunks/node_modules_next_dist_1e8vcs8._.js:776
[   71965ms] [LOG] [Fast Refresh] done in 8ms @ http://localhost:3025/_next/static/chunks/node_modules_next_dist_1e8vcs8._.js:776
[   72011ms] [LOG] [Fast Refresh] done in 8ms @ http://localhost:3025/_next/static/chunks/node_modules_next_dist_1e8vcs8._.js:776
[   72057ms] [LOG] [Fast Refresh] done in 8ms @ http://localhost:3025/_next/static/chunks/node_modules_next_dist_1e8vcs8._.js:776
[   72102ms] [LOG] [Fast Refresh] done in 8ms @ http://localhost:3025/_next/static/chunks/node_modules_next_dist_1e8vcs8._.js:776
[   72149ms] [LOG] [Fast Refresh] done in 8ms @ http://localhost:3025/_next/static/chunks/node_modules_next_dist_1e8vcs8._.js:776
[   72196ms] [LOG] [Fast Refresh] done in 8ms @ http://localhost:3025/_next/static/chunks/node_modules_next_dist_1e8vcs8._.js:776
[   72244ms] [LOG] [Fast Refresh] done in 8ms @ http://localhost:3025/_next/static/chunks/node_modules_next_dist_1e8vcs8._.js:776
[   72291ms] [LOG] [Fast Refresh] done in 8ms @ http://localhost:3025/_next/static/chunks/node_modules_next_dist_1e8vcs8._.js:776
[   72341ms] [LOG] [Fast Refresh] done in 8ms @ http://localhost:3025/_next/static/chunks/node_modules_next_dist_1e8vcs8._.js:776
[   72389ms] [LOG] [Fast Refresh] done in 8ms @ http://localhost:3025/_next/static/chunks/node_modules_next_dist_1e8vcs8._.js:776
[   72438ms] [LOG] [Fast Refresh] done in 8ms @ http://localhost:3025/_next/static/chunks/node_modules_next_dist_1e8vcs8._.js:776
[   72475ms] [LOG] [Fast Refresh] done in 8ms @ http://localhost:3025/_next/static/chunks/node_modules_next_dist_1e8vcs8._.js:776
[   72525ms] [LOG] [Fast Refresh] done in 8ms @ http://localhost:3025/_next/static/chunks/node_modules_next_dist_1e8vcs8._.js:776
[   72573ms] [LOG] [Fast Refresh] done in 8ms @ http://localhost:3025/_next/static/chunks/node_modules_next_dist_1e8vcs8._.js:776
[   72622ms] [LOG] [Fast Refresh] done in 8ms @ http://localhost:3025/_next/static/chunks/node_modules_next_dist_1e8vcs8._.js:776
[   72670ms] [LOG] [Fast Refresh] done in 8ms @ http://localhost:3025/_next/static/chunks/node_modules_next_dist_1e8vcs8._.js:776
[   72721ms] [LOG] [Fast Refresh] done in 8ms @ http://localhost:3025/_next/static/chunks/node_modules_next_dist_1e8vcs8._.js:776
[   72771ms] [LOG] [Fast Refresh] done in 8ms @ http://localhost:3025/_next/static/chunks/node_modules_next_dist_1e8vcs8._.js:776
[   72818ms] [LOG] [Fast Refresh] done in 8ms @ http://localhost:3025/_next/static/chunks/node_modules_next_dist_1e8vcs8._.js:776
[   72862ms] [LOG] [Fast Refresh] done in 8ms @ http://localhost:3025/_next/static/chunks/node_modules_next_dist_1e8vcs8._.js:776
[   72907ms] [LOG] [Fast Refresh] done in 8ms @ http://localhost:3025/_next/static/chunks/node_modules_next_dist_1e8vcs8._.js:776
[   72953ms] [LOG] [Fast Refresh] done in 8ms @ http://localhost:3025/_next/static/chunks/node_modules_next_dist_1e8vcs8._.js:776
[   72998ms] [LOG] [Fast Refresh] done in 8ms @ http://localhost:3025/_next/static/chunks/node_modules_next_dist_1e8vcs8._.js:776
[   73044ms] [LOG] [Fast Refresh] done in 8ms @ http://localhost:3025/_next/static/chunks/node_modules_next_dist_1e8vcs8._.js:776
[   73091ms] [LOG] [Fast Refresh] done in 8ms @ http://localhost:3025/_next/static/chunks/node_modules_next_dist_1e8vcs8._.js:776
[   73138ms] [LOG] [Fast Refresh] done in 8ms @ http://localhost:3025/_next/static/chunks/node_modules_next_dist_1e8vcs8._.js:776
[   73184ms] [LOG] [Fast Refresh] done in 8ms @ http://localhost:3025/_next/static/chunks/node_modules_next_dist_1e8vcs8._.js:776
[   73229ms] [LOG] [Fast Refresh] done in 8ms @ http://localhost:3025/_next/static/chunks/node_modules_next_dist_1e8vcs8._.js:776
[   73276ms] [LOG] [Fast Refresh] done in 8ms @ http://localhost:3025/_next/static/chunks/node_modules_next_dist_1e8vcs8._.js:776
[   73322ms] [LOG] [Fast Refresh] done in 8ms @ http://localhost:3025/_next/static/chunks/node_modules_next_dist_1e8vcs8._.js:776
[   73367ms] [LOG] [Fast Refresh] done in 8ms @ http://localhost:3025/_next/static/chunks/node_modules_next_dist_1e8vcs8._.js:776
[   73414ms] [LOG] [Fast Refresh] done in 8ms @ http://localhost:3025/_next/static/chunks/node_modules_next_dist_1e8vcs8._.js:776
[   73462ms] [LOG] [Fast Refresh] done in 8ms @ http://localhost:3025/_next/static/chunks/node_modules_next_dist_1e8vcs8._.js:776
[   73511ms] [LOG] [Fast Refresh] done in 8ms @ http://localhost:3025/_next/static/chunks/node_modules_next_dist_1e8vcs8._.js:776
[   73560ms] [LOG] [Fast Refresh] done in 8ms @ http://localhost:3025/_next/static/chunks/node_modules_next_dist_1e8vcs8._.js:776
[   73608ms] [LOG] [Fast Refresh] done in 8ms @ http://localhost:3025/_next/static/chunks/node_modules_next_dist_1e8vcs8._.js:776
[   73657ms] [LOG] [Fast Refresh] done in 8ms @ http://localhost:3025/_next/static/chunks/node_modules_next_dist_1e8vcs8._.js:776
[   73706ms] [LOG] [Fast Refresh] done in 8ms @ http://localhost:3025/_next/static/chunks/node_modules_next_dist_1e8vcs8._.js:776
[   73756ms] [LOG] [Fast Refresh] done in 8ms @ http://localhost:3025/_next/static/chunks/node_modules_next_dist_1e8vcs8._.js:776
[   73805ms] [LOG] [Fast Refresh] done in 8ms @ http://localhost:3025/_next/static/chunks/node_modules_next_dist_1e8vcs8._.js:776
[   73854ms] [LOG] [Fast Refresh] done in 8ms @ http://localhost:3025/_next/static/chunks/node_modules_next_dist_1e8vcs8._.js:776
[   73902ms] [LOG] [Fast Refresh] done in 8ms @ http://localhost:3025/_next/static/chunks/node_modules_next_dist_1e8vcs8._.js:776
[   73951ms] [LOG] [Fast Refresh] done in 8ms @ http://localhost:3025/_next/static/chunks/node_modules_next_dist_1e8vcs8._.js:776
[   74001ms] [LOG] [Fast Refresh] done in 8ms @ http://localhost:3025/_next/static/chunks/node_modules_next_dist_1e8vcs8._.js:776
[   74050ms] [LOG] [Fast Refresh] done in 8ms @ http://localhost:3025/_next/static/chunks/node_modules_next_dist_1e8vcs8._.js:776
[   74101ms] [LOG] [Fast Refresh] done in 8ms @ http://localhost:3025/_next/static/chunks/node_modules_next_dist_1e8vcs8._.js:776
[   74149ms] [LOG] [Fast Refresh] done in 8ms @ http://localhost:3025/_next/static/chunks/node_modules_next_dist_1e8vcs8._.js:776
[   74197ms] [LOG] [Fast Refresh] done in 8ms @ http://localhost:3025/_next/static/chunks/node_modules_next_dist_1e8vcs8._.js:776
[   74246ms] [LOG] [Fast Refresh] done in 8ms @ http://localhost:3025/_next/static/chunks/node_modules_next_dist_1e8vcs8._.js:776
[   74293ms] [LOG] [Fast Refresh] done in 8ms @ http://localhost:3025/_next/static/chunks/node_modules_next_dist_1e8vcs8._.js:776
[   74342ms] [LOG] [Fast Refresh] done in 8ms @ http://localhost:3025/_next/static/chunks/node_modules_next_dist_1e8vcs8._.js:776
[   74389ms] [LOG] [Fast Refresh] done in 8ms @ http://localhost:3025/_next/static/chunks/node_modules_next_dist_1e8vcs8._.js:776
[   74439ms] [LOG] [Fast Refresh] done in 8ms @ http://localhost:3025/_next/static/chunks/node_modules_next_dist_1e8vcs8._.js:776
[   74484ms] [LOG] [Fast Refresh] done in 8ms @ http://localhost:3025/_next/static/chunks/node_modules_next_dist_1e8vcs8._.js:776
[   74533ms] [LOG] [Fast Refresh] done in 8ms @ http://localhost:3025/_next/static/chunks/node_modules_next_dist_1e8vcs8._.js:776
[   74583ms] [LOG] [Fast Refresh] done in 8ms @ http://localhost:3025/_next/static/chunks/node_modules_next_dist_1e8vcs8._.js:776
[   74632ms] [LOG] [Fast Refresh] done in 8ms @ http://localhost:3025/_next/static/chunks/node_modules_next_dist_1e8vcs8._.js:776
[   74680ms] [LOG] [Fast Refresh] done in 8ms @ http://localhost:3025/_next/static/chunks/node_modules_next_dist_1e8vcs8._.js:776
[   74728ms] [LOG] [Fast Refresh] done in 8ms @ http://localhost:3025/_next/static/chunks/node_modules_next_dist_1e8vcs8._.js:776
[   74775ms] [LOG] [Fast Refresh] done in 8ms @ http://localhost:3025/_next/static/chunks/node_modules_next_dist_1e8vcs8._.js:776
[   74824ms] [LOG] [Fast Refresh] done in 8ms @ http://localhost:3025/_next/static/chunks/node_modules_next_dist_1e8vcs8._.js:776
[   74873ms] [LOG] [Fast Refresh] done in 8ms @ http://localhost:3025/_next/static/chunks/node_modules_next_dist_1e8vcs8._.js:776
[   74922ms] [LOG] [Fast Refresh] done in 8ms @ http://localhost:3025/_next/static/chunks/node_modules_next_dist_1e8vcs8._.js:776
[   74972ms] [LOG] [Fast Refresh] done in 8ms @ http://localhost:3025/_next/static/chunks/node_modules_next_dist_1e8vcs8._.js:776
[   75021ms] [LOG] [Fast Refresh] done in 8ms @ http://localhost:3025/_next/static/chunks/node_modules_next_dist_1e8vcs8._.js:776
[   75069ms] [LOG] [Fast Refresh] done in 8ms @ http://localhost:3025/_next/static/chunks/node_modules_next_dist_1e8vcs8._.js:776
[   75118ms] [LOG] [Fast Refresh] done in 8ms @ http://localhost:3025/_next/static/chunks/node_modules_next_dist_1e8vcs8._.js:776
[   75166ms] [LOG] [Fast Refresh] done in 8ms @ http://localhost:3025/_next/static/chunks/node_modules_next_dist_1e8vcs8._.js:776
[   75214ms] [LOG] [Fast Refresh] done in 8ms @ http://localhost:3025/_next/static/chunks/node_modules_next_dist_1e8vcs8._.js:776
[   75263ms] [LOG] [Fast Refresh] done in 8ms @ http://localhost:3025/_next/static/chunks/node_modules_next_dist_1e8vcs8._.js:776
[   75313ms] [LOG] [Fast Refresh] done in 8ms @ http://localhost:3025/_next/static/chunks/node_modules_next_dist_1e8vcs8._.js:776
[   75362ms] [LOG] [Fast Refresh] done in 8ms @ http://localhost:3025/_next/static/chunks/node_modules_next_dist_1e8vcs8._.js:776
[   75410ms] [LOG] [Fast Refresh] done in 8ms @ http://localhost:3025/_next/static/chunks/node_modules_next_dist_1e8vcs8._.js:776
[   75458ms] [LOG] [Fast Refresh] done in 8ms @ http://localhost:3025/_next/static/chunks/node_modules_next_dist_1e8vcs8._.js:776
[   75507ms] [LOG] [Fast Refresh] done in 8ms @ http://localhost:3025/_next/static/chunks/node_modules_next_dist_1e8vcs8._.js:776
[   75555ms] [LOG] [Fast Refresh] done in 8ms @ http://localhost:3025/_next/static/chunks/node_modules_next_dist_1e8vcs8._.js:776
[   75604ms] [LOG] [Fast Refresh] done in 8ms @ http://localhost:3025/_next/static/chunks/node_modules_next_dist_1e8vcs8._.js:776
[   75653ms] [LOG] [Fast Refresh] done in 8ms @ http://localhost:3025/_next/static/chunks/node_modules_next_dist_1e8vcs8._.js:776
[   75702ms] [LOG] [Fast Refresh] done in 8ms @ http://localhost:3025/_next/static/chunks/node_modules_next_dist_1e8vcs8._.js:776
[   75750ms] [LOG] [Fast Refresh] done in 8ms @ http://localhost:3025/_next/static/chunks/node_modules_next_dist_1e8vcs8._.js:776
[   75799ms] [LOG] [Fast Refresh] done in 8ms @ http://localhost:3025/_next/static/chunks/node_modules_next_dist_1e8vcs8._.js:776
[   75849ms] [LOG] [Fast Refresh] done in 8ms @ http://localhost:3025/_next/static/chunks/node_modules_next_dist_1e8vcs8._.js:776
[   75890ms] [LOG] [Fast Refresh] done in 8ms @ http://localhost:3025/_next/static/chunks/node_modules_next_dist_1e8vcs8._.js:776
[   75939ms] [LOG] [Fast Refresh] done in 8ms @ http://localhost:3025/_next/static/chunks/node_modules_next_dist_1e8vcs8._.js:776
[   75983ms] [LOG] [Fast Refresh] done in 8ms @ http://localhost:3025/_next/static/chunks/node_modules_next_dist_1e8vcs8._.js:776
[   76032ms] [LOG] [Fast Refresh] done in 8ms @ http://localhost:3025/_next/static/chunks/node_modules_next_dist_1e8vcs8._.js:776
[   76081ms] [LOG] [Fast Refresh] done in 8ms @ http://localhost:3025/_next/static/chunks/node_modules_next_dist_1e8vcs8._.js:776
[   76129ms] [LOG] [Fast Refresh] done in 8ms @ http://localhost:3025/_next/static/chunks/node_modules_next_dist_1e8vcs8._.js:776
[   76176ms] [LOG] [Fast Refresh] done in 8ms @ http://localhost:3025/_next/static/chunks/node_modules_next_dist_1e8vcs8._.js:776
[   76224ms] [LOG] [Fast Refresh] done in 8ms @ http://localhost:3025/_next/static/chunks/node_modules_next_dist_1e8vcs8._.js:776
[   76273ms] [LOG] [Fast Refresh] done in 8ms @ http://localhost:3025/_next/static/chunks/node_modules_next_dist_1e8vcs8._.js:776
[   76323ms] [LOG] [Fast Refresh] done in 8ms @ http://localhost:3025/_next/static/chunks/node_modules_next_dist_1e8vcs8._.js:776
[   76373ms] [LOG] [Fast Refresh] done in 8ms @ http://localhost:3025/_next/static/chunks/node_modules_next_dist_1e8vcs8._.js:776
[   76421ms] [LOG] [Fast Refresh] done in 8ms @ http://localhost:3025/_next/static/chunks/node_modules_next_dist_1e8vcs8._.js:776
[   76469ms] [LOG] [Fast Refresh] done in 8ms @ http://localhost:3025/_next/static/chunks/node_modules_next_dist_1e8vcs8._.js:776
[   76518ms] [LOG] [Fast Refresh] done in 8ms @ http://localhost:3025/_next/static/chunks/node_modules_next_dist_1e8vcs8._.js:776
[   76566ms] [LOG] [Fast Refresh] done in 8ms @ http://localhost:3025/_next/static/chunks/node_modules_next_dist_1e8vcs8._.js:776
[   76612ms] [LOG] [Fast Refresh] done in 8ms @ http://localhost:3025/_next/static/chunks/node_modules_next_dist_1e8vcs8._.js:776
[   76661ms] [LOG] [Fast Refresh] done in 8ms @ http://localhost:3025/_next/static/chunks/node_modules_next_dist_1e8vcs8._.js:776
[   76709ms] [LOG] [Fast Refresh] done in 8ms @ http://localhost:3025/_next/static/chunks/node_modules_next_dist_1e8vcs8._.js:776
[   76757ms] [LOG] [Fast Refresh] done in 8ms @ http://localhost:3025/_next/static/chunks/node_modules_next_dist_1e8vcs8._.js:776
[   76805ms] [LOG] [Fast Refresh] done in 8ms @ http://localhost:3025/_next/static/chunks/node_modules_next_dist_1e8vcs8._.js:776
[   76854ms] [LOG] [Fast Refresh] done in 8ms @ http://localhost:3025/_next/static/chunks/node_modules_next_dist_1e8vcs8._.js:776
[   76903ms] [LOG] [Fast Refresh] done in 8ms @ http://localhost:3025/_next/static/chunks/node_modules_next_dist_1e8vcs8._.js:776
[   76952ms] [LOG] [Fast Refresh] done in 8ms @ http://localhost:3025/_next/static/chunks/node_modules_next_dist_1e8vcs8._.js:776
[   77000ms] [LOG] [Fast Refresh] done in 8ms @ http://localhost:3025/_next/static/chunks/node_modules_next_dist_1e8vcs8._.js:776
[   77049ms] [LOG] [Fast Refresh] done in 8ms @ http://localhost:3025/_next/static/chunks/node_modules_next_dist_1e8vcs8._.js:776
[   77098ms] [LOG] [Fast Refresh] done in 8ms @ http://localhost:3025/_next/static/chunks/node_modules_next_dist_1e8vcs8._.js:776
[   77147ms] [LOG] [Fast Refresh] done in 8ms @ http://localhost:3025/_next/static/chunks/node_modules_next_dist_1e8vcs8._.js:776
[   77195ms] [LOG] [Fast Refresh] done in 8ms @ http://localhost:3025/_next/static/chunks/node_modules_next_dist_1e8vcs8._.js:776
[   77243ms] [LOG] [Fast Refresh] done in 8ms @ http://localhost:3025/_next/static/chunks/node_modules_next_dist_1e8vcs8._.js:776
[   77291ms] [LOG] [Fast Refresh] done in 8ms @ http://localhost:3025/_next/static/chunks/node_modules_next_dist_1e8vcs8._.js:776
[   77340ms] [LOG] [Fast Refresh] done in 8ms @ http://localhost:3025/_next/static/chunks/node_modules_next_dist_1e8vcs8._.js:776
[   77386ms] [LOG] [Fast Refresh] done in 8ms @ http://localhost:3025/_next/static/chunks/node_modules_next_dist_1e8vcs8._.js:776
[   77431ms] [LOG] [Fast Refresh] done in 8ms @ http://localhost:3025/_next/static/chunks/node_modules_next_dist_1e8vcs8._.js:776
[   77478ms] [LOG] [Fast Refresh] done in 8ms @ http://localhost:3025/_next/static/chunks/node_modules_next_dist_1e8vcs8._.js:776
[   77524ms] [LOG] [Fast Refresh] done in 8ms @ http://localhost:3025/_next/static/chunks/node_modules_next_dist_1e8vcs8._.js:776
[   77570ms] [LOG] [Fast Refresh] done in 8ms @ http://localhost:3025/_next/static/chunks/node_modules_next_dist_1e8vcs8._.js:776
[   77618ms] [LOG] [Fast Refresh] done in 8ms @ http://localhost:3025/_next/static/chunks/node_modules_next_dist_1e8vcs8._.js:776
[   77665ms] [LOG] [Fast Refresh] done in 8ms @ http://localhost:3025/_next/static/chunks/node_modules_next_dist_1e8vcs8._.js:776
[   77711ms] [LOG] [Fast Refresh] done in 8ms @ http://localhost:3025/_next/static/chunks/node_modules_next_dist_1e8vcs8._.js:776
[   77757ms] [LOG] [Fast Refresh] done in 8ms @ http://localhost:3025/_next/static/chunks/node_modules_next_dist_1e8vcs8._.js:776
[   77803ms] [LOG] [Fast Refresh] done in 8ms @ http://localhost:3025/_next/static/chunks/node_modules_next_dist_1e8vcs8._.js:776
[   77850ms] [LOG] [Fast Refresh] done in 8ms @ http://localhost:3025/_next/static/chunks/node_modules_next_dist_1e8vcs8._.js:776
[   77896ms] [LOG] [Fast Refresh] done in 8ms @ http://localhost:3025/_next/static/chunks/node_modules_next_dist_1e8vcs8._.js:776
[   77943ms] [LOG] [Fast Refresh] done in 8ms @ http://localhost:3025/_next/static/chunks/node_modules_next_dist_1e8vcs8._.js:776
[   77991ms] [LOG] [Fast Refresh] done in 8ms @ http://localhost:3025/_next/static/chunks/node_modules_next_dist_1e8vcs8._.js:776
[   78040ms] [LOG] [Fast Refresh] done in 8ms @ http://localhost:3025/_next/static/chunks/node_modules_next_dist_1e8vcs8._.js:776
[   78088ms] [LOG] [Fast Refresh] done in 8ms @ http://localhost:3025/_next/static/chunks/node_modules_next_dist_1e8vcs8._.js:776
[   78138ms] [LOG] [Fast Refresh] done in 8ms @ http://localhost:3025/_next/static/chunks/node_modules_next_dist_1e8vcs8._.js:776
[   78185ms] [LOG] [Fast Refresh] done in 8ms @ http://localhost:3025/_next/static/chunks/node_modules_next_dist_1e8vcs8._.js:776
[   78232ms] [LOG] [Fast Refresh] done in 8ms @ http://localhost:3025/_next/static/chunks/node_modules_next_dist_1e8vcs8._.js:776
[   78280ms] [LOG] [Fast Refresh] done in 8ms @ http://localhost:3025/_next/static/chunks/node_modules_next_dist_1e8vcs8._.js:776
[   78329ms] [LOG] [Fast Refresh] done in 8ms @ http://localhost:3025/_next/static/chunks/node_modules_next_dist_1e8vcs8._.js:776
[   78377ms] [LOG] [Fast Refresh] done in 8ms @ http://localhost:3025/_next/static/chunks/node_modules_next_dist_1e8vcs8._.js:776
[   78425ms] [LOG] [Fast Refresh] done in 8ms @ http://localhost:3025/_next/static/chunks/node_modules_next_dist_1e8vcs8._.js:776
[   78473ms] [LOG] [Fast Refresh] done in 8ms @ http://localhost:3025/_next/static/chunks/node_modules_next_dist_1e8vcs8._.js:776
[   78522ms] [LOG] [Fast Refresh] done in 8ms @ http://localhost:3025/_next/static/chunks/node_modules_next_dist_1e8vcs8._.js:776
[   78570ms] [LOG] [Fast Refresh] done in 8ms @ http://localhost:3025/_next/static/chunks/node_modules_next_dist_1e8vcs8._.js:776
[   78618ms] [LOG] [Fast Refresh] done in 8ms @ http://localhost:3025/_next/static/chunks/node_modules_next_dist_1e8vcs8._.js:776
[   78667ms] [LOG] [Fast Refresh] done in 8ms @ http://localhost:3025/_next/static/chunks/node_modules_next_dist_1e8vcs8._.js:776
[   78716ms] [LOG] [Fast Refresh] done in 8ms @ http://localhost:3025/_next/static/chunks/node_modules_next_dist_1e8vcs8._.js:776
[   78763ms] [LOG] [Fast Refresh] done in 8ms @ http://localhost:3025/_next/static/chunks/node_modules_next_dist_1e8vcs8._.js:776
[   78811ms] [LOG] [Fast Refresh] done in 8ms @ http://localhost:3025/_next/static/chunks/node_modules_next_dist_1e8vcs8._.js:776
[   78859ms] [LOG] [Fast Refresh] done in 8ms @ http://localhost:3025/_next/static/chunks/node_modules_next_dist_1e8vcs8._.js:776
[   78905ms] [LOG] [Fast Refresh] done in 8ms @ http://localhost:3025/_next/static/chunks/node_modules_next_dist_1e8vcs8._.js:776
[   78951ms] [LOG] [Fast Refresh] done in 8ms @ http://localhost:3025/_next/static/chunks/node_modules_next_dist_1e8vcs8._.js:776
[   78997ms] [LOG] [Fast Refresh] done in 8ms @ http://localhost:3025/_next/static/chunks/node_modules_next_dist_1e8vcs8._.js:776
[   79045ms] [LOG] [Fast Refresh] done in 8ms @ http://localhost:3025/_next/static/chunks/node_modules_next_dist_1e8vcs8._.js:776
[   79093ms] [LOG] [Fast Refresh] done in 8ms @ http://localhost:3025/_next/static/chunks/node_modules_next_dist_1e8vcs8._.js:776
[   79141ms] [LOG] [Fast Refresh] done in 8ms @ http://localhost:3025/_next/static/chunks/node_modules_next_dist_1e8vcs8._.js:776
[   79188ms] [LOG] [Fast Refresh] done in 8ms @ http://localhost:3025/_next/static/chunks/node_modules_next_dist_1e8vcs8._.js:776
[   79236ms] [LOG] [Fast Refresh] done in 8ms @ http://localhost:3025/_next/static/chunks/node_modules_next_dist_1e8vcs8._.js:776
[   79283ms] [LOG] [Fast Refresh] done in 8ms @ http://localhost:3025/_next/static/chunks/node_modules_next_dist_1e8vcs8._.js:776
[   79331ms] [LOG] [Fast Refresh] done in 8ms @ http://localhost:3025/_next/static/chunks/node_modules_next_dist_1e8vcs8._.js:776
[   79377ms] [LOG] [Fast Refresh] done in 8ms @ http://localhost:3025/_next/static/chunks/node_modules_next_dist_1e8vcs8._.js:776
[   79425ms] [LOG] [Fast Refresh] done in 8ms @ http://localhost:3025/_next/static/chunks/node_modules_next_dist_1e8vcs8._.js:776
[   79473ms] [LOG] [Fast Refresh] done in 8ms @ http://localhost:3025/_next/static/chunks/node_modules_next_dist_1e8vcs8._.js:776
[   79522ms] [LOG] [Fast Refresh] done in 8ms @ http://localhost:3025/_next/static/chunks/node_modules_next_dist_1e8vcs8._.js:776
[   79571ms] [LOG] [Fast Refresh] done in 8ms @ http://localhost:3025/_next/static/chunks/node_modules_next_dist_1e8vcs8._.js:776
[   79620ms] [LOG] [Fast Refresh] done in 8ms @ http://localhost:3025/_next/static/chunks/node_modules_next_dist_1e8vcs8._.js:776
[   79668ms] [LOG] [Fast Refresh] done in 8ms @ http://localhost:3025/_next/static/chunks/node_modules_next_dist_1e8vcs8._.js:776
[   79716ms] [LOG] [Fast Refresh] done in 8ms @ http://localhost:3025/_next/static/chunks/node_modules_next_dist_1e8vcs8._.js:776
[   79765ms] [LOG] [Fast Refresh] done in 8ms @ http://localhost:3025/_next/static/chunks/node_modules_next_dist_1e8vcs8._.js:776
[   79815ms] [LOG] [Fast Refresh] done in 8ms @ http://localhost:3025/_next/static/chunks/node_modules_next_dist_1e8vcs8._.js:776
[   79863ms] [LOG] [Fast Refresh] done in 8ms @ http://localhost:3025/_next/static/chunks/node_modules_next_dist_1e8vcs8._.js:776
[   79913ms] [LOG] [Fast Refresh] done in 8ms @ http://localhost:3025/_next/static/chunks/node_modules_next_dist_1e8vcs8._.js:776
[   79962ms] [LOG] [Fast Refresh] done in 8ms @ http://localhost:3025/_next/static/chunks/node_modules_next_dist_1e8vcs8._.js:776
[   80011ms] [LOG] [Fast Refresh] done in 8ms @ http://localhost:3025/_next/static/chunks/node_modules_next_dist_1e8vcs8._.js:776
[   80059ms] [LOG] [Fast Refresh] done in 8ms @ http://localhost:3025/_next/static/chunks/node_modules_next_dist_1e8vcs8._.js:776
[   80106ms] [LOG] [Fast Refresh] done in 8ms @ http://localhost:3025/_next/static/chunks/node_modules_next_dist_1e8vcs8._.js:776
[   80155ms] [LOG] [Fast Refresh] done in 8ms @ http://localhost:3025/_next/static/chunks/node_modules_next_dist_1e8vcs8._.js:776
[   80198ms] [LOG] [Fast Refresh] rebuilding @ http://localhost:3025/_next/static/chunks/node_modules_next_dist_1e8vcs8._.js:776
[   80270ms] [LOG] [Fast Refresh] done in 2ms @ http://localhost:3025/_next/static/chunks/node_modules_next_dist_1e8vcs8._.js:776
[   80317ms] [LOG] [Fast Refresh] done in 2ms @ http://localhost:3025/_next/static/chunks/node_modules_next_dist_1e8vcs8._.js:776
[   80362ms] [LOG] [Fast Refresh] done in 2ms @ http://localhost:3025/_next/static/chunks/node_modules_next_dist_1e8vcs8._.js:776
[   80407ms] [LOG] [Fast Refresh] done in 2ms @ http://localhost:3025/_next/static/chunks/node_modules_next_dist_1e8vcs8._.js:776
[   80453ms] [LOG] [Fast Refresh] done in 2ms @ http://localhost:3025/_next/static/chunks/node_modules_next_dist_1e8vcs8._.js:776
[   80500ms] [LOG] [Fast Refresh] done in 2ms @ http://localhost:3025/_next/static/chunks/node_modules_next_dist_1e8vcs8._.js:776
[   80547ms] [LOG] [Fast Refresh] done in 2ms @ http://localhost:3025/_next/static/chunks/node_modules_next_dist_1e8vcs8._.js:776
[   80596ms] [LOG] [Fast Refresh] done in 2ms @ http://localhost:3025/_next/static/chunks/node_modules_next_dist_1e8vcs8._.js:776
[   80646ms] [LOG] [Fast Refresh] done in 2ms @ http://localhost:3025/_next/static/chunks/node_modules_next_dist_1e8vcs8._.js:776
[   80693ms] [LOG] [Fast Refresh] done in 2ms @ http://localhost:3025/_next/static/chunks/node_modules_next_dist_1e8vcs8._.js:776
[   80743ms] [LOG] [Fast Refresh] done in 2ms @ http://localhost:3025/_next/static/chunks/node_modules_next_dist_1e8vcs8._.js:776
[   80792ms] [LOG] [Fast Refresh] done in 2ms @ http://localhost:3025/_next/static/chunks/node_modules_next_dist_1e8vcs8._.js:776
[   80841ms] [LOG] [Fast Refresh] done in 2ms @ http://localhost:3025/_next/static/chunks/node_modules_next_dist_1e8vcs8._.js:776
[   80890ms] [LOG] [Fast Refresh] done in 2ms @ http://localhost:3025/_next/static/chunks/node_modules_next_dist_1e8vcs8._.js:776
[   80939ms] [LOG] [Fast Refresh] done in 2ms @ http://localhost:3025/_next/static/chunks/node_modules_next_dist_1e8vcs8._.js:776
[   80987ms] [LOG] [Fast Refresh] done in 2ms @ http://localhost:3025/_next/static/chunks/node_modules_next_dist_1e8vcs8._.js:776
[   81036ms] [LOG] [Fast Refresh] done in 2ms @ http://localhost:3025/_next/static/chunks/node_modules_next_dist_1e8vcs8._.js:776
[   81085ms] [LOG] [Fast Refresh] done in 2ms @ http://localhost:3025/_next/static/chunks/node_modules_next_dist_1e8vcs8._.js:776
[   81134ms] [LOG] [Fast Refresh] done in 2ms @ http://localhost:3025/_next/static/chunks/node_modules_next_dist_1e8vcs8._.js:776
[   81183ms] [LOG] [Fast Refresh] done in 2ms @ http://localhost:3025/_next/static/chunks/node_modules_next_dist_1e8vcs8._.js:776
[   81230ms] [LOG] [Fast Refresh] done in 2ms @ http://localhost:3025/_next/static/chunks/node_modules_next_dist_1e8vcs8._.js:776
[   81279ms] [LOG] [Fast Refresh] done in 2ms @ http://localhost:3025/_next/static/chunks/node_modules_next_dist_1e8vcs8._.js:776
[   81328ms] [LOG] [Fast Refresh] done in 2ms @ http://localhost:3025/_next/static/chunks/node_modules_next_dist_1e8vcs8._.js:776
[   81368ms] [LOG] [Fast Refresh] done in 2ms @ http://localhost:3025/_next/static/chunks/node_modules_next_dist_1e8vcs8._.js:776
[   81416ms] [LOG] [Fast Refresh] done in 2ms @ http://localhost:3025/_next/static/chunks/node_modules_next_dist_1e8vcs8._.js:776
[   81464ms] [LOG] [Fast Refresh] done in 2ms @ http://localhost:3025/_next/static/chunks/node_modules_next_dist_1e8vcs8._.js:776
[   81514ms] [LOG] [Fast Refresh] done in 2ms @ http://localhost:3025/_next/static/chunks/node_modules_next_dist_1e8vcs8._.js:776
[   81562ms] [LOG] [Fast Refresh] done in 2ms @ http://localhost:3025/_next/static/chunks/node_modules_next_dist_1e8vcs8._.js:776
[   81610ms] [LOG] [Fast Refresh] done in 2ms @ http://localhost:3025/_next/static/chunks/node_modules_next_dist_1e8vcs8._.js:776
[   81656ms] [LOG] [Fast Refresh] done in 2ms @ http://localhost:3025/_next/static/chunks/node_modules_next_dist_1e8vcs8._.js:776
[   81703ms] [LOG] [Fast Refresh] done in 2ms @ http://localhost:3025/_next/static/chunks/node_modules_next_dist_1e8vcs8._.js:776
[   81750ms] [LOG] [Fast Refresh] done in 2ms @ http://localhost:3025/_next/static/chunks/node_modules_next_dist_1e8vcs8._.js:776
[   81799ms] [LOG] [Fast Refresh] done in 2ms @ http://localhost:3025/_next/static/chunks/node_modules_next_dist_1e8vcs8._.js:776
[   81847ms] [LOG] [Fast Refresh] done in 2ms @ http://localhost:3025/_next/static/chunks/node_modules_next_dist_1e8vcs8._.js:776
[   81894ms] [LOG] [Fast Refresh] done in 2ms @ http://localhost:3025/_next/static/chunks/node_modules_next_dist_1e8vcs8._.js:776
[   81942ms] [LOG] [Fast Refresh] done in 2ms @ http://localhost:3025/_next/static/chunks/node_modules_next_dist_1e8vcs8._.js:776
[   81987ms] [LOG] [Fast Refresh] done in 2ms @ http://localhost:3025/_next/static/chunks/node_modules_next_dist_1e8vcs8._.js:776
[   82033ms] [LOG] [Fast Refresh] done in 2ms @ http://localhost:3025/_next/static/chunks/node_modules_next_dist_1e8vcs8._.js:776
[   82078ms] [LOG] [Fast Refresh] done in 2ms @ http://localhost:3025/_next/static/chunks/node_modules_next_dist_1e8vcs8._.js:776
[   82126ms] [LOG] [Fast Refresh] done in 2ms @ http://localhost:3025/_next/static/chunks/node_modules_next_dist_1e8vcs8._.js:776
[   82173ms] [LOG] [Fast Refresh] done in 2ms @ http://localhost:3025/_next/static/chunks/node_modules_next_dist_1e8vcs8._.js:776
[   82219ms] [LOG] [Fast Refresh] done in 2ms @ http://localhost:3025/_next/static/chunks/node_modules_next_dist_1e8vcs8._.js:776
[   82265ms] [LOG] [Fast Refresh] done in 2ms @ http://localhost:3025/_next/static/chunks/node_modules_next_dist_1e8vcs8._.js:776
[   82311ms] [LOG] [Fast Refresh] done in 2ms @ http://localhost:3025/_next/static/chunks/node_modules_next_dist_1e8vcs8._.js:776
[   82356ms] [LOG] [Fast Refresh] done in 2ms @ http://localhost:3025/_next/static/chunks/node_modules_next_dist_1e8vcs8._.js:776
[   82392ms] [LOG] [Fast Refresh] done in 2ms @ http://localhost:3025/_next/static/chunks/node_modules_next_dist_1e8vcs8._.js:776
[   82438ms] [LOG] [Fast Refresh] done in 2ms @ http://localhost:3025/_next/static/chunks/node_modules_next_dist_1e8vcs8._.js:776
[   82485ms] [LOG] [Fast Refresh] done in 2ms @ http://localhost:3025/_next/static/chunks/node_modules_next_dist_1e8vcs8._.js:776
[   82533ms] [LOG] [Fast Refresh] done in 2ms @ http://localhost:3025/_next/static/chunks/node_modules_next_dist_1e8vcs8._.js:776
[   82581ms] [LOG] [Fast Refresh] done in 2ms @ http://localhost:3025/_next/static/chunks/node_modules_next_dist_1e8vcs8._.js:776
[   82621ms] [LOG] [Fast Refresh] done in 2ms @ http://localhost:3025/_next/static/chunks/node_modules_next_dist_1e8vcs8._.js:776
[   82666ms] [LOG] [Fast Refresh] done in 2ms @ http://localhost:3025/_next/static/chunks/node_modules_next_dist_1e8vcs8._.js:776
[   82712ms] [LOG] [Fast Refresh] done in 2ms @ http://localhost:3025/_next/static/chunks/node_modules_next_dist_1e8vcs8._.js:776
[   82759ms] [LOG] [Fast Refresh] done in 2ms @ http://localhost:3025/_next/static/chunks/node_modules_next_dist_1e8vcs8._.js:776
[   82799ms] [LOG] [Fast Refresh] done in 2ms @ http://localhost:3025/_next/static/chunks/node_modules_next_dist_1e8vcs8._.js:776
[   82846ms] [LOG] [Fast Refresh] done in 2ms @ http://localhost:3025/_next/static/chunks/node_modules_next_dist_1e8vcs8._.js:776
[   82892ms] [LOG] [Fast Refresh] done in 2ms @ http://localhost:3025/_next/static/chunks/node_modules_next_dist_1e8vcs8._.js:776
[   82940ms] [LOG] [Fast Refresh] done in 2ms @ http://localhost:3025/_next/static/chunks/node_modules_next_dist_1e8vcs8._.js:776
[   82988ms] [LOG] [Fast Refresh] done in 2ms @ http://localhost:3025/_next/static/chunks/node_modules_next_dist_1e8vcs8._.js:776
[   83036ms] [LOG] [Fast Refresh] done in 2ms @ http://localhost:3025/_next/static/chunks/node_modules_next_dist_1e8vcs8._.js:776
[   83085ms] [LOG] [Fast Refresh] done in 2ms @ http://localhost:3025/_next/static/chunks/node_modules_next_dist_1e8vcs8._.js:776
[   83135ms] [LOG] [Fast Refresh] done in 2ms @ http://localhost:3025/_next/static/chunks/node_modules_next_dist_1e8vcs8._.js:776
[   83183ms] [LOG] [Fast Refresh] done in 2ms @ http://localhost:3025/_next/static/chunks/node_modules_next_dist_1e8vcs8._.js:776
[   83230ms] [LOG] [Fast Refresh] done in 2ms @ http://localhost:3025/_next/static/chunks/node_modules_next_dist_1e8vcs8._.js:776
[   83277ms] [LOG] [Fast Refresh] done in 2ms @ http://localhost:3025/_next/static/chunks/node_modules_next_dist_1e8vcs8._.js:776
[   83321ms] [LOG] [Fast Refresh] done in 2ms @ http://localhost:3025/_next/static/chunks/node_modules_next_dist_1e8vcs8._.js:776
[   83370ms] [LOG] [Fast Refresh] done in 2ms @ http://localhost:3025/_next/static/chunks/node_modules_next_dist_1e8vcs8._.js:776
[   83418ms] [LOG] [Fast Refresh] done in 2ms @ http://localhost:3025/_next/static/chunks/node_modules_next_dist_1e8vcs8._.js:776
[   83464ms] [LOG] [Fast Refresh] done in 2ms @ http://localhost:3025/_next/static/chunks/node_modules_next_dist_1e8vcs8._.js:776
[   83512ms] [LOG] [Fast Refresh] done in 2ms @ http://localhost:3025/_next/static/chunks/node_modules_next_dist_1e8vcs8._.js:776
[   83558ms] [LOG] [Fast Refresh] done in 2ms @ http://localhost:3025/_next/static/chunks/node_modules_next_dist_1e8vcs8._.js:776
[   83604ms] [LOG] [Fast Refresh] done in 2ms @ http://localhost:3025/_next/static/chunks/node_modules_next_dist_1e8vcs8._.js:776
[   83650ms] [LOG] [Fast Refresh] done in 2ms @ http://localhost:3025/_next/static/chunks/node_modules_next_dist_1e8vcs8._.js:776
[   83696ms] [LOG] [Fast Refresh] done in 2ms @ http://localhost:3025/_next/static/chunks/node_modules_next_dist_1e8vcs8._.js:776
[   83742ms] [LOG] [Fast Refresh] done in 2ms @ http://localhost:3025/_next/static/chunks/node_modules_next_dist_1e8vcs8._.js:776
[   83789ms] [LOG] [Fast Refresh] done in 2ms @ http://localhost:3025/_next/static/chunks/node_modules_next_dist_1e8vcs8._.js:776
[   83835ms] [LOG] [Fast Refresh] done in 2ms @ http://localhost:3025/_next/static/chunks/node_modules_next_dist_1e8vcs8._.js:776
[   83880ms] [LOG] [Fast Refresh] done in 2ms @ http://localhost:3025/_next/static/chunks/node_modules_next_dist_1e8vcs8._.js:776
[   83927ms] [LOG] [Fast Refresh] done in 2ms @ http://localhost:3025/_next/static/chunks/node_modules_next_dist_1e8vcs8._.js:776
[   83974ms] [LOG] [Fast Refresh] done in 2ms @ http://localhost:3025/_next/static/chunks/node_modules_next_dist_1e8vcs8._.js:776
[   84020ms] [LOG] [Fast Refresh] done in 2ms @ http://localhost:3025/_next/static/chunks/node_modules_next_dist_1e8vcs8._.js:776
[   84067ms] [LOG] [Fast Refresh] done in 2ms @ http://localhost:3025/_next/static/chunks/node_modules_next_dist_1e8vcs8._.js:776
[   84116ms] [LOG] [Fast Refresh] done in 2ms @ http://localhost:3025/_next/static/chunks/node_modules_next_dist_1e8vcs8._.js:776
[   84156ms] [LOG] [Fast Refresh] done in 2ms @ http://localhost:3025/_next/static/chunks/node_modules_next_dist_1e8vcs8._.js:776
[   84192ms] [LOG] [Fast Refresh] done in 2ms @ http://localhost:3025/_next/static/chunks/node_modules_next_dist_1e8vcs8._.js:776
[   84228ms] [LOG] [Fast Refresh] done in 2ms @ http://localhost:3025/_next/static/chunks/node_modules_next_dist_1e8vcs8._.js:776
[   84275ms] [LOG] [Fast Refresh] done in 2ms @ http://localhost:3025/_next/static/chunks/node_modules_next_dist_1e8vcs8._.js:776
[   84322ms] [LOG] [Fast Refresh] done in 2ms @ http://localhost:3025/_next/static/chunks/node_modules_next_dist_1e8vcs8._.js:776
[   84369ms] [LOG] [Fast Refresh] done in 2ms @ http://localhost:3025/_next/static/chunks/node_modules_next_dist_1e8vcs8._.js:776
[   84417ms] [LOG] [Fast Refresh] done in 2ms @ http://localhost:3025/_next/static/chunks/node_modules_next_dist_1e8vcs8._.js:776
[   84465ms] [LOG] [Fast Refresh] done in 2ms @ http://localhost:3025/_next/static/chunks/node_modules_next_dist_1e8vcs8._.js:776
[   84512ms] [LOG] [Fast Refresh] done in 2ms @ http://localhost:3025/_next/static/chunks/node_modules_next_dist_1e8vcs8._.js:776
[   84560ms] [LOG] [Fast Refresh] done in 2ms @ http://localhost:3025/_next/static/chunks/node_modules_next_dist_1e8vcs8._.js:776
[   84609ms] [LOG] [Fast Refresh] done in 2ms @ http://localhost:3025/_next/static/chunks/node_modules_next_dist_1e8vcs8._.js:776
[   84656ms] [LOG] [Fast Refresh] done in 2ms @ http://localhost:3025/_next/static/chunks/node_modules_next_dist_1e8vcs8._.js:776
[   84702ms] [LOG] [Fast Refresh] done in 2ms @ http://localhost:3025/_next/static/chunks/node_modules_next_dist_1e8vcs8._.js:776
[   84747ms] [LOG] [Fast Refresh] done in 2ms @ http://localhost:3025/_next/static/chunks/node_modules_next_dist_1e8vcs8._.js:776
[   84795ms] [LOG] [Fast Refresh] done in 2ms @ http://localhost:3025/_next/static/chunks/node_modules_next_dist_1e8vcs8._.js:776
[   84843ms] [LOG] [Fast Refresh] done in 2ms @ http://localhost:3025/_next/static/chunks/node_modules_next_dist_1e8vcs8._.js:776
[   84893ms] [LOG] [Fast Refresh] done in 2ms @ http://localhost:3025/_next/static/chunks/node_modules_next_dist_1e8vcs8._.js:776
[   84942ms] [LOG] [Fast Refresh] done in 2ms @ http://localhost:3025/_next/static/chunks/node_modules_next_dist_1e8vcs8._.js:776
[   84990ms] [LOG] [Fast Refresh] done in 2ms @ http://localhost:3025/_next/static/chunks/node_modules_next_dist_1e8vcs8._.js:776
[   85038ms] [LOG] [Fast Refresh] done in 2ms @ http://localhost:3025/_next/static/chunks/node_modules_next_dist_1e8vcs8._.js:776
[   85086ms] [LOG] [Fast Refresh] done in 2ms @ http://localhost:3025/_next/static/chunks/node_modules_next_dist_1e8vcs8._.js:776
[   85133ms] [LOG] [Fast Refresh] done in 2ms @ http://localhost:3025/_next/static/chunks/node_modules_next_dist_1e8vcs8._.js:776
[   85181ms] [LOG] [Fast Refresh] done in 2ms @ http://localhost:3025/_next/static/chunks/node_modules_next_dist_1e8vcs8._.js:776
[   85227ms] [LOG] [Fast Refresh] done in 2ms @ http://localhost:3025/_next/static/chunks/node_modules_next_dist_1e8vcs8._.js:776
[   85273ms] [LOG] [Fast Refresh] done in 2ms @ http://localhost:3025/_next/static/chunks/node_modules_next_dist_1e8vcs8._.js:776
[   85319ms] [LOG] [Fast Refresh] done in 2ms @ http://localhost:3025/_next/static/chunks/node_modules_next_dist_1e8vcs8._.js:776
[   85365ms] [LOG] [Fast Refresh] done in 2ms @ http://localhost:3025/_next/static/chunks/node_modules_next_dist_1e8vcs8._.js:776
[   85411ms] [LOG] [Fast Refresh] done in 2ms @ http://localhost:3025/_next/static/chunks/node_modules_next_dist_1e8vcs8._.js:776
[   85458ms] [LOG] [Fast Refresh] done in 2ms @ http://localhost:3025/_next/static/chunks/node_modules_next_dist_1e8vcs8._.js:776
[   85507ms] [LOG] [Fast Refresh] done in 2ms @ http://localhost:3025/_next/static/chunks/node_modules_next_dist_1e8vcs8._.js:776
[   85555ms] [LOG] [Fast Refresh] done in 2ms @ http://localhost:3025/_next/static/chunks/node_modules_next_dist_1e8vcs8._.js:776
[   85604ms] [LOG] [Fast Refresh] done in 2ms @ http://localhost:3025/_next/static/chunks/node_modules_next_dist_1e8vcs8._.js:776
[   85654ms] [LOG] [Fast Refresh] done in 2ms @ http://localhost:3025/_next/static/chunks/node_modules_next_dist_1e8vcs8._.js:776
[   85702ms] [LOG] [Fast Refresh] done in 2ms @ http://localhost:3025/_next/static/chunks/node_modules_next_dist_1e8vcs8._.js:776
[   85749ms] [LOG] [Fast Refresh] done in 2ms @ http://localhost:3025/_next/static/chunks/node_modules_next_dist_1e8vcs8._.js:776
[   85796ms] [LOG] [Fast Refresh] done in 2ms @ http://localhost:3025/_next/static/chunks/node_modules_next_dist_1e8vcs8._.js:776
[   85845ms] [LOG] [Fast Refresh] done in 2ms @ http://localhost:3025/_next/static/chunks/node_modules_next_dist_1e8vcs8._.js:776
[   85895ms] [LOG] [Fast Refresh] done in 2ms @ http://localhost:3025/_next/static/chunks/node_modules_next_dist_1e8vcs8._.js:776
[   85945ms] [LOG] [Fast Refresh] done in 2ms @ http://localhost:3025/_next/static/chunks/node_modules_next_dist_1e8vcs8._.js:776
[   85994ms] [LOG] [Fast Refresh] done in 2ms @ http://localhost:3025/_next/static/chunks/node_modules_next_dist_1e8vcs8._.js:776
[   86042ms] [LOG] [Fast Refresh] done in 2ms @ http://localhost:3025/_next/static/chunks/node_modules_next_dist_1e8vcs8._.js:776
[   86090ms] [LOG] [Fast Refresh] done in 2ms @ http://localhost:3025/_next/static/chunks/node_modules_next_dist_1e8vcs8._.js:776
[   86137ms] [LOG] [Fast Refresh] done in 2ms @ http://localhost:3025/_next/static/chunks/node_modules_next_dist_1e8vcs8._.js:776
[   86184ms] [LOG] [Fast Refresh] done in 2ms @ http://localhost:3025/_next/static/chunks/node_modules_next_dist_1e8vcs8._.js:776
[   86230ms] [LOG] [Fast Refresh] done in 2ms @ http://localhost:3025/_next/static/chunks/node_modules_next_dist_1e8vcs8._.js:776
[   86275ms] [LOG] [Fast Refresh] done in 2ms @ http://localhost:3025/_next/static/chunks/node_modules_next_dist_1e8vcs8._.js:776
[   86322ms] [LOG] [Fast Refresh] done in 2ms @ http://localhost:3025/_next/static/chunks/node_modules_next_dist_1e8vcs8._.js:776
[   86369ms] [LOG] [Fast Refresh] done in 2ms @ http://localhost:3025/_next/static/chunks/node_modules_next_dist_1e8vcs8._.js:776
[   86417ms] [LOG] [Fast Refresh] done in 2ms @ http://localhost:3025/_next/static/chunks/node_modules_next_dist_1e8vcs8._.js:776
[   86466ms] [LOG] [Fast Refresh] done in 2ms @ http://localhost:3025/_next/static/chunks/node_modules_next_dist_1e8vcs8._.js:776
[   86515ms] [LOG] [Fast Refresh] done in 2ms @ http://localhost:3025/_next/static/chunks/node_modules_next_dist_1e8vcs8._.js:776
[   86563ms] [LOG] [Fast Refresh] done in 2ms @ http://localhost:3025/_next/static/chunks/node_modules_next_dist_1e8vcs8._.js:776
[   86611ms] [LOG] [Fast Refresh] done in 2ms @ http://localhost:3025/_next/static/chunks/node_modules_next_dist_1e8vcs8._.js:776
[   86658ms] [LOG] [Fast Refresh] done in 2ms @ http://localhost:3025/_next/static/chunks/node_modules_next_dist_1e8vcs8._.js:776
[   86706ms] [LOG] [Fast Refresh] done in 2ms @ http://localhost:3025/_next/static/chunks/node_modules_next_dist_1e8vcs8._.js:776
[   86756ms] [LOG] [Fast Refresh] done in 2ms @ http://localhost:3025/_next/static/chunks/node_modules_next_dist_1e8vcs8._.js:776
[   86805ms] [LOG] [Fast Refresh] done in 2ms @ http://localhost:3025/_next/static/chunks/node_modules_next_dist_1e8vcs8._.js:776
[   86854ms] [LOG] [Fast Refresh] done in 2ms @ http://localhost:3025/_next/static/chunks/node_modules_next_dist_1e8vcs8._.js:776
[   86903ms] [LOG] [Fast Refresh] done in 2ms @ http://localhost:3025/_next/static/chunks/node_modules_next_dist_1e8vcs8._.js:776
[   86950ms] [LOG] [Fast Refresh] done in 2ms @ http://localhost:3025/_next/static/chunks/node_modules_next_dist_1e8vcs8._.js:776
[   86997ms] [LOG] [Fast Refresh] done in 2ms @ http://localhost:3025/_next/static/chunks/node_modules_next_dist_1e8vcs8._.js:776
[   87045ms] [LOG] [Fast Refresh] done in 2ms @ http://localhost:3025/_next/static/chunks/node_modules_next_dist_1e8vcs8._.js:776
[   87093ms] [LOG] [Fast Refresh] done in 2ms @ http://localhost:3025/_next/static/chunks/node_modules_next_dist_1e8vcs8._.js:776
[   87142ms] [LOG] [Fast Refresh] done in 2ms @ http://localhost:3025/_next/static/chunks/node_modules_next_dist_1e8vcs8._.js:776
[   87188ms] [LOG] [Fast Refresh] done in 2ms @ http://localhost:3025/_next/static/chunks/node_modules_next_dist_1e8vcs8._.js:776
[   87233ms] [LOG] [Fast Refresh] done in 2ms @ http://localhost:3025/_next/static/chunks/node_modules_next_dist_1e8vcs8._.js:776
[   87279ms] [LOG] [Fast Refresh] done in 2ms @ http://localhost:3025/_next/static/chunks/node_modules_next_dist_1e8vcs8._.js:776
[   87325ms] [LOG] [Fast Refresh] done in 2ms @ http://localhost:3025/_next/static/chunks/node_modules_next_dist_1e8vcs8._.js:776
[   87373ms] [LOG] [Fast Refresh] done in 2ms @ http://localhost:3025/_next/static/chunks/node_modules_next_dist_1e8vcs8._.js:776
[   87421ms] [LOG] [Fast Refresh] done in 2ms @ http://localhost:3025/_next/static/chunks/node_modules_next_dist_1e8vcs8._.js:776
[   87470ms] [LOG] [Fast Refresh] done in 2ms @ http://localhost:3025/_next/static/chunks/node_modules_next_dist_1e8vcs8._.js:776
[   87517ms] [LOG] [Fast Refresh] done in 2ms @ http://localhost:3025/_next/static/chunks/node_modules_next_dist_1e8vcs8._.js:776
[   87564ms] [LOG] [Fast Refresh] done in 2ms @ http://localhost:3025/_next/static/chunks/node_modules_next_dist_1e8vcs8._.js:776
[   87614ms] [LOG] [Fast Refresh] done in 2ms @ http://localhost:3025/_next/static/chunks/node_modules_next_dist_1e8vcs8._.js:776
[   87662ms] [LOG] [Fast Refresh] done in 2ms @ http://localhost:3025/_next/static/chunks/node_modules_next_dist_1e8vcs8._.js:776
[   87709ms] [LOG] [Fast Refresh] done in 2ms @ http://localhost:3025/_next/static/chunks/node_modules_next_dist_1e8vcs8._.js:776
[   87757ms] [LOG] [Fast Refresh] done in 2ms @ http://localhost:3025/_next/static/chunks/node_modules_next_dist_1e8vcs8._.js:776
[   87806ms] [LOG] [Fast Refresh] done in 2ms @ http://localhost:3025/_next/static/chunks/node_modules_next_dist_1e8vcs8._.js:776
[   87855ms] [LOG] [Fast Refresh] done in 2ms @ http://localhost:3025/_next/static/chunks/node_modules_next_dist_1e8vcs8._.js:776
[   87902ms] [LOG] [Fast Refresh] done in 2ms @ http://localhost:3025/_next/static/chunks/node_modules_next_dist_1e8vcs8._.js:776
[   87952ms] [LOG] [Fast Refresh] done in 2ms @ http://localhost:3025/_next/static/chunks/node_modules_next_dist_1e8vcs8._.js:776
[   88001ms] [LOG] [Fast Refresh] done in 2ms @ http://localhost:3025/_next/static/chunks/node_modules_next_dist_1e8vcs8._.js:776
[   88049ms] [LOG] [Fast Refresh] done in 2ms @ http://localhost:3025/_next/static/chunks/node_modules_next_dist_1e8vcs8._.js:776
[   88096ms] [LOG] [Fast Refresh] done in 2ms @ http://localhost:3025/_next/static/chunks/node_modules_next_dist_1e8vcs8._.js:776
[   88142ms] [LOG] [Fast Refresh] done in 2ms @ http://localhost:3025/_next/static/chunks/node_modules_next_dist_1e8vcs8._.js:776
[   88188ms] [LOG] [Fast Refresh] done in 2ms @ http://localhost:3025/_next/static/chunks/node_modules_next_dist_1e8vcs8._.js:776
[   88223ms] [LOG] [Fast Refresh] done in 2ms @ http://localhost:3025/_next/static/chunks/node_modules_next_dist_1e8vcs8._.js:776
[   88268ms] [LOG] [Fast Refresh] done in 2ms @ http://localhost:3025/_next/static/chunks/node_modules_next_dist_1e8vcs8._.js:776
[   88314ms] [LOG] [Fast Refresh] done in 2ms @ http://localhost:3025/_next/static/chunks/node_modules_next_dist_1e8vcs8._.js:776
[   88360ms] [LOG] [Fast Refresh] done in 2ms @ http://localhost:3025/_next/static/chunks/node_modules_next_dist_1e8vcs8._.js:776
[   88406ms] [LOG] [Fast Refresh] done in 2ms @ http://localhost:3025/_next/static/chunks/node_modules_next_dist_1e8vcs8._.js:776
[   88453ms] [LOG] [Fast Refresh] done in 2ms @ http://localhost:3025/_next/static/chunks/node_modules_next_dist_1e8vcs8._.js:776
[   88499ms] [LOG] [Fast Refresh] done in 2ms @ http://localhost:3025/_next/static/chunks/node_modules_next_dist_1e8vcs8._.js:776
[   88546ms] [LOG] [Fast Refresh] done in 2ms @ http://localhost:3025/_next/static/chunks/node_modules_next_dist_1e8vcs8._.js:776
[   88595ms] [LOG] [Fast Refresh] done in 2ms @ http://localhost:3025/_next/static/chunks/node_modules_next_dist_1e8vcs8._.js:776
[   88644ms] [LOG] [Fast Refresh] done in 2ms @ http://localhost:3025/_next/static/chunks/node_modules_next_dist_1e8vcs8._.js:776
[   88692ms] [LOG] [Fast Refresh] done in 2ms @ http://localhost:3025/_next/static/chunks/node_modules_next_dist_1e8vcs8._.js:776
[   88742ms] [LOG] [Fast Refresh] done in 2ms @ http://localhost:3025/_next/static/chunks/node_modules_next_dist_1e8vcs8._.js:776
[   88790ms] [LOG] [Fast Refresh] done in 2ms @ http://localhost:3025/_next/static/chunks/node_modules_next_dist_1e8vcs8._.js:776
[   88839ms] [LOG] [Fast Refresh] done in 2ms @ http://localhost:3025/_next/static/chunks/node_modules_next_dist_1e8vcs8._.js:776
[   88887ms] [LOG] [Fast Refresh] done in 2ms @ http://localhost:3025/_next/static/chunks/node_modules_next_dist_1e8vcs8._.js:776
[   88936ms] [LOG] [Fast Refresh] done in 2ms @ http://localhost:3025/_next/static/chunks/node_modules_next_dist_1e8vcs8._.js:776
[   88981ms] [LOG] [Fast Refresh] done in 2ms @ http://localhost:3025/_next/static/chunks/node_modules_next_dist_1e8vcs8._.js:776
[   89029ms] [LOG] [Fast Refresh] done in 2ms @ http://localhost:3025/_next/static/chunks/node_modules_next_dist_1e8vcs8._.js:776
[   89073ms] [LOG] [Fast Refresh] done in 2ms @ http://localhost:3025/_next/static/chunks/node_modules_next_dist_1e8vcs8._.js:776
[   89117ms] [LOG] [Fast Refresh] done in 2ms @ http://localhost:3025/_next/static/chunks/node_modules_next_dist_1e8vcs8._.js:776
[   89163ms] [LOG] [Fast Refresh] done in 2ms @ http://localhost:3025/_next/static/chunks/node_modules_next_dist_1e8vcs8._.js:776
[   89210ms] [LOG] [Fast Refresh] done in 2ms @ http://localhost:3025/_next/static/chunks/node_modules_next_dist_1e8vcs8._.js:776
[   89255ms] [LOG] [Fast Refresh] done in 2ms @ http://localhost:3025/_next/static/chunks/node_modules_next_dist_1e8vcs8._.js:776
[   89301ms] [LOG] [Fast Refresh] done in 2ms @ http://localhost:3025/_next/static/chunks/node_modules_next_dist_1e8vcs8._.js:776
[   89347ms] [LOG] [Fast Refresh] done in 2ms @ http://localhost:3025/_next/static/chunks/node_modules_next_dist_1e8vcs8._.js:776
[   89395ms] [LOG] [Fast Refresh] done in 2ms @ http://localhost:3025/_next/static/chunks/node_modules_next_dist_1e8vcs8._.js:776
[   89441ms] [LOG] [Fast Refresh] done in 2ms @ http://localhost:3025/_next/static/chunks/node_modules_next_dist_1e8vcs8._.js:776
[   89487ms] [LOG] [Fast Refresh] done in 2ms @ http://localhost:3025/_next/static/chunks/node_modules_next_dist_1e8vcs8._.js:776
[   89535ms] [LOG] [Fast Refresh] done in 2ms @ http://localhost:3025/_next/static/chunks/node_modules_next_dist_1e8vcs8._.js:776
[   89585ms] [LOG] [Fast Refresh] done in 2ms @ http://localhost:3025/_next/static/chunks/node_modules_next_dist_1e8vcs8._.js:776
[   89634ms] [LOG] [Fast Refresh] done in 2ms @ http://localhost:3025/_next/static/chunks/node_modules_next_dist_1e8vcs8._.js:776
[   89684ms] [LOG] [Fast Refresh] done in 2ms @ http://localhost:3025/_next/static/chunks/node_modules_next_dist_1e8vcs8._.js:776
[   89734ms] [LOG] [Fast Refresh] done in 2ms @ http://localhost:3025/_next/static/chunks/node_modules_next_dist_1e8vcs8._.js:776
[   89783ms] [LOG] [Fast Refresh] done in 2ms @ http://localhost:3025/_next/static/chunks/node_modules_next_dist_1e8vcs8._.js:776
[   89832ms] [LOG] [Fast Refresh] done in 2ms @ http://localhost:3025/_next/static/chunks/node_modules_next_dist_1e8vcs8._.js:776
[   89881ms] [LOG] [Fast Refresh] done in 2ms @ http://localhost:3025/_next/static/chunks/node_modules_next_dist_1e8vcs8._.js:776
[   89928ms] [LOG] [Fast Refresh] done in 2ms @ http://localhost:3025/_next/static/chunks/node_modules_next_dist_1e8vcs8._.js:776
[   89976ms] [LOG] [Fast Refresh] done in 2ms @ http://localhost:3025/_next/static/chunks/node_modules_next_dist_1e8vcs8._.js:776
[   90025ms] [LOG] [Fast Refresh] done in 2ms @ http://localhost:3025/_next/static/chunks/node_modules_next_dist_1e8vcs8._.js:776
[   90074ms] [LOG] [Fast Refresh] done in 2ms @ http://localhost:3025/_next/static/chunks/node_modules_next_dist_1e8vcs8._.js:776
[   90114ms] [LOG] [Fast Refresh] done in 2ms @ http://localhost:3025/_next/static/chunks/node_modules_next_dist_1e8vcs8._.js:776
[   90160ms] [LOG] [Fast Refresh] done in 2ms @ http://localhost:3025/_next/static/chunks/node_modules_next_dist_1e8vcs8._.js:776
[   90206ms] [LOG] [Fast Refresh] done in 2ms @ http://localhost:3025/_next/static/chunks/node_modules_next_dist_1e8vcs8._.js:776
[   90254ms] [LOG] [Fast Refresh] done in 2ms @ http://localhost:3025/_next/static/chunks/node_modules_next_dist_1e8vcs8._.js:776
[   90301ms] [LOG] [Fast Refresh] done in 2ms @ http://localhost:3025/_next/static/chunks/node_modules_next_dist_1e8vcs8._.js:776
[   90350ms] [LOG] [Fast Refresh] done in 2ms @ http://localhost:3025/_next/static/chunks/node_modules_next_dist_1e8vcs8._.js:776
[   90397ms] [LOG] [Fast Refresh] done in 2ms @ http://localhost:3025/_next/static/chunks/node_modules_next_dist_1e8vcs8._.js:776
[   90445ms] [LOG] [Fast Refresh] done in 2ms @ http://localhost:3025/_next/static/chunks/node_modules_next_dist_1e8vcs8._.js:776
[   90493ms] [LOG] [Fast Refresh] done in 2ms @ http://localhost:3025/_next/static/chunks/node_modules_next_dist_1e8vcs8._.js:776
[   90536ms] [LOG] [Fast Refresh] done in 2ms @ http://localhost:3025/_next/static/chunks/node_modules_next_dist_1e8vcs8._.js:776
[   90585ms] [LOG] [Fast Refresh] done in 2ms @ http://localhost:3025/_next/static/chunks/node_modules_next_dist_1e8vcs8._.js:776
[   90633ms] [LOG] [Fast Refresh] done in 2ms @ http://localhost:3025/_next/static/chunks/node_modules_next_dist_1e8vcs8._.js:776
[   90683ms] [LOG] [Fast Refresh] done in 2ms @ http://localhost:3025/_next/static/chunks/node_modules_next_dist_1e8vcs8._.js:776
[   90731ms] [LOG] [Fast Refresh] done in 2ms @ http://localhost:3025/_next/static/chunks/node_modules_next_dist_1e8vcs8._.js:776
[   90779ms] [LOG] [Fast Refresh] done in 2ms @ http://localhost:3025/_next/static/chunks/node_modules_next_dist_1e8vcs8._.js:776
[   90827ms] [LOG] [Fast Refresh] done in 2ms @ http://localhost:3025/_next/static/chunks/node_modules_next_dist_1e8vcs8._.js:776
[   90875ms] [LOG] [Fast Refresh] done in 2ms @ http://localhost:3025/_next/static/chunks/node_modules_next_dist_1e8vcs8._.js:776
[   90922ms] [LOG] [Fast Refresh] done in 2ms @ http://localhost:3025/_next/static/chunks/node_modules_next_dist_1e8vcs8._.js:776
[   90970ms] [LOG] [Fast Refresh] done in 2ms @ http://localhost:3025/_next/static/chunks/node_modules_next_dist_1e8vcs8._.js:776
[   91016ms] [LOG] [Fast Refresh] done in 2ms @ http://localhost:3025/_next/static/chunks/node_modules_next_dist_1e8vcs8._.js:776
[   91063ms] [LOG] [Fast Refresh] done in 2ms @ http://localhost:3025/_next/static/chunks/node_modules_next_dist_1e8vcs8._.js:776
[   91110ms] [LOG] [Fast Refresh] done in 2ms @ http://localhost:3025/_next/static/chunks/node_modules_next_dist_1e8vcs8._.js:776
[   91159ms] [LOG] [Fast Refresh] done in 2ms @ http://localhost:3025/_next/static/chunks/node_modules_next_dist_1e8vcs8._.js:776
[   91213ms] [LOG] [Fast Refresh] done in 2ms @ http://localhost:3025/_next/static/chunks/node_modules_next_dist_1e8vcs8._.js:776
[   91262ms] [LOG] [Fast Refresh] done in 2ms @ http://localhost:3025/_next/static/chunks/node_modules_next_dist_1e8vcs8._.js:776
[   91310ms] [LOG] [Fast Refresh] done in 2ms @ http://localhost:3025/_next/static/chunks/node_modules_next_dist_1e8vcs8._.js:776
[   91353ms] [LOG] [Fast Refresh] done in 2ms @ http://localhost:3025/_next/static/chunks/node_modules_next_dist_1e8vcs8._.js:776
[   91402ms] [LOG] [Fast Refresh] done in 2ms @ http://localhost:3025/_next/static/chunks/node_modules_next_dist_1e8vcs8._.js:776
[   91452ms] [LOG] [Fast Refresh] done in 2ms @ http://localhost:3025/_next/static/chunks/node_modules_next_dist_1e8vcs8._.js:776
[   91501ms] [LOG] [Fast Refresh] done in 2ms @ http://localhost:3025/_next/static/chunks/node_modules_next_dist_1e8vcs8._.js:776
[   91549ms] [LOG] [Fast Refresh] done in 2ms @ http://localhost:3025/_next/static/chunks/node_modules_next_dist_1e8vcs8._.js:776
[   91599ms] [LOG] [Fast Refresh] done in 2ms @ http://localhost:3025/_next/static/chunks/node_modules_next_dist_1e8vcs8._.js:776
[   91648ms] [LOG] [Fast Refresh] done in 2ms @ http://localhost:3025/_next/static/chunks/node_modules_next_dist_1e8vcs8._.js:776
[   91697ms] [LOG] [Fast Refresh] done in 2ms @ http://localhost:3025/_next/static/chunks/node_modules_next_dist_1e8vcs8._.js:776
[   91746ms] [LOG] [Fast Refresh] done in 2ms @ http://localhost:3025/_next/static/chunks/node_modules_next_dist_1e8vcs8._.js:776
[   91794ms] [LOG] [Fast Refresh] done in 2ms @ http://localhost:3025/_next/static/chunks/node_modules_next_dist_1e8vcs8._.js:776
[   91842ms] [LOG] [Fast Refresh] done in 2ms @ http://localhost:3025/_next/static/chunks/node_modules_next_dist_1e8vcs8._.js:776
[   91891ms] [LOG] [Fast Refresh] done in 2ms @ http://localhost:3025/_next/static/chunks/node_modules_next_dist_1e8vcs8._.js:776
[   91939ms] [LOG] [Fast Refresh] done in 2ms @ http://localhost:3025/_next/static/chunks/node_modules_next_dist_1e8vcs8._.js:776
[   91987ms] [LOG] [Fast Refresh] done in 2ms @ http://localhost:3025/_next/static/chunks/node_modules_next_dist_1e8vcs8._.js:776
[   92033ms] [LOG] [Fast Refresh] done in 2ms @ http://localhost:3025/_next/static/chunks/node_modules_next_dist_1e8vcs8._.js:776
[   92080ms] [LOG] [Fast Refresh] done in 2ms @ http://localhost:3025/_next/static/chunks/node_modules_next_dist_1e8vcs8._.js:776
[   92125ms] [LOG] [Fast Refresh] done in 2ms @ http://localhost:3025/_next/static/chunks/node_modules_next_dist_1e8vcs8._.js:776
[   92172ms] [LOG] [Fast Refresh] done in 2ms @ http://localhost:3025/_next/static/chunks/node_modules_next_dist_1e8vcs8._.js:776
[   92219ms] [LOG] [Fast Refresh] done in 2ms @ http://localhost:3025/_next/static/chunks/node_modules_next_dist_1e8vcs8._.js:776
[   92267ms] [LOG] [Fast Refresh] done in 2ms @ http://localhost:3025/_next/static/chunks/node_modules_next_dist_1e8vcs8._.js:776
[   92315ms] [LOG] [Fast Refresh] done in 2ms @ http://localhost:3025/_next/static/chunks/node_modules_next_dist_1e8vcs8._.js:776
[   92364ms] [LOG] [Fast Refresh] done in 2ms @ http://localhost:3025/_next/static/chunks/node_modules_next_dist_1e8vcs8._.js:776
[   92413ms] [LOG] [Fast Refresh] done in 2ms @ http://localhost:3025/_next/static/chunks/node_modules_next_dist_1e8vcs8._.js:776
[   92461ms] [LOG] [Fast Refresh] done in 2ms @ http://localhost:3025/_next/static/chunks/node_modules_next_dist_1e8vcs8._.js:776
[   92509ms] [LOG] [Fast Refresh] done in 2ms @ http://localhost:3025/_next/static/chunks/node_modules_next_dist_1e8vcs8._.js:776
[   92559ms] [LOG] [Fast Refresh] done in 2ms @ http://localhost:3025/_next/static/chunks/node_modules_next_dist_1e8vcs8._.js:776
[   92611ms] [LOG] [Fast Refresh] done in 2ms @ http://localhost:3025/_next/static/chunks/node_modules_next_dist_1e8vcs8._.js:776
[   92659ms] [LOG] [Fast Refresh] done in 2ms @ http://localhost:3025/_next/static/chunks/node_modules_next_dist_1e8vcs8._.js:776
[   92705ms] [LOG] [Fast Refresh] done in 2ms @ http://localhost:3025/_next/static/chunks/node_modules_next_dist_1e8vcs8._.js:776
[   92751ms] [LOG] [Fast Refresh] done in 2ms @ http://localhost:3025/_next/static/chunks/node_modules_next_dist_1e8vcs8._.js:776
[   92799ms] [LOG] [Fast Refresh] done in 2ms @ http://localhost:3025/_next/static/chunks/node_modules_next_dist_1e8vcs8._.js:776
[   92846ms] [LOG] [Fast Refresh] done in 2ms @ http://localhost:3025/_next/static/chunks/node_modules_next_dist_1e8vcs8._.js:776
[   92892ms] [LOG] [Fast Refresh] done in 2ms @ http://localhost:3025/_next/static/chunks/node_modules_next_dist_1e8vcs8._.js:776
[   92938ms] [LOG] [Fast Refresh] done in 2ms @ http://localhost:3025/_next/static/chunks/node_modules_next_dist_1e8vcs8._.js:776
[   92984ms] [LOG] [Fast Refresh] done in 2ms @ http://localhost:3025/_next/static/chunks/node_modules_next_dist_1e8vcs8._.js:776
[   93031ms] [LOG] [Fast Refresh] done in 2ms @ http://localhost:3025/_next/static/chunks/node_modules_next_dist_1e8vcs8._.js:776
[   93080ms] [LOG] [Fast Refresh] done in 2ms @ http://localhost:3025/_next/static/chunks/node_modules_next_dist_1e8vcs8._.js:776
[   93128ms] [LOG] [Fast Refresh] done in 2ms @ http://localhost:3025/_next/static/chunks/node_modules_next_dist_1e8vcs8._.js:776
[   93175ms] [LOG] [Fast Refresh] done in 2ms @ http://localhost:3025/_next/static/chunks/node_modules_next_dist_1e8vcs8._.js:776
[   93223ms] [LOG] [Fast Refresh] done in 2ms @ http://localhost:3025/_next/static/chunks/node_modules_next_dist_1e8vcs8._.js:776
[   93271ms] [LOG] [Fast Refresh] done in 2ms @ http://localhost:3025/_next/static/chunks/node_modules_next_dist_1e8vcs8._.js:776
[   93318ms] [LOG] [Fast Refresh] done in 2ms @ http://localhost:3025/_next/static/chunks/node_modules_next_dist_1e8vcs8._.js:776
[   93367ms] [LOG] [Fast Refresh] done in 2ms @ http://localhost:3025/_next/static/chunks/node_modules_next_dist_1e8vcs8._.js:776
[   93414ms] [LOG] [Fast Refresh] done in 2ms @ http://localhost:3025/_next/static/chunks/node_modules_next_dist_1e8vcs8._.js:776
[   93461ms] [LOG] [Fast Refresh] done in 2ms @ http://localhost:3025/_next/static/chunks/node_modules_next_dist_1e8vcs8._.js:776
[   93511ms] [LOG] [Fast Refresh] done in 2ms @ http://localhost:3025/_next/static/chunks/node_modules_next_dist_1e8vcs8._.js:776
[   93560ms] [LOG] [Fast Refresh] done in 2ms @ http://localhost:3025/_next/static/chunks/node_modules_next_dist_1e8vcs8._.js:776
[   93608ms] [LOG] [Fast Refresh] done in 2ms @ http://localhost:3025/_next/static/chunks/node_modules_next_dist_1e8vcs8._.js:776
[   93656ms] [LOG] [Fast Refresh] done in 2ms @ http://localhost:3025/_next/static/chunks/node_modules_next_dist_1e8vcs8._.js:776
[   93706ms] [LOG] [Fast Refresh] done in 2ms @ http://localhost:3025/_next/static/chunks/node_modules_next_dist_1e8vcs8._.js:776
[   93754ms] [LOG] [Fast Refresh] done in 2ms @ http://localhost:3025/_next/static/chunks/node_modules_next_dist_1e8vcs8._.js:776
[   93801ms] [LOG] [Fast Refresh] done in 2ms @ http://localhost:3025/_next/static/chunks/node_modules_next_dist_1e8vcs8._.js:776
[   93848ms] [LOG] [Fast Refresh] done in 2ms @ http://localhost:3025/_next/static/chunks/node_modules_next_dist_1e8vcs8._.js:776
[   93896ms] [LOG] [Fast Refresh] done in 2ms @ http://localhost:3025/_next/static/chunks/node_modules_next_dist_1e8vcs8._.js:776
[   93947ms] [LOG] [Fast Refresh] done in 2ms @ http://localhost:3025/_next/static/chunks/node_modules_next_dist_1e8vcs8._.js:776
[   93996ms] [LOG] [Fast Refresh] done in 2ms @ http://localhost:3025/_next/static/chunks/node_modules_next_dist_1e8vcs8._.js:776
[   94038ms] [LOG] [Fast Refresh] done in 2ms @ http://localhost:3025/_next/static/chunks/node_modules_next_dist_1e8vcs8._.js:776
[   94083ms] [LOG] [Fast Refresh] done in 2ms @ http://localhost:3025/_next/static/chunks/node_modules_next_dist_1e8vcs8._.js:776
[   94130ms] [LOG] [Fast Refresh] done in 2ms @ http://localhost:3025/_next/static/chunks/node_modules_next_dist_1e8vcs8._.js:776
[   94177ms] [LOG] [Fast Refresh] done in 2ms @ http://localhost:3025/_next/static/chunks/node_modules_next_dist_1e8vcs8._.js:776
[   94225ms] [LOG] [Fast Refresh] done in 2ms @ http://localhost:3025/_next/static/chunks/node_modules_next_dist_1e8vcs8._.js:776
[   94274ms] [LOG] [Fast Refresh] done in 2ms @ http://localhost:3025/_next/static/chunks/node_modules_next_dist_1e8vcs8._.js:776
[   94323ms] [LOG] [Fast Refresh] done in 2ms @ http://localhost:3025/_next/static/chunks/node_modules_next_dist_1e8vcs8._.js:776
[   94373ms] [LOG] [Fast Refresh] done in 2ms @ http://localhost:3025/_next/static/chunks/node_modules_next_dist_1e8vcs8._.js:776
[   94421ms] [LOG] [Fast Refresh] done in 2ms @ http://localhost:3025/_next/static/chunks/node_modules_next_dist_1e8vcs8._.js:776
[   94470ms] [LOG] [Fast Refresh] done in 2ms @ http://localhost:3025/_next/static/chunks/node_modules_next_dist_1e8vcs8._.js:776
[   94518ms] [LOG] [Fast Refresh] done in 2ms @ http://localhost:3025/_next/static/chunks/node_modules_next_dist_1e8vcs8._.js:776
[   94568ms] [LOG] [Fast Refresh] done in 2ms @ http://localhost:3025/_next/static/chunks/node_modules_next_dist_1e8vcs8._.js:776
[   94617ms] [LOG] [Fast Refresh] done in 2ms @ http://localhost:3025/_next/static/chunks/node_modules_next_dist_1e8vcs8._.js:776
[   94666ms] [LOG] [Fast Refresh] done in 2ms @ http://localhost:3025/_next/static/chunks/node_modules_next_dist_1e8vcs8._.js:776
[   94714ms] [LOG] [Fast Refresh] done in 2ms @ http://localhost:3025/_next/static/chunks/node_modules_next_dist_1e8vcs8._.js:776
[   94762ms] [LOG] [Fast Refresh] done in 2ms @ http://localhost:3025/_next/static/chunks/node_modules_next_dist_1e8vcs8._.js:776
[   94810ms] [LOG] [Fast Refresh] done in 2ms @ http://localhost:3025/_next/static/chunks/node_modules_next_dist_1e8vcs8._.js:776
[   94858ms] [LOG] [Fast Refresh] done in 2ms @ http://localhost:3025/_next/static/chunks/node_modules_next_dist_1e8vcs8._.js:776
[   94906ms] [LOG] [Fast Refresh] done in 2ms @ http://localhost:3025/_next/static/chunks/node_modules_next_dist_1e8vcs8._.js:776
[   94951ms] [LOG] [Fast Refresh] done in 2ms @ http://localhost:3025/_next/static/chunks/node_modules_next_dist_1e8vcs8._.js:776
[   94997ms] [LOG] [Fast Refresh] done in 2ms @ http://localhost:3025/_next/static/chunks/node_modules_next_dist_1e8vcs8._.js:776
[   95045ms] [LOG] [Fast Refresh] done in 2ms @ http://localhost:3025/_next/static/chunks/node_modules_next_dist_1e8vcs8._.js:776
[   95092ms] [LOG] [Fast Refresh] done in 2ms @ http://localhost:3025/_next/static/chunks/node_modules_next_dist_1e8vcs8._.js:776
[   95139ms] [LOG] [Fast Refresh] done in 2ms @ http://localhost:3025/_next/static/chunks/node_modules_next_dist_1e8vcs8._.js:776
[   95187ms] [LOG] [Fast Refresh] done in 2ms @ http://localhost:3025/_next/static/chunks/node_modules_next_dist_1e8vcs8._.js:776
[   95235ms] [LOG] [Fast Refresh] done in 2ms @ http://localhost:3025/_next/static/chunks/node_modules_next_dist_1e8vcs8._.js:776
[   95283ms] [LOG] [Fast Refresh] done in 2ms @ http://localhost:3025/_next/static/chunks/node_modules_next_dist_1e8vcs8._.js:776
[   95331ms] [LOG] [Fast Refresh] done in 2ms @ http://localhost:3025/_next/static/chunks/node_modules_next_dist_1e8vcs8._.js:776
[   95379ms] [LOG] [Fast Refresh] done in 2ms @ http://localhost:3025/_next/static/chunks/node_modules_next_dist_1e8vcs8._.js:776
[   95426ms] [LOG] [Fast Refresh] done in 2ms @ http://localhost:3025/_next/static/chunks/node_modules_next_dist_1e8vcs8._.js:776
[   95476ms] [LOG] [Fast Refresh] done in 2ms @ http://localhost:3025/_next/static/chunks/node_modules_next_dist_1e8vcs8._.js:776
[   95524ms] [LOG] [Fast Refresh] done in 2ms @ http://localhost:3025/_next/static/chunks/node_modules_next_dist_1e8vcs8._.js:776
[   95572ms] [LOG] [Fast Refresh] done in 2ms @ http://localhost:3025/_next/static/chunks/node_modules_next_dist_1e8vcs8._.js:776
[   95621ms] [LOG] [Fast Refresh] done in 2ms @ http://localhost:3025/_next/static/chunks/node_modules_next_dist_1e8vcs8._.js:776
[   95668ms] [LOG] [Fast Refresh] done in 2ms @ http://localhost:3025/_next/static/chunks/node_modules_next_dist_1e8vcs8._.js:776
[   95716ms] [LOG] [Fast Refresh] done in 2ms @ http://localhost:3025/_next/static/chunks/node_modules_next_dist_1e8vcs8._.js:776
[   95764ms] [LOG] [Fast Refresh] done in 2ms @ http://localhost:3025/_next/static/chunks/node_modules_next_dist_1e8vcs8._.js:776
[   95809ms] [LOG] [Fast Refresh] done in 2ms @ http://localhost:3025/_next/static/chunks/node_modules_next_dist_1e8vcs8._.js:776
[   95854ms] [LOG] [Fast Refresh] done in 2ms @ http://localhost:3025/_next/static/chunks/node_modules_next_dist_1e8vcs8._.js:776
[   95901ms] [LOG] [Fast Refresh] done in 2ms @ http://localhost:3025/_next/static/chunks/node_modules_next_dist_1e8vcs8._.js:776
[   95949ms] [LOG] [Fast Refresh] done in 2ms @ http://localhost:3025/_next/static/chunks/node_modules_next_dist_1e8vcs8._.js:776
[   95997ms] [LOG] [Fast Refresh] done in 2ms @ http://localhost:3025/_next/static/chunks/node_modules_next_dist_1e8vcs8._.js:776
[   96046ms] [LOG] [Fast Refresh] done in 2ms @ http://localhost:3025/_next/static/chunks/node_modules_next_dist_1e8vcs8._.js:776
[   96095ms] [LOG] [Fast Refresh] done in 2ms @ http://localhost:3025/_next/static/chunks/node_modules_next_dist_1e8vcs8._.js:776
[   96144ms] [LOG] [Fast Refresh] done in 2ms @ http://localhost:3025/_next/static/chunks/node_modules_next_dist_1e8vcs8._.js:776
[   96192ms] [LOG] [Fast Refresh] done in 2ms @ http://localhost:3025/_next/static/chunks/node_modules_next_dist_1e8vcs8._.js:776
[   96240ms] [LOG] [Fast Refresh] done in 2ms @ http://localhost:3025/_next/static/chunks/node_modules_next_dist_1e8vcs8._.js:776
[   96288ms] [LOG] [Fast Refresh] done in 2ms @ http://localhost:3025/_next/static/chunks/node_modules_next_dist_1e8vcs8._.js:776
[   96336ms] [LOG] [Fast Refresh] done in 2ms @ http://localhost:3025/_next/static/chunks/node_modules_next_dist_1e8vcs8._.js:776
[   96385ms] [LOG] [Fast Refresh] done in 2ms @ http://localhost:3025/_next/static/chunks/node_modules_next_dist_1e8vcs8._.js:776
[   96434ms] [LOG] [Fast Refresh] done in 2ms @ http://localhost:3025/_next/static/chunks/node_modules_next_dist_1e8vcs8._.js:776
[   96482ms] [LOG] [Fast Refresh] done in 2ms @ http://localhost:3025/_next/static/chunks/node_modules_next_dist_1e8vcs8._.js:776
[   96530ms] [LOG] [Fast Refresh] done in 2ms @ http://localhost:3025/_next/static/chunks/node_modules_next_dist_1e8vcs8._.js:776
[   96578ms] [LOG] [Fast Refresh] done in 2ms @ http://localhost:3025/_next/static/chunks/node_modules_next_dist_1e8vcs8._.js:776
[   96627ms] [LOG] [Fast Refresh] done in 2ms @ http://localhost:3025/_next/static/chunks/node_modules_next_dist_1e8vcs8._.js:776
[   96674ms] [LOG] [Fast Refresh] done in 2ms @ http://localhost:3025/_next/static/chunks/node_modules_next_dist_1e8vcs8._.js:776
[   96722ms] [LOG] [Fast Refresh] done in 2ms @ http://localhost:3025/_next/static/chunks/node_modules_next_dist_1e8vcs8._.js:776
[   96768ms] [LOG] [Fast Refresh] done in 2ms @ http://localhost:3025/_next/static/chunks/node_modules_next_dist_1e8vcs8._.js:776
[   96813ms] [LOG] [Fast Refresh] done in 2ms @ http://localhost:3025/_next/static/chunks/node_modules_next_dist_1e8vcs8._.js:776
[   96861ms] [LOG] [Fast Refresh] done in 2ms @ http://localhost:3025/_next/static/chunks/node_modules_next_dist_1e8vcs8._.js:776
[   96911ms] [LOG] [Fast Refresh] done in 2ms @ http://localhost:3025/_next/static/chunks/node_modules_next_dist_1e8vcs8._.js:776
[   96959ms] [LOG] [Fast Refresh] done in 2ms @ http://localhost:3025/_next/static/chunks/node_modules_next_dist_1e8vcs8._.js:776
[   97007ms] [LOG] [Fast Refresh] done in 2ms @ http://localhost:3025/_next/static/chunks/node_modules_next_dist_1e8vcs8._.js:776
[   97056ms] [LOG] [Fast Refresh] done in 2ms @ http://localhost:3025/_next/static/chunks/node_modules_next_dist_1e8vcs8._.js:776
[   97105ms] [LOG] [Fast Refresh] done in 2ms @ http://localhost:3025/_next/static/chunks/node_modules_next_dist_1e8vcs8._.js:776
[   97153ms] [LOG] [Fast Refresh] done in 2ms @ http://localhost:3025/_next/static/chunks/node_modules_next_dist_1e8vcs8._.js:776
[   97201ms] [LOG] [Fast Refresh] done in 2ms @ http://localhost:3025/_next/static/chunks/node_modules_next_dist_1e8vcs8._.js:776
[   97247ms] [LOG] [Fast Refresh] done in 2ms @ http://localhost:3025/_next/static/chunks/node_modules_next_dist_1e8vcs8._.js:776
[   97295ms] [LOG] [Fast Refresh] done in 2ms @ http://localhost:3025/_next/static/chunks/node_modules_next_dist_1e8vcs8._.js:776
[   97344ms] [LOG] [Fast Refresh] done in 2ms @ http://localhost:3025/_next/static/chunks/node_modules_next_dist_1e8vcs8._.js:776
[   97391ms] [LOG] [Fast Refresh] done in 2ms @ http://localhost:3025/_next/static/chunks/node_modules_next_dist_1e8vcs8._.js:776
[   97438ms] [LOG] [Fast Refresh] done in 2ms @ http://localhost:3025/_next/static/chunks/node_modules_next_dist_1e8vcs8._.js:776
[   97487ms] [LOG] [Fast Refresh] done in 2ms @ http://localhost:3025/_next/static/chunks/node_modules_next_dist_1e8vcs8._.js:776
[   97536ms] [LOG] [Fast Refresh] done in 2ms @ http://localhost:3025/_next/static/chunks/node_modules_next_dist_1e8vcs8._.js:776
[   97585ms] [LOG] [Fast Refresh] done in 2ms @ http://localhost:3025/_next/static/chunks/node_modules_next_dist_1e8vcs8._.js:776
[   97633ms] [LOG] [Fast Refresh] done in 2ms @ http://localhost:3025/_next/static/chunks/node_modules_next_dist_1e8vcs8._.js:776
[   97681ms] [LOG] [Fast Refresh] done in 2ms @ http://localhost:3025/_next/static/chunks/node_modules_next_dist_1e8vcs8._.js:776
[   97718ms] [LOG] [Fast Refresh] done in 2ms @ http://localhost:3025/_next/static/chunks/node_modules_next_dist_1e8vcs8._.js:776
[   97763ms] [LOG] [Fast Refresh] done in 2ms @ http://localhost:3025/_next/static/chunks/node_modules_next_dist_1e8vcs8._.js:776
[   97809ms] [LOG] [Fast Refresh] done in 2ms @ http://localhost:3025/_next/static/chunks/node_modules_next_dist_1e8vcs8._.js:776
[   97857ms] [LOG] [Fast Refresh] done in 2ms @ http://localhost:3025/_next/static/chunks/node_modules_next_dist_1e8vcs8._.js:776
[   97906ms] [LOG] [Fast Refresh] done in 2ms @ http://localhost:3025/_next/static/chunks/node_modules_next_dist_1e8vcs8._.js:776
[   97955ms] [LOG] [Fast Refresh] done in 2ms @ http://localhost:3025/_next/static/chunks/node_modules_next_dist_1e8vcs8._.js:776
[   98001ms] [LOG] [Fast Refresh] done in 2ms @ http://localhost:3025/_next/static/chunks/node_modules_next_dist_1e8vcs8._.js:776
[   98051ms] [LOG] [Fast Refresh] done in 2ms @ http://localhost:3025/_next/static/chunks/node_modules_next_dist_1e8vcs8._.js:776
[   98100ms] [LOG] [Fast Refresh] done in 2ms @ http://localhost:3025/_next/static/chunks/node_modules_next_dist_1e8vcs8._.js:776
[   98147ms] [LOG] [Fast Refresh] done in 2ms @ http://localhost:3025/_next/static/chunks/node_modules_next_dist_1e8vcs8._.js:776
[   98195ms] [LOG] [Fast Refresh] done in 2ms @ http://localhost:3025/_next/static/chunks/node_modules_next_dist_1e8vcs8._.js:776
[   98244ms] [LOG] [Fast Refresh] done in 2ms @ http://localhost:3025/_next/static/chunks/node_modules_next_dist_1e8vcs8._.js:776
[   98293ms] [LOG] [Fast Refresh] done in 2ms @ http://localhost:3025/_next/static/chunks/node_modules_next_dist_1e8vcs8._.js:776
[   98341ms] [LOG] [Fast Refresh] done in 2ms @ http://localhost:3025/_next/static/chunks/node_modules_next_dist_1e8vcs8._.js:776
[   98390ms] [LOG] [Fast Refresh] done in 2ms @ http://localhost:3025/_next/static/chunks/node_modules_next_dist_1e8vcs8._.js:776
[   98428ms] [LOG] [Fast Refresh] done in 2ms @ http://localhost:3025/_next/static/chunks/node_modules_next_dist_1e8vcs8._.js:776
[   98476ms] [LOG] [Fast Refresh] done in 2ms @ http://localhost:3025/_next/static/chunks/node_modules_next_dist_1e8vcs8._.js:776
[   98523ms] [LOG] [Fast Refresh] done in 2ms @ http://localhost:3025/_next/static/chunks/node_modules_next_dist_1e8vcs8._.js:776
[   98559ms] [LOG] [Fast Refresh] done in 2ms @ http://localhost:3025/_next/static/chunks/node_modules_next_dist_1e8vcs8._.js:776
[   98606ms] [LOG] [Fast Refresh] done in 2ms @ http://localhost:3025/_next/static/chunks/node_modules_next_dist_1e8vcs8._.js:776
[   98653ms] [LOG] [Fast Refresh] done in 2ms @ http://localhost:3025/_next/static/chunks/node_modules_next_dist_1e8vcs8._.js:776
[   98699ms] [LOG] [Fast Refresh] done in 2ms @ http://localhost:3025/_next/static/chunks/node_modules_next_dist_1e8vcs8._.js:776
[   98743ms] [LOG] [Fast Refresh] done in 2ms @ http://localhost:3025/_next/static/chunks/node_modules_next_dist_1e8vcs8._.js:776
[   98789ms] [LOG] [Fast Refresh] done in 2ms @ http://localhost:3025/_next/static/chunks/node_modules_next_dist_1e8vcs8._.js:776
[   98838ms] [LOG] [Fast Refresh] done in 2ms @ http://localhost:3025/_next/static/chunks/node_modules_next_dist_1e8vcs8._.js:776
[   98887ms] [LOG] [Fast Refresh] done in 2ms @ http://localhost:3025/_next/static/chunks/node_modules_next_dist_1e8vcs8._.js:776
[   98936ms] [LOG] [Fast Refresh] done in 2ms @ http://localhost:3025/_next/static/chunks/node_modules_next_dist_1e8vcs8._.js:776
[   98984ms] [LOG] [Fast Refresh] done in 2ms @ http://localhost:3025/_next/static/chunks/node_modules_next_dist_1e8vcs8._.js:776
[   99033ms] [LOG] [Fast Refresh] done in 2ms @ http://localhost:3025/_next/static/chunks/node_modules_next_dist_1e8vcs8._.js:776
[   99080ms] [LOG] [Fast Refresh] done in 2ms @ http://localhost:3025/_next/static/chunks/node_modules_next_dist_1e8vcs8._.js:776
[   99128ms] [LOG] [Fast Refresh] done in 2ms @ http://localhost:3025/_next/static/chunks/node_modules_next_dist_1e8vcs8._.js:776
[   99176ms] [LOG] [Fast Refresh] done in 2ms @ http://localhost:3025/_next/static/chunks/node_modules_next_dist_1e8vcs8._.js:776
[   99223ms] [LOG] [Fast Refresh] done in 2ms @ http://localhost:3025/_next/static/chunks/node_modules_next_dist_1e8vcs8._.js:776
[   99272ms] [LOG] [Fast Refresh] done in 2ms @ http://localhost:3025/_next/static/chunks/node_modules_next_dist_1e8vcs8._.js:776
[   99320ms] [LOG] [Fast Refresh] done in 2ms @ http://localhost:3025/_next/static/chunks/node_modules_next_dist_1e8vcs8._.js:776
[   99369ms] [LOG] [Fast Refresh] done in 2ms @ http://localhost:3025/_next/static/chunks/node_modules_next_dist_1e8vcs8._.js:776
[   99417ms] [LOG] [Fast Refresh] done in 2ms @ http://localhost:3025/_next/static/chunks/node_modules_next_dist_1e8vcs8._.js:776
[   99463ms] [LOG] [Fast Refresh] done in 2ms @ http://localhost:3025/_next/static/chunks/node_modules_next_dist_1e8vcs8._.js:776
[   99499ms] [LOG] [Fast Refresh] done in 2ms @ http://localhost:3025/_next/static/chunks/node_modules_next_dist_1e8vcs8._.js:776
[   99545ms] [LOG] [Fast Refresh] done in 2ms @ http://localhost:3025/_next/static/chunks/node_modules_next_dist_1e8vcs8._.js:776
[   99591ms] [LOG] [Fast Refresh] done in 2ms @ http://localhost:3025/_next/static/chunks/node_modules_next_dist_1e8vcs8._.js:776
[   99637ms] [LOG] [Fast Refresh] done in 2ms @ http://localhost:3025/_next/static/chunks/node_modules_next_dist_1e8vcs8._.js:776
[   99682ms] [LOG] [Fast Refresh] done in 2ms @ http://localhost:3025/_next/static/chunks/node_modules_next_dist_1e8vcs8._.js:776
[   99728ms] [LOG] [Fast Refresh] done in 2ms @ http://localhost:3025/_next/static/chunks/node_modules_next_dist_1e8vcs8._.js:776
[   99767ms] [LOG] [Fast Refresh] done in 2ms @ http://localhost:3025/_next/static/chunks/node_modules_next_dist_1e8vcs8._.js:776
[   99813ms] [LOG] [Fast Refresh] done in 2ms @ http://localhost:3025/_next/static/chunks/node_modules_next_dist_1e8vcs8._.js:776
[   99850ms] [LOG] [Fast Refresh] done in 2ms @ http://localhost:3025/_next/static/chunks/node_modules_next_dist_1e8vcs8._.js:776
[   99895ms] [LOG] [Fast Refresh] done in 2ms @ http://localhost:3025/_next/static/chunks/node_modules_next_dist_1e8vcs8._.js:776
[   99940ms] [LOG] [Fast Refresh] done in 2ms @ http://localhost:3025/_next/static/chunks/node_modules_next_dist_1e8vcs8._.js:776
[   99986ms] [LOG] [Fast Refresh] done in 2ms @ http://localhost:3025/_next/static/chunks/node_modules_next_dist_1e8vcs8._.js:776
[  100033ms] [LOG] [Fast Refresh] done in 2ms @ http://localhost:3025/_next/static/chunks/node_modules_next_dist_1e8vcs8._.js:776
[  100079ms] [LOG] [Fast Refresh] done in 2ms @ http://localhost:3025/_next/static/chunks/node_modules_next_dist_1e8vcs8._.js:776
[  100125ms] [LOG] [Fast Refresh] done in 2ms @ http://localhost:3025/_next/static/chunks/node_modules_next_dist_1e8vcs8._.js:776
[  100170ms] [LOG] [Fast Refresh] done in 2ms @ http://localhost:3025/_next/static/chunks/node_modules_next_dist_1e8vcs8._.js:776
[  100217ms] [LOG] [Fast Refresh] done in 2ms @ http://localhost:3025/_next/static/chunks/node_modules_next_dist_1e8vcs8._.js:776
[  100262ms] [LOG] [Fast Refresh] done in 2ms @ http://localhost:3025/_next/static/chunks/node_modules_next_dist_1e8vcs8._.js:776
[  100309ms] [LOG] [Fast Refresh] done in 2ms @ http://localhost:3025/_next/static/chunks/node_modules_next_dist_1e8vcs8._.js:776
[  100354ms] [LOG] [Fast Refresh] done in 2ms @ http://localhost:3025/_next/static/chunks/node_modules_next_dist_1e8vcs8._.js:776
[  100400ms] [LOG] [Fast Refresh] done in 2ms @ http://localhost:3025/_next/static/chunks/node_modules_next_dist_1e8vcs8._.js:776
[  100445ms] [LOG] [Fast Refresh] done in 2ms @ http://localhost:3025/_next/static/chunks/node_modules_next_dist_1e8vcs8._.js:776
[  100492ms] [LOG] [Fast Refresh] done in 2ms @ http://localhost:3025/_next/static/chunks/node_modules_next_dist_1e8vcs8._.js:776
[  100539ms] [LOG] [Fast Refresh] done in 2ms @ http://localhost:3025/_next/static/chunks/node_modules_next_dist_1e8vcs8._.js:776
[  100587ms] [LOG] [Fast Refresh] done in 2ms @ http://localhost:3025/_next/static/chunks/node_modules_next_dist_1e8vcs8._.js:776
[  100635ms] [LOG] [Fast Refresh] done in 2ms @ http://localhost:3025/_next/static/chunks/node_modules_next_dist_1e8vcs8._.js:776
[  100683ms] [LOG] [Fast Refresh] done in 2ms @ http://localhost:3025/_next/static/chunks/node_modules_next_dist_1e8vcs8._.js:776
[  100729ms] [LOG] [Fast Refresh] done in 2ms @ http://localhost:3025/_next/static/chunks/node_modules_next_dist_1e8vcs8._.js:776
[  100776ms] [LOG] [Fast Refresh] done in 2ms @ http://localhost:3025/_next/static/chunks/node_modules_next_dist_1e8vcs8._.js:776
[  100824ms] [LOG] [Fast Refresh] done in 2ms @ http://localhost:3025/_next/static/chunks/node_modules_next_dist_1e8vcs8._.js:776
[  100873ms] [LOG] [Fast Refresh] done in 2ms @ http://localhost:3025/_next/static/chunks/node_modules_next_dist_1e8vcs8._.js:776
[  100921ms] [LOG] [Fast Refresh] done in 2ms @ http://localhost:3025/_next/static/chunks/node_modules_next_dist_1e8vcs8._.js:776
[  100971ms] [LOG] [Fast Refresh] done in 2ms @ http://localhost:3025/_next/static/chunks/node_modules_next_dist_1e8vcs8._.js:776
[  101019ms] [LOG] [Fast Refresh] done in 2ms @ http://localhost:3025/_next/static/chunks/node_modules_next_dist_1e8vcs8._.js:776
[  101068ms] [LOG] [Fast Refresh] done in 2ms @ http://localhost:3025/_next/static/chunks/node_modules_next_dist_1e8vcs8._.js:776
[  101117ms] [LOG] [Fast Refresh] done in 2ms @ http://localhost:3025/_next/static/chunks/node_modules_next_dist_1e8vcs8._.js:776
[  101165ms] [LOG] [Fast Refresh] done in 2ms @ http://localhost:3025/_next/static/chunks/node_modules_next_dist_1e8vcs8._.js:776
[  101213ms] [LOG] [Fast Refresh] done in 2ms @ http://localhost:3025/_next/static/chunks/node_modules_next_dist_1e8vcs8._.js:776
[  101262ms] [LOG] [Fast Refresh] done in 2ms @ http://localhost:3025/_next/static/chunks/node_modules_next_dist_1e8vcs8._.js:776
[  101313ms] [LOG] [Fast Refresh] done in 2ms @ http://localhost:3025/_next/static/chunks/node_modules_next_dist_1e8vcs8._.js:776
[  101362ms] [LOG] [Fast Refresh] done in 2ms @ http://localhost:3025/_next/static/chunks/node_modules_next_dist_1e8vcs8._.js:776
[  101411ms] [LOG] [Fast Refresh] done in 2ms @ http://localhost:3025/_next/static/chunks/node_modules_next_dist_1e8vcs8._.js:776
[  101460ms] [LOG] [Fast Refresh] done in 2ms @ http://localhost:3025/_next/static/chunks/node_modules_next_dist_1e8vcs8._.js:776
[  101508ms] [LOG] [Fast Refresh] done in 2ms @ http://localhost:3025/_next/static/chunks/node_modules_next_dist_1e8vcs8._.js:776
[  101557ms] [LOG] [Fast Refresh] done in 2ms @ http://localhost:3025/_next/static/chunks/node_modules_next_dist_1e8vcs8._.js:776
[  101605ms] [LOG] [Fast Refresh] done in 2ms @ http://localhost:3025/_next/static/chunks/node_modules_next_dist_1e8vcs8._.js:776
[  101646ms] [LOG] [Fast Refresh] done in 2ms @ http://localhost:3025/_next/static/chunks/node_modules_next_dist_1e8vcs8._.js:776
[  101692ms] [LOG] [Fast Refresh] done in 2ms @ http://localhost:3025/_next/static/chunks/node_modules_next_dist_1e8vcs8._.js:776
[  101738ms] [LOG] [Fast Refresh] done in 2ms @ http://localhost:3025/_next/static/chunks/node_modules_next_dist_1e8vcs8._.js:776
[  101785ms] [LOG] [Fast Refresh] done in 2ms @ http://localhost:3025/_next/static/chunks/node_modules_next_dist_1e8vcs8._.js:776
[  101834ms] [LOG] [Fast Refresh] done in 2ms @ http://localhost:3025/_next/static/chunks/node_modules_next_dist_1e8vcs8._.js:776
[  101882ms] [LOG] [Fast Refresh] done in 2ms @ http://localhost:3025/_next/static/chunks/node_modules_next_dist_1e8vcs8._.js:776
[  101932ms] [LOG] [Fast Refresh] done in 2ms @ http://localhost:3025/_next/static/chunks/node_modules_next_dist_1e8vcs8._.js:776
[  101980ms] [LOG] [Fast Refresh] done in 2ms @ http://localhost:3025/_next/static/chunks/node_modules_next_dist_1e8vcs8._.js:776
[  102029ms] [LOG] [Fast Refresh] done in 2ms @ http://localhost:3025/_next/static/chunks/node_modules_next_dist_1e8vcs8._.js:776
[  102078ms] [LOG] [Fast Refresh] done in 2ms @ http://localhost:3025/_next/static/chunks/node_modules_next_dist_1e8vcs8._.js:776
[  102128ms] [LOG] [Fast Refresh] done in 2ms @ http://localhost:3025/_next/static/chunks/node_modules_next_dist_1e8vcs8._.js:776
[  102174ms] [LOG] [Fast Refresh] done in 2ms @ http://localhost:3025/_next/static/chunks/node_modules_next_dist_1e8vcs8._.js:776
[  102222ms] [LOG] [Fast Refresh] done in 2ms @ http://localhost:3025/_next/static/chunks/node_modules_next_dist_1e8vcs8._.js:776
[  102270ms] [LOG] [Fast Refresh] done in 2ms @ http://localhost:3025/_next/static/chunks/node_modules_next_dist_1e8vcs8._.js:776
[  102318ms] [LOG] [Fast Refresh] done in 2ms @ http://localhost:3025/_next/static/chunks/node_modules_next_dist_1e8vcs8._.js:776
[  102367ms] [LOG] [Fast Refresh] done in 2ms @ http://localhost:3025/_next/static/chunks/node_modules_next_dist_1e8vcs8._.js:776
[  102415ms] [LOG] [Fast Refresh] done in 2ms @ http://localhost:3025/_next/static/chunks/node_modules_next_dist_1e8vcs8._.js:776
[  102464ms] [LOG] [Fast Refresh] done in 2ms @ http://localhost:3025/_next/static/chunks/node_modules_next_dist_1e8vcs8._.js:776
[  102512ms] [LOG] [Fast Refresh] done in 2ms @ http://localhost:3025/_next/static/chunks/node_modules_next_dist_1e8vcs8._.js:776
[  102557ms] [LOG] [Fast Refresh] done in 2ms @ http://localhost:3025/_next/static/chunks/node_modules_next_dist_1e8vcs8._.js:776
[  102604ms] [LOG] [Fast Refresh] done in 2ms @ http://localhost:3025/_next/static/chunks/node_modules_next_dist_1e8vcs8._.js:776
[  102652ms] [LOG] [Fast Refresh] done in 2ms @ http://localhost:3025/_next/static/chunks/node_modules_next_dist_1e8vcs8._.js:776
[  102701ms] [LOG] [Fast Refresh] done in 2ms @ http://localhost:3025/_next/static/chunks/node_modules_next_dist_1e8vcs8._.js:776
[  102750ms] [LOG] [Fast Refresh] done in 2ms @ http://localhost:3025/_next/static/chunks/node_modules_next_dist_1e8vcs8._.js:776
[  102799ms] [LOG] [Fast Refresh] done in 2ms @ http://localhost:3025/_next/static/chunks/node_modules_next_dist_1e8vcs8._.js:776
[  102848ms] [LOG] [Fast Refresh] done in 2ms @ http://localhost:3025/_next/static/chunks/node_modules_next_dist_1e8vcs8._.js:776
[  102899ms] [LOG] [Fast Refresh] done in 2ms @ http://localhost:3025/_next/static/chunks/node_modules_next_dist_1e8vcs8._.js:776
[  102947ms] [LOG] [Fast Refresh] done in 2ms @ http://localhost:3025/_next/static/chunks/node_modules_next_dist_1e8vcs8._.js:776
[  102996ms] [LOG] [Fast Refresh] done in 2ms @ http://localhost:3025/_next/static/chunks/node_modules_next_dist_1e8vcs8._.js:776
[  103043ms] [LOG] [Fast Refresh] done in 2ms @ http://localhost:3025/_next/static/chunks/node_modules_next_dist_1e8vcs8._.js:776
[  103091ms] [LOG] [Fast Refresh] done in 2ms @ http://localhost:3025/_next/static/chunks/node_modules_next_dist_1e8vcs8._.js:776
[  103139ms] [LOG] [Fast Refresh] done in 2ms @ http://localhost:3025/_next/static/chunks/node_modules_next_dist_1e8vcs8._.js:776
[  103188ms] [LOG] [Fast Refresh] done in 2ms @ http://localhost:3025/_next/static/chunks/node_modules_next_dist_1e8vcs8._.js:776
[  103235ms] [LOG] [Fast Refresh] done in 2ms @ http://localhost:3025/_next/static/chunks/node_modules_next_dist_1e8vcs8._.js:776
[  103283ms] [LOG] [Fast Refresh] done in 2ms @ http://localhost:3025/_next/static/chunks/node_modules_next_dist_1e8vcs8._.js:776
[  103332ms] [LOG] [Fast Refresh] done in 2ms @ http://localhost:3025/_next/static/chunks/node_modules_next_dist_1e8vcs8._.js:776
[  103380ms] [LOG] [Fast Refresh] done in 2ms @ http://localhost:3025/_next/static/chunks/node_modules_next_dist_1e8vcs8._.js:776
[  103427ms] [LOG] [Fast Refresh] done in 2ms @ http://localhost:3025/_next/static/chunks/node_modules_next_dist_1e8vcs8._.js:776
[  103476ms] [LOG] [Fast Refresh] done in 2ms @ http://localhost:3025/_next/static/chunks/node_modules_next_dist_1e8vcs8._.js:776
[  103512ms] [LOG] [Fast Refresh] done in 2ms @ http://localhost:3025/_next/static/chunks/node_modules_next_dist_1e8vcs8._.js:776
[  103559ms] [LOG] [Fast Refresh] done in 2ms @ http://localhost:3025/_next/static/chunks/node_modules_next_dist_1e8vcs8._.js:776
[  103605ms] [LOG] [Fast Refresh] done in 2ms @ http://localhost:3025/_next/static/chunks/node_modules_next_dist_1e8vcs8._.js:776
[  103651ms] [LOG] [Fast Refresh] done in 2ms @ http://localhost:3025/_next/static/chunks/node_modules_next_dist_1e8vcs8._.js:776
[  103699ms] [LOG] [Fast Refresh] done in 2ms @ http://localhost:3025/_next/static/chunks/node_modules_next_dist_1e8vcs8._.js:776
[  103748ms] [LOG] [Fast Refresh] done in 2ms @ http://localhost:3025/_next/static/chunks/node_modules_next_dist_1e8vcs8._.js:776
[  103795ms] [LOG] [Fast Refresh] done in 2ms @ http://localhost:3025/_next/static/chunks/node_modules_next_dist_1e8vcs8._.js:776
[  103841ms] [LOG] [Fast Refresh] done in 2ms @ http://localhost:3025/_next/static/chunks/node_modules_next_dist_1e8vcs8._.js:776
[  103890ms] [LOG] [Fast Refresh] done in 2ms @ http://localhost:3025/_next/static/chunks/node_modules_next_dist_1e8vcs8._.js:776
[  103938ms] [LOG] [Fast Refresh] done in 2ms @ http://localhost:3025/_next/static/chunks/node_modules_next_dist_1e8vcs8._.js:776
[  103987ms] [LOG] [Fast Refresh] done in 2ms @ http://localhost:3025/_next/static/chunks/node_modules_next_dist_1e8vcs8._.js:776
[  104035ms] [LOG] [Fast Refresh] done in 2ms @ http://localhost:3025/_next/static/chunks/node_modules_next_dist_1e8vcs8._.js:776
[  104084ms] [LOG] [Fast Refresh] done in 2ms @ http://localhost:3025/_next/static/chunks/node_modules_next_dist_1e8vcs8._.js:776
[  104132ms] [LOG] [Fast Refresh] done in 2ms @ http://localhost:3025/_next/static/chunks/node_modules_next_dist_1e8vcs8._.js:776
[  104180ms] [LOG] [Fast Refresh] done in 2ms @ http://localhost:3025/_next/static/chunks/node_modules_next_dist_1e8vcs8._.js:776
[  104228ms] [LOG] [Fast Refresh] done in 2ms @ http://localhost:3025/_next/static/chunks/node_modules_next_dist_1e8vcs8._.js:776
[  104276ms] [LOG] [Fast Refresh] done in 2ms @ http://localhost:3025/_next/static/chunks/node_modules_next_dist_1e8vcs8._.js:776
[  104325ms] [LOG] [Fast Refresh] done in 2ms @ http://localhost:3025/_next/static/chunks/node_modules_next_dist_1e8vcs8._.js:776
[  104374ms] [LOG] [Fast Refresh] done in 2ms @ http://localhost:3025/_next/static/chunks/node_modules_next_dist_1e8vcs8._.js:776
[  104423ms] [LOG] [Fast Refresh] done in 2ms @ http://localhost:3025/_next/static/chunks/node_modules_next_dist_1e8vcs8._.js:776
[  104471ms] [LOG] [Fast Refresh] done in 2ms @ http://localhost:3025/_next/static/chunks/node_modules_next_dist_1e8vcs8._.js:776
[  104519ms] [LOG] [Fast Refresh] done in 2ms @ http://localhost:3025/_next/static/chunks/node_modules_next_dist_1e8vcs8._.js:776
[  104557ms] [LOG] [Fast Refresh] done in 2ms @ http://localhost:3025/_next/static/chunks/node_modules_next_dist_1e8vcs8._.js:776
[  104603ms] [LOG] [Fast Refresh] done in 2ms @ http://localhost:3025/_next/static/chunks/node_modules_next_dist_1e8vcs8._.js:776
[  104648ms] [LOG] [Fast Refresh] done in 2ms @ http://localhost:3025/_next/static/chunks/node_modules_next_dist_1e8vcs8._.js:776
[  104695ms] [LOG] [Fast Refresh] done in 2ms @ http://localhost:3025/_next/static/chunks/node_modules_next_dist_1e8vcs8._.js:776
[  104735ms] [LOG] [Fast Refresh] done in 2ms @ http://localhost:3025/_next/static/chunks/node_modules_next_dist_1e8vcs8._.js:776
[  104783ms] [LOG] [Fast Refresh] done in 2ms @ http://localhost:3025/_next/static/chunks/node_modules_next_dist_1e8vcs8._.js:776
[  104831ms] [LOG] [Fast Refresh] done in 2ms @ http://localhost:3025/_next/static/chunks/node_modules_next_dist_1e8vcs8._.js:776
[  104880ms] [LOG] [Fast Refresh] done in 2ms @ http://localhost:3025/_next/static/chunks/node_modules_next_dist_1e8vcs8._.js:776
[  104929ms] [LOG] [Fast Refresh] done in 2ms @ http://localhost:3025/_next/static/chunks/node_modules_next_dist_1e8vcs8._.js:776
[  104976ms] [LOG] [Fast Refresh] done in 2ms @ http://localhost:3025/_next/static/chunks/node_modules_next_dist_1e8vcs8._.js:776
[  105024ms] [LOG] [Fast Refresh] done in 2ms @ http://localhost:3025/_next/static/chunks/node_modules_next_dist_1e8vcs8._.js:776
[  105073ms] [LOG] [Fast Refresh] done in 2ms @ http://localhost:3025/_next/static/chunks/node_modules_next_dist_1e8vcs8._.js:776
[  105122ms] [LOG] [Fast Refresh] done in 2ms @ http://localhost:3025/_next/static/chunks/node_modules_next_dist_1e8vcs8._.js:776
[  105169ms] [LOG] [Fast Refresh] done in 2ms @ http://localhost:3025/_next/static/chunks/node_modules_next_dist_1e8vcs8._.js:776
[  105218ms] [LOG] [Fast Refresh] done in 2ms @ http://localhost:3025/_next/static/chunks/node_modules_next_dist_1e8vcs8._.js:776
[  105267ms] [LOG] [Fast Refresh] done in 2ms @ http://localhost:3025/_next/static/chunks/node_modules_next_dist_1e8vcs8._.js:776
[  105316ms] [LOG] [Fast Refresh] done in 2ms @ http://localhost:3025/_next/static/chunks/node_modules_next_dist_1e8vcs8._.js:776
[  105364ms] [LOG] [Fast Refresh] done in 2ms @ http://localhost:3025/_next/static/chunks/node_modules_next_dist_1e8vcs8._.js:776
[  105400ms] [LOG] [Fast Refresh] done in 2ms @ http://localhost:3025/_next/static/chunks/node_modules_next_dist_1e8vcs8._.js:776
[  105446ms] [LOG] [Fast Refresh] done in 2ms @ http://localhost:3025/_next/static/chunks/node_modules_next_dist_1e8vcs8._.js:776
[  105491ms] [LOG] [Fast Refresh] done in 2ms @ http://localhost:3025/_next/static/chunks/node_modules_next_dist_1e8vcs8._.js:776
[  105538ms] [LOG] [Fast Refresh] done in 2ms @ http://localhost:3025/_next/static/chunks/node_modules_next_dist_1e8vcs8._.js:776
[  105586ms] [LOG] [Fast Refresh] done in 2ms @ http://localhost:3025/_next/static/chunks/node_modules_next_dist_1e8vcs8._.js:776
[  105634ms] [LOG] [Fast Refresh] done in 2ms @ http://localhost:3025/_next/static/chunks/node_modules_next_dist_1e8vcs8._.js:776
[  105680ms] [LOG] [Fast Refresh] done in 2ms @ http://localhost:3025/_next/static/chunks/node_modules_next_dist_1e8vcs8._.js:776
[  105725ms] [LOG] [Fast Refresh] done in 2ms @ http://localhost:3025/_next/static/chunks/node_modules_next_dist_1e8vcs8._.js:776
[  105771ms] [LOG] [Fast Refresh] done in 2ms @ http://localhost:3025/_next/static/chunks/node_modules_next_dist_1e8vcs8._.js:776
[  105816ms] [LOG] [Fast Refresh] done in 2ms @ http://localhost:3025/_next/static/chunks/node_modules_next_dist_1e8vcs8._.js:776
[  105862ms] [LOG] [Fast Refresh] done in 2ms @ http://localhost:3025/_next/static/chunks/node_modules_next_dist_1e8vcs8._.js:776
[  105910ms] [LOG] [Fast Refresh] done in 2ms @ http://localhost:3025/_next/static/chunks/node_modules_next_dist_1e8vcs8._.js:776
[  105959ms] [LOG] [Fast Refresh] done in 2ms @ http://localhost:3025/_next/static/chunks/node_modules_next_dist_1e8vcs8._.js:776
[  106008ms] [LOG] [Fast Refresh] done in 2ms @ http://localhost:3025/_next/static/chunks/node_modules_next_dist_1e8vcs8._.js:776
[  106057ms] [LOG] [Fast Refresh] done in 2ms @ http://localhost:3025/_next/static/chunks/node_modules_next_dist_1e8vcs8._.js:776
[  106106ms] [LOG] [Fast Refresh] done in 2ms @ http://localhost:3025/_next/static/chunks/node_modules_next_dist_1e8vcs8._.js:776
[  106153ms] [LOG] [Fast Refresh] done in 2ms @ http://localhost:3025/_next/static/chunks/node_modules_next_dist_1e8vcs8._.js:776
[  106201ms] [LOG] [Fast Refresh] done in 2ms @ http://localhost:3025/_next/static/chunks/node_modules_next_dist_1e8vcs8._.js:776
[  106247ms] [LOG] [Fast Refresh] done in 2ms @ http://localhost:3025/_next/static/chunks/node_modules_next_dist_1e8vcs8._.js:776
[  106295ms] [LOG] [Fast Refresh] done in 2ms @ http://localhost:3025/_next/static/chunks/node_modules_next_dist_1e8vcs8._.js:776
[  106341ms] [LOG] [Fast Refresh] done in 2ms @ http://localhost:3025/_next/static/chunks/node_modules_next_dist_1e8vcs8._.js:776
[  106387ms] [LOG] [Fast Refresh] done in 2ms @ http://localhost:3025/_next/static/chunks/node_modules_next_dist_1e8vcs8._.js:776
[  106434ms] [LOG] [Fast Refresh] done in 2ms @ http://localhost:3025/_next/static/chunks/node_modules_next_dist_1e8vcs8._.js:776
[  106482ms] [LOG] [Fast Refresh] done in 2ms @ http://localhost:3025/_next/static/chunks/node_modules_next_dist_1e8vcs8._.js:776
[  106530ms] [LOG] [Fast Refresh] done in 2ms @ http://localhost:3025/_next/static/chunks/node_modules_next_dist_1e8vcs8._.js:776
[  106578ms] [LOG] [Fast Refresh] done in 2ms @ http://localhost:3025/_next/static/chunks/node_modules_next_dist_1e8vcs8._.js:776
[  106627ms] [LOG] [Fast Refresh] done in 2ms @ http://localhost:3025/_next/static/chunks/node_modules_next_dist_1e8vcs8._.js:776
[  106675ms] [LOG] [Fast Refresh] done in 2ms @ http://localhost:3025/_next/static/chunks/node_modules_next_dist_1e8vcs8._.js:776
[  106723ms] [LOG] [Fast Refresh] done in 2ms @ http://localhost:3025/_next/static/chunks/node_modules_next_dist_1e8vcs8._.js:776
[  106771ms] [LOG] [Fast Refresh] done in 2ms @ http://localhost:3025/_next/static/chunks/node_modules_next_dist_1e8vcs8._.js:776
[  106819ms] [LOG] [Fast Refresh] done in 2ms @ http://localhost:3025/_next/static/chunks/node_modules_next_dist_1e8vcs8._.js:776
[  106868ms] [LOG] [Fast Refresh] done in 2ms @ http://localhost:3025/_next/static/chunks/node_modules_next_dist_1e8vcs8._.js:776
[  106917ms] [LOG] [Fast Refresh] done in 2ms @ http://localhost:3025/_next/static/chunks/node_modules_next_dist_1e8vcs8._.js:776
[  106966ms] [LOG] [Fast Refresh] done in 2ms @ http://localhost:3025/_next/static/chunks/node_modules_next_dist_1e8vcs8._.js:776
[  107015ms] [LOG] [Fast Refresh] done in 2ms @ http://localhost:3025/_next/static/chunks/node_modules_next_dist_1e8vcs8._.js:776
[  107065ms] [LOG] [Fast Refresh] done in 2ms @ http://localhost:3025/_next/static/chunks/node_modules_next_dist_1e8vcs8._.js:776
[  107114ms] [LOG] [Fast Refresh] done in 2ms @ http://localhost:3025/_next/static/chunks/node_modules_next_dist_1e8vcs8._.js:776
[  107162ms] [LOG] [Fast Refresh] done in 2ms @ http://localhost:3025/_next/static/chunks/node_modules_next_dist_1e8vcs8._.js:776
[  107209ms] [LOG] [Fast Refresh] done in 2ms @ http://localhost:3025/_next/static/chunks/node_modules_next_dist_1e8vcs8._.js:776
[  107255ms] [LOG] [Fast Refresh] done in 2ms @ http://localhost:3025/_next/static/chunks/node_modules_next_dist_1e8vcs8._.js:776
[  107301ms] [LOG] [Fast Refresh] done in 2ms @ http://localhost:3025/_next/static/chunks/node_modules_next_dist_1e8vcs8._.js:776
[  107346ms] [LOG] [Fast Refresh] done in 2ms @ http://localhost:3025/_next/static/chunks/node_modules_next_dist_1e8vcs8._.js:776
[  107392ms] [LOG] [Fast Refresh] done in 2ms @ http://localhost:3025/_next/static/chunks/node_modules_next_dist_1e8vcs8._.js:776
[  107439ms] [LOG] [Fast Refresh] done in 2ms @ http://localhost:3025/_next/static/chunks/node_modules_next_dist_1e8vcs8._.js:776
[  107486ms] [LOG] [Fast Refresh] done in 2ms @ http://localhost:3025/_next/static/chunks/node_modules_next_dist_1e8vcs8._.js:776
[  107535ms] [LOG] [Fast Refresh] done in 2ms @ http://localhost:3025/_next/static/chunks/node_modules_next_dist_1e8vcs8._.js:776
[  107585ms] [LOG] [Fast Refresh] done in 2ms @ http://localhost:3025/_next/static/chunks/node_modules_next_dist_1e8vcs8._.js:776
[  107633ms] [LOG] [Fast Refresh] done in 2ms @ http://localhost:3025/_next/static/chunks/node_modules_next_dist_1e8vcs8._.js:776
[  107681ms] [LOG] [Fast Refresh] done in 2ms @ http://localhost:3025/_next/static/chunks/node_modules_next_dist_1e8vcs8._.js:776
[  107731ms] [LOG] [Fast Refresh] done in 2ms @ http://localhost:3025/_next/static/chunks/node_modules_next_dist_1e8vcs8._.js:776
[  107779ms] [LOG] [Fast Refresh] done in 2ms @ http://localhost:3025/_next/static/chunks/node_modules_next_dist_1e8vcs8._.js:776
[  107827ms] [LOG] [Fast Refresh] done in 2ms @ http://localhost:3025/_next/static/chunks/node_modules_next_dist_1e8vcs8._.js:776
[  107874ms] [LOG] [Fast Refresh] done in 2ms @ http://localhost:3025/_next/static/chunks/node_modules_next_dist_1e8vcs8._.js:776
[  107923ms] [LOG] [Fast Refresh] done in 2ms @ http://localhost:3025/_next/static/chunks/node_modules_next_dist_1e8vcs8._.js:776
[  107972ms] [LOG] [Fast Refresh] done in 2ms @ http://localhost:3025/_next/static/chunks/node_modules_next_dist_1e8vcs8._.js:776
[  108022ms] [LOG] [Fast Refresh] done in 2ms @ http://localhost:3025/_next/static/chunks/node_modules_next_dist_1e8vcs8._.js:776
[  108071ms] [LOG] [Fast Refresh] done in 2ms @ http://localhost:3025/_next/static/chunks/node_modules_next_dist_1e8vcs8._.js:776
[  108119ms] [LOG] [Fast Refresh] done in 2ms @ http://localhost:3025/_next/static/chunks/node_modules_next_dist_1e8vcs8._.js:776
[  108167ms] [LOG] [Fast Refresh] done in 2ms @ http://localhost:3025/_next/static/chunks/node_modules_next_dist_1e8vcs8._.js:776
[  108214ms] [LOG] [Fast Refresh] done in 2ms @ http://localhost:3025/_next/static/chunks/node_modules_next_dist_1e8vcs8._.js:776
[  108262ms] [LOG] [Fast Refresh] done in 2ms @ http://localhost:3025/_next/static/chunks/node_modules_next_dist_1e8vcs8._.js:776
[  108310ms] [LOG] [Fast Refresh] done in 2ms @ http://localhost:3025/_next/static/chunks/node_modules_next_dist_1e8vcs8._.js:776
[  108358ms] [LOG] [Fast Refresh] done in 2ms @ http://localhost:3025/_next/static/chunks/node_modules_next_dist_1e8vcs8._.js:776
[  108404ms] [LOG] [Fast Refresh] done in 2ms @ http://localhost:3025/_next/static/chunks/node_modules_next_dist_1e8vcs8._.js:776
[  108451ms] [LOG] [Fast Refresh] done in 2ms @ http://localhost:3025/_next/static/chunks/node_modules_next_dist_1e8vcs8._.js:776
[  108499ms] [LOG] [Fast Refresh] done in 2ms @ http://localhost:3025/_next/static/chunks/node_modules_next_dist_1e8vcs8._.js:776
[  108549ms] [LOG] [Fast Refresh] done in 2ms @ http://localhost:3025/_next/static/chunks/node_modules_next_dist_1e8vcs8._.js:776
[  108598ms] [LOG] [Fast Refresh] done in 2ms @ http://localhost:3025/_next/static/chunks/node_modules_next_dist_1e8vcs8._.js:776
[  108648ms] [LOG] [Fast Refresh] done in 2ms @ http://localhost:3025/_next/static/chunks/node_modules_next_dist_1e8vcs8._.js:776
[  108698ms] [LOG] [Fast Refresh] done in 2ms @ http://localhost:3025/_next/static/chunks/node_modules_next_dist_1e8vcs8._.js:776
[  108746ms] [LOG] [Fast Refresh] done in 2ms @ http://localhost:3025/_next/static/chunks/node_modules_next_dist_1e8vcs8._.js:776
[  108793ms] [LOG] [Fast Refresh] done in 2ms @ http://localhost:3025/_next/static/chunks/node_modules_next_dist_1e8vcs8._.js:776
[  108839ms] [LOG] [Fast Refresh] done in 2ms @ http://localhost:3025/_next/static/chunks/node_modules_next_dist_1e8vcs8._.js:776
[  108887ms] [LOG] [Fast Refresh] done in 2ms @ http://localhost:3025/_next/static/chunks/node_modules_next_dist_1e8vcs8._.js:776
[  108935ms] [LOG] [Fast Refresh] done in 2ms @ http://localhost:3025/_next/static/chunks/node_modules_next_dist_1e8vcs8._.js:776
[  108983ms] [LOG] [Fast Refresh] done in 2ms @ http://localhost:3025/_next/static/chunks/node_modules_next_dist_1e8vcs8._.js:776
[  109032ms] [LOG] [Fast Refresh] done in 2ms @ http://localhost:3025/_next/static/chunks/node_modules_next_dist_1e8vcs8._.js:776
[  109080ms] [LOG] [Fast Refresh] done in 2ms @ http://localhost:3025/_next/static/chunks/node_modules_next_dist_1e8vcs8._.js:776
[  109126ms] [LOG] [Fast Refresh] done in 2ms @ http://localhost:3025/_next/static/chunks/node_modules_next_dist_1e8vcs8._.js:776
[  109173ms] [LOG] [Fast Refresh] done in 2ms @ http://localhost:3025/_next/static/chunks/node_modules_next_dist_1e8vcs8._.js:776
[  109219ms] [LOG] [Fast Refresh] done in 2ms @ http://localhost:3025/_next/static/chunks/node_modules_next_dist_1e8vcs8._.js:776
[  109266ms] [LOG] [Fast Refresh] done in 2ms @ http://localhost:3025/_next/static/chunks/node_modules_next_dist_1e8vcs8._.js:776
[  109311ms] [LOG] [Fast Refresh] done in 2ms @ http://localhost:3025/_next/static/chunks/node_modules_next_dist_1e8vcs8._.js:776
[  109358ms] [LOG] [Fast Refresh] done in 2ms @ http://localhost:3025/_next/static/chunks/node_modules_next_dist_1e8vcs8._.js:776
[  109405ms] [LOG] [Fast Refresh] done in 2ms @ http://localhost:3025/_next/static/chunks/node_modules_next_dist_1e8vcs8._.js:776
[  109453ms] [LOG] [Fast Refresh] done in 2ms @ http://localhost:3025/_next/static/chunks/node_modules_next_dist_1e8vcs8._.js:776
[  109502ms] [LOG] [Fast Refresh] done in 2ms @ http://localhost:3025/_next/static/chunks/node_modules_next_dist_1e8vcs8._.js:776
[  109551ms] [LOG] [Fast Refresh] done in 2ms @ http://localhost:3025/_next/static/chunks/node_modules_next_dist_1e8vcs8._.js:776
[  109604ms] [LOG] [Fast Refresh] done in 2ms @ http://localhost:3025/_next/static/chunks/node_modules_next_dist_1e8vcs8._.js:776
[  109652ms] [LOG] [Fast Refresh] done in 2ms @ http://localhost:3025/_next/static/chunks/node_modules_next_dist_1e8vcs8._.js:776
[  109700ms] [LOG] [Fast Refresh] done in 2ms @ http://localhost:3025/_next/static/chunks/node_modules_next_dist_1e8vcs8._.js:776
[  109751ms] [LOG] [Fast Refresh] done in 2ms @ http://localhost:3025/_next/static/chunks/node_modules_next_dist_1e8vcs8._.js:776
[  109800ms] [LOG] [Fast Refresh] done in 2ms @ http://localhost:3025/_next/static/chunks/node_modules_next_dist_1e8vcs8._.js:776
[  109849ms] [LOG] [Fast Refresh] done in 2ms @ http://localhost:3025/_next/static/chunks/node_modules_next_dist_1e8vcs8._.js:776
[  109897ms] [LOG] [Fast Refresh] done in 2ms @ http://localhost:3025/_next/static/chunks/node_modules_next_dist_1e8vcs8._.js:776
[  109945ms] [LOG] [Fast Refresh] done in 2ms @ http://localhost:3025/_next/static/chunks/node_modules_next_dist_1e8vcs8._.js:776
[  109994ms] [LOG] [Fast Refresh] done in 2ms @ http://localhost:3025/_next/static/chunks/node_modules_next_dist_1e8vcs8._.js:776
[  110044ms] [LOG] [Fast Refresh] done in 2ms @ http://localhost:3025/_next/static/chunks/node_modules_next_dist_1e8vcs8._.js:776
[  110093ms] [LOG] [Fast Refresh] done in 2ms @ http://localhost:3025/_next/static/chunks/node_modules_next_dist_1e8vcs8._.js:776
[  110142ms] [LOG] [Fast Refresh] done in 2ms @ http://localhost:3025/_next/static/chunks/node_modules_next_dist_1e8vcs8._.js:776
[  110190ms] [LOG] [Fast Refresh] done in 2ms @ http://localhost:3025/_next/static/chunks/node_modules_next_dist_1e8vcs8._.js:776
[  110237ms] [LOG] [Fast Refresh] done in 2ms @ http://localhost:3025/_next/static/chunks/node_modules_next_dist_1e8vcs8._.js:776
[  110284ms] [LOG] [Fast Refresh] done in 2ms @ http://localhost:3025/_next/static/chunks/node_modules_next_dist_1e8vcs8._.js:776
[  110330ms] [LOG] [Fast Refresh] done in 2ms @ http://localhost:3025/_next/static/chunks/node_modules_next_dist_1e8vcs8._.js:776
[  110377ms] [LOG] [Fast Refresh] done in 2ms @ http://localhost:3025/_next/static/chunks/node_modules_next_dist_1e8vcs8._.js:776
[  110426ms] [LOG] [Fast Refresh] done in 2ms @ http://localhost:3025/_next/static/chunks/node_modules_next_dist_1e8vcs8._.js:776
[  110473ms] [LOG] [Fast Refresh] done in 2ms @ http://localhost:3025/_next/static/chunks/node_modules_next_dist_1e8vcs8._.js:776
[  110522ms] [LOG] [Fast Refresh] done in 2ms @ http://localhost:3025/_next/static/chunks/node_modules_next_dist_1e8vcs8._.js:776
[  110572ms] [LOG] [Fast Refresh] done in 2ms @ http://localhost:3025/_next/static/chunks/node_modules_next_dist_1e8vcs8._.js:776
[  110622ms] [LOG] [Fast Refresh] done in 2ms @ http://localhost:3025/_next/static/chunks/node_modules_next_dist_1e8vcs8._.js:776
[  110673ms] [LOG] [Fast Refresh] done in 2ms @ http://localhost:3025/_next/static/chunks/node_modules_next_dist_1e8vcs8._.js:776
[  110722ms] [LOG] [Fast Refresh] done in 2ms @ http://localhost:3025/_next/static/chunks/node_modules_next_dist_1e8vcs8._.js:776
[  110770ms] [LOG] [Fast Refresh] done in 2ms @ http://localhost:3025/_next/static/chunks/node_modules_next_dist_1e8vcs8._.js:776
[  110813ms] [LOG] [Fast Refresh] done in 2ms @ http://localhost:3025/_next/static/chunks/node_modules_next_dist_1e8vcs8._.js:776
[  110859ms] [LOG] [Fast Refresh] done in 2ms @ http://localhost:3025/_next/static/chunks/node_modules_next_dist_1e8vcs8._.js:776
[  110907ms] [LOG] [Fast Refresh] done in 2ms @ http://localhost:3025/_next/static/chunks/node_modules_next_dist_1e8vcs8._.js:776
[  110954ms] [LOG] [Fast Refresh] done in 2ms @ http://localhost:3025/_next/static/chunks/node_modules_next_dist_1e8vcs8._.js:776
[  110998ms] [LOG] [Fast Refresh] done in 2ms @ http://localhost:3025/_next/static/chunks/node_modules_next_dist_1e8vcs8._.js:776
[  111010ms] [LOG] [Fast Refresh] rebuilding @ http://localhost:3025/_next/static/chunks/node_modules_next_dist_1e8vcs8._.js:776
[  111055ms] [LOG] [Fast Refresh] done in 3ms @ http://localhost:3025/_next/static/chunks/node_modules_next_dist_1e8vcs8._.js:776
[  111094ms] [LOG] [Fast Refresh] done in 3ms @ http://localhost:3025/_next/static/chunks/node_modules_next_dist_1e8vcs8._.js:776
[  111140ms] [LOG] [Fast Refresh] done in 3ms @ http://localhost:3025/_next/static/chunks/node_modules_next_dist_1e8vcs8._.js:776
[  111186ms] [LOG] [Fast Refresh] done in 3ms @ http://localhost:3025/_next/static/chunks/node_modules_next_dist_1e8vcs8._.js:776
[  111232ms] [LOG] [Fast Refresh] done in 3ms @ http://localhost:3025/_next/static/chunks/node_modules_next_dist_1e8vcs8._.js:776
[  111278ms] [LOG] [Fast Refresh] done in 3ms @ http://localhost:3025/_next/static/chunks/node_modules_next_dist_1e8vcs8._.js:776
[  111324ms] [LOG] [Fast Refresh] done in 3ms @ http://localhost:3025/_next/static/chunks/node_modules_next_dist_1e8vcs8._.js:776
[  111369ms] [LOG] [Fast Refresh] done in 3ms @ http://localhost:3025/_next/static/chunks/node_modules_next_dist_1e8vcs8._.js:776
[  111415ms] [LOG] [Fast Refresh] done in 3ms @ http://localhost:3025/_next/static/chunks/node_modules_next_dist_1e8vcs8._.js:776
[  111460ms] [LOG] [Fast Refresh] done in 3ms @ http://localhost:3025/_next/static/chunks/node_modules_next_dist_1e8vcs8._.js:776
[  111506ms] [LOG] [Fast Refresh] done in 3ms @ http://localhost:3025/_next/static/chunks/node_modules_next_dist_1e8vcs8._.js:776
[  111551ms] [LOG] [Fast Refresh] done in 3ms @ http://localhost:3025/_next/static/chunks/node_modules_next_dist_1e8vcs8._.js:776
[  111597ms] [LOG] [Fast Refresh] done in 3ms @ http://localhost:3025/_next/static/chunks/node_modules_next_dist_1e8vcs8._.js:776
[  111642ms] [LOG] [Fast Refresh] done in 3ms @ http://localhost:3025/_next/static/chunks/node_modules_next_dist_1e8vcs8._.js:776
[  111688ms] [LOG] [Fast Refresh] done in 3ms @ http://localhost:3025/_next/static/chunks/node_modules_next_dist_1e8vcs8._.js:776
[  111734ms] [LOG] [Fast Refresh] done in 3ms @ http://localhost:3025/_next/static/chunks/node_modules_next_dist_1e8vcs8._.js:776
[  111779ms] [LOG] [Fast Refresh] done in 3ms @ http://localhost:3025/_next/static/chunks/node_modules_next_dist_1e8vcs8._.js:776
[  111825ms] [LOG] [Fast Refresh] done in 3ms @ http://localhost:3025/_next/static/chunks/node_modules_next_dist_1e8vcs8._.js:776
[  111871ms] [LOG] [Fast Refresh] done in 3ms @ http://localhost:3025/_next/static/chunks/node_modules_next_dist_1e8vcs8._.js:776
[  111916ms] [LOG] [Fast Refresh] done in 3ms @ http://localhost:3025/_next/static/chunks/node_modules_next_dist_1e8vcs8._.js:776
[  111962ms] [LOG] [Fast Refresh] done in 3ms @ http://localhost:3025/_next/static/chunks/node_modules_next_dist_1e8vcs8._.js:776
[  112008ms] [LOG] [Fast Refresh] done in 3ms @ http://localhost:3025/_next/static/chunks/node_modules_next_dist_1e8vcs8._.js:776
[  112055ms] [LOG] [Fast Refresh] done in 3ms @ http://localhost:3025/_next/static/chunks/node_modules_next_dist_1e8vcs8._.js:776
[  112101ms] [LOG] [Fast Refresh] done in 3ms @ http://localhost:3025/_next/static/chunks/node_modules_next_dist_1e8vcs8._.js:776
[  112147ms] [LOG] [Fast Refresh] done in 3ms @ http://localhost:3025/_next/static/chunks/node_modules_next_dist_1e8vcs8._.js:776
[  112191ms] [LOG] [Fast Refresh] done in 3ms @ http://localhost:3025/_next/static/chunks/node_modules_next_dist_1e8vcs8._.js:776
[  112238ms] [LOG] [Fast Refresh] done in 3ms @ http://localhost:3025/_next/static/chunks/node_modules_next_dist_1e8vcs8._.js:776
[  112284ms] [LOG] [Fast Refresh] done in 3ms @ http://localhost:3025/_next/static/chunks/node_modules_next_dist_1e8vcs8._.js:776
[  112330ms] [LOG] [Fast Refresh] done in 3ms @ http://localhost:3025/_next/static/chunks/node_modules_next_dist_1e8vcs8._.js:776
[  112376ms] [LOG] [Fast Refresh] done in 3ms @ http://localhost:3025/_next/static/chunks/node_modules_next_dist_1e8vcs8._.js:776
[  112423ms] [LOG] [Fast Refresh] done in 3ms @ http://localhost:3025/_next/static/chunks/node_modules_next_dist_1e8vcs8._.js:776
[  112471ms] [LOG] [Fast Refresh] done in 3ms @ http://localhost:3025/_next/static/chunks/node_modules_next_dist_1e8vcs8._.js:776
[  112519ms] [LOG] [Fast Refresh] done in 3ms @ http://localhost:3025/_next/static/chunks/node_modules_next_dist_1e8vcs8._.js:776
[  112569ms] [LOG] [Fast Refresh] done in 3ms @ http://localhost:3025/_next/static/chunks/node_modules_next_dist_1e8vcs8._.js:776
[  112618ms] [LOG] [Fast Refresh] done in 3ms @ http://localhost:3025/_next/static/chunks/node_modules_next_dist_1e8vcs8._.js:776
[  112667ms] [LOG] [Fast Refresh] done in 3ms @ http://localhost:3025/_next/static/chunks/node_modules_next_dist_1e8vcs8._.js:776
[  112716ms] [LOG] [Fast Refresh] done in 3ms @ http://localhost:3025/_next/static/chunks/node_modules_next_dist_1e8vcs8._.js:776
[  112757ms] [LOG] [Fast Refresh] done in 3ms @ http://localhost:3025/_next/static/chunks/node_modules_next_dist_1e8vcs8._.js:776
[  112806ms] [LOG] [Fast Refresh] done in 3ms @ http://localhost:3025/_next/static/chunks/node_modules_next_dist_1e8vcs8._.js:776
[  112856ms] [LOG] [Fast Refresh] done in 3ms @ http://localhost:3025/_next/static/chunks/node_modules_next_dist_1e8vcs8._.js:776
[  112905ms] [LOG] [Fast Refresh] done in 3ms @ http://localhost:3025/_next/static/chunks/node_modules_next_dist_1e8vcs8._.js:776
[  112953ms] [LOG] [Fast Refresh] done in 3ms @ http://localhost:3025/_next/static/chunks/node_modules_next_dist_1e8vcs8._.js:776
[  113001ms] [LOG] [Fast Refresh] done in 3ms @ http://localhost:3025/_next/static/chunks/node_modules_next_dist_1e8vcs8._.js:776
[  113049ms] [LOG] [Fast Refresh] done in 3ms @ http://localhost:3025/_next/static/chunks/node_modules_next_dist_1e8vcs8._.js:776
[  113094ms] [LOG] [Fast Refresh] done in 3ms @ http://localhost:3025/_next/static/chunks/node_modules_next_dist_1e8vcs8._.js:776
[  113140ms] [LOG] [Fast Refresh] done in 3ms @ http://localhost:3025/_next/static/chunks/node_modules_next_dist_1e8vcs8._.js:776
[  113187ms] [LOG] [Fast Refresh] done in 3ms @ http://localhost:3025/_next/static/chunks/node_modules_next_dist_1e8vcs8._.js:776
[  113234ms] [LOG] [Fast Refresh] done in 3ms @ http://localhost:3025/_next/static/chunks/node_modules_next_dist_1e8vcs8._.js:776
[  113283ms] [LOG] [Fast Refresh] done in 3ms @ http://localhost:3025/_next/static/chunks/node_modules_next_dist_1e8vcs8._.js:776
[  113333ms] [LOG] [Fast Refresh] done in 3ms @ http://localhost:3025/_next/static/chunks/node_modules_next_dist_1e8vcs8._.js:776
[  113381ms] [LOG] [Fast Refresh] done in 3ms @ http://localhost:3025/_next/static/chunks/node_modules_next_dist_1e8vcs8._.js:776
[  113431ms] [LOG] [Fast Refresh] done in 3ms @ http://localhost:3025/_next/static/chunks/node_modules_next_dist_1e8vcs8._.js:776
[  113480ms] [LOG] [Fast Refresh] done in 3ms @ http://localhost:3025/_next/static/chunks/node_modules_next_dist_1e8vcs8._.js:776
[  113528ms] [LOG] [Fast Refresh] done in 3ms @ http://localhost:3025/_next/static/chunks/node_modules_next_dist_1e8vcs8._.js:776
[  113576ms] [LOG] [Fast Refresh] done in 3ms @ http://localhost:3025/_next/static/chunks/node_modules_next_dist_1e8vcs8._.js:776
[  113625ms] [LOG] [Fast Refresh] done in 3ms @ http://localhost:3025/_next/static/chunks/node_modules_next_dist_1e8vcs8._.js:776
[  113673ms] [LOG] [Fast Refresh] done in 3ms @ http://localhost:3025/_next/static/chunks/node_modules_next_dist_1e8vcs8._.js:776
[  113722ms] [LOG] [Fast Refresh] done in 3ms @ http://localhost:3025/_next/static/chunks/node_modules_next_dist_1e8vcs8._.js:776
[  113771ms] [LOG] [Fast Refresh] done in 3ms @ http://localhost:3025/_next/static/chunks/node_modules_next_dist_1e8vcs8._.js:776
[  113820ms] [LOG] [Fast Refresh] done in 3ms @ http://localhost:3025/_next/static/chunks/node_modules_next_dist_1e8vcs8._.js:776
[  113868ms] [LOG] [Fast Refresh] done in 3ms @ http://localhost:3025/_next/static/chunks/node_modules_next_dist_1e8vcs8._.js:776
[  113918ms] [LOG] [Fast Refresh] done in 3ms @ http://localhost:3025/_next/static/chunks/node_modules_next_dist_1e8vcs8._.js:776
[  113967ms] [LOG] [Fast Refresh] done in 3ms @ http://localhost:3025/_next/static/chunks/node_modules_next_dist_1e8vcs8._.js:776
[  114015ms] [LOG] [Fast Refresh] done in 3ms @ http://localhost:3025/_next/static/chunks/node_modules_next_dist_1e8vcs8._.js:776
[  114062ms] [LOG] [Fast Refresh] done in 3ms @ http://localhost:3025/_next/static/chunks/node_modules_next_dist_1e8vcs8._.js:776
[  114108ms] [LOG] [Fast Refresh] done in 3ms @ http://localhost:3025/_next/static/chunks/node_modules_next_dist_1e8vcs8._.js:776
[  114155ms] [LOG] [Fast Refresh] done in 3ms @ http://localhost:3025/_next/static/chunks/node_modules_next_dist_1e8vcs8._.js:776
[  114201ms] [LOG] [Fast Refresh] done in 3ms @ http://localhost:3025/_next/static/chunks/node_modules_next_dist_1e8vcs8._.js:776
[  114248ms] [LOG] [Fast Refresh] done in 3ms @ http://localhost:3025/_next/static/chunks/node_modules_next_dist_1e8vcs8._.js:776
[  114296ms] [LOG] [Fast Refresh] done in 3ms @ http://localhost:3025/_next/static/chunks/node_modules_next_dist_1e8vcs8._.js:776
[  114344ms] [LOG] [Fast Refresh] done in 3ms @ http://localhost:3025/_next/static/chunks/node_modules_next_dist_1e8vcs8._.js:776
[  114392ms] [LOG] [Fast Refresh] done in 3ms @ http://localhost:3025/_next/static/chunks/node_modules_next_dist_1e8vcs8._.js:776
[  114439ms] [LOG] [Fast Refresh] done in 3ms @ http://localhost:3025/_next/static/chunks/node_modules_next_dist_1e8vcs8._.js:776
[  114485ms] [LOG] [Fast Refresh] done in 3ms @ http://localhost:3025/_next/static/chunks/node_modules_next_dist_1e8vcs8._.js:776
[  114531ms] [LOG] [Fast Refresh] done in 3ms @ http://localhost:3025/_next/static/chunks/node_modules_next_dist_1e8vcs8._.js:776
[  114577ms] [LOG] [Fast Refresh] done in 3ms @ http://localhost:3025/_next/static/chunks/node_modules_next_dist_1e8vcs8._.js:776
[  114623ms] [LOG] [Fast Refresh] done in 3ms @ http://localhost:3025/_next/static/chunks/node_modules_next_dist_1e8vcs8._.js:776
[  114671ms] [LOG] [Fast Refresh] done in 3ms @ http://localhost:3025/_next/static/chunks/node_modules_next_dist_1e8vcs8._.js:776
[  114719ms] [LOG] [Fast Refresh] done in 3ms @ http://localhost:3025/_next/static/chunks/node_modules_next_dist_1e8vcs8._.js:776
[  114768ms] [LOG] [Fast Refresh] done in 3ms @ http://localhost:3025/_next/static/chunks/node_modules_next_dist_1e8vcs8._.js:776
[  114817ms] [LOG] [Fast Refresh] done in 3ms @ http://localhost:3025/_next/static/chunks/node_modules_next_dist_1e8vcs8._.js:776
[  114866ms] [LOG] [Fast Refresh] done in 3ms @ http://localhost:3025/_next/static/chunks/node_modules_next_dist_1e8vcs8._.js:776
[  114915ms] [LOG] [Fast Refresh] done in 3ms @ http://localhost:3025/_next/static/chunks/node_modules_next_dist_1e8vcs8._.js:776
[  114964ms] [LOG] [Fast Refresh] done in 3ms @ http://localhost:3025/_next/static/chunks/node_modules_next_dist_1e8vcs8._.js:776
[  115013ms] [LOG] [Fast Refresh] done in 3ms @ http://localhost:3025/_next/static/chunks/node_modules_next_dist_1e8vcs8._.js:776
[  115060ms] [LOG] [Fast Refresh] done in 3ms @ http://localhost:3025/_next/static/chunks/node_modules_next_dist_1e8vcs8._.js:776
[  115105ms] [LOG] [Fast Refresh] done in 3ms @ http://localhost:3025/_next/static/chunks/node_modules_next_dist_1e8vcs8._.js:776
[  115150ms] [LOG] [Fast Refresh] done in 3ms @ http://localhost:3025/_next/static/chunks/node_modules_next_dist_1e8vcs8._.js:776
[  115197ms] [LOG] [Fast Refresh] done in 3ms @ http://localhost:3025/_next/static/chunks/node_modules_next_dist_1e8vcs8._.js:776
[  115242ms] [LOG] [Fast Refresh] done in 3ms @ http://localhost:3025/_next/static/chunks/node_modules_next_dist_1e8vcs8._.js:776
[  115289ms] [LOG] [Fast Refresh] done in 3ms @ http://localhost:3025/_next/static/chunks/node_modules_next_dist_1e8vcs8._.js:776
[  115337ms] [LOG] [Fast Refresh] done in 3ms @ http://localhost:3025/_next/static/chunks/node_modules_next_dist_1e8vcs8._.js:776
[  115385ms] [LOG] [Fast Refresh] done in 3ms @ http://localhost:3025/_next/static/chunks/node_modules_next_dist_1e8vcs8._.js:776
[  115434ms] [LOG] [Fast Refresh] done in 3ms @ http://localhost:3025/_next/static/chunks/node_modules_next_dist_1e8vcs8._.js:776
[  115483ms] [LOG] [Fast Refresh] done in 3ms @ http://localhost:3025/_next/static/chunks/node_modules_next_dist_1e8vcs8._.js:776
[  115531ms] [LOG] [Fast Refresh] done in 3ms @ http://localhost:3025/_next/static/chunks/node_modules_next_dist_1e8vcs8._.js:776
[  115580ms] [LOG] [Fast Refresh] done in 3ms @ http://localhost:3025/_next/static/chunks/node_modules_next_dist_1e8vcs8._.js:776
[  115626ms] [LOG] [Fast Refresh] done in 3ms @ http://localhost:3025/_next/static/chunks/node_modules_next_dist_1e8vcs8._.js:776
[  115675ms] [LOG] [Fast Refresh] done in 3ms @ http://localhost:3025/_next/static/chunks/node_modules_next_dist_1e8vcs8._.js:776
[  115724ms] [LOG] [Fast Refresh] done in 3ms @ http://localhost:3025/_next/static/chunks/node_modules_next_dist_1e8vcs8._.js:776
[  115773ms] [LOG] [Fast Refresh] done in 3ms @ http://localhost:3025/_next/static/chunks/node_modules_next_dist_1e8vcs8._.js:776
[  115820ms] [LOG] [Fast Refresh] done in 3ms @ http://localhost:3025/_next/static/chunks/node_modules_next_dist_1e8vcs8._.js:776
[  115868ms] [LOG] [Fast Refresh] done in 3ms @ http://localhost:3025/_next/static/chunks/node_modules_next_dist_1e8vcs8._.js:776
[  115915ms] [LOG] [Fast Refresh] done in 3ms @ http://localhost:3025/_next/static/chunks/node_modules_next_dist_1e8vcs8._.js:776
[  115961ms] [LOG] [Fast Refresh] done in 3ms @ http://localhost:3025/_next/static/chunks/node_modules_next_dist_1e8vcs8._.js:776
[  116007ms] [LOG] [Fast Refresh] done in 3ms @ http://localhost:3025/_next/static/chunks/node_modules_next_dist_1e8vcs8._.js:776
[  116054ms] [LOG] [Fast Refresh] done in 3ms @ http://localhost:3025/_next/static/chunks/node_modules_next_dist_1e8vcs8._.js:776
[  116101ms] [LOG] [Fast Refresh] done in 3ms @ http://localhost:3025/_next/static/chunks/node_modules_next_dist_1e8vcs8._.js:776
[  116148ms] [LOG] [Fast Refresh] done in 3ms @ http://localhost:3025/_next/static/chunks/node_modules_next_dist_1e8vcs8._.js:776
[  116195ms] [LOG] [Fast Refresh] done in 3ms @ http://localhost:3025/_next/static/chunks/node_modules_next_dist_1e8vcs8._.js:776
[  116242ms] [LOG] [Fast Refresh] done in 3ms @ http://localhost:3025/_next/static/chunks/node_modules_next_dist_1e8vcs8._.js:776
[  116291ms] [LOG] [Fast Refresh] done in 3ms @ http://localhost:3025/_next/static/chunks/node_modules_next_dist_1e8vcs8._.js:776
[  116341ms] [LOG] [Fast Refresh] done in 3ms @ http://localhost:3025/_next/static/chunks/node_modules_next_dist_1e8vcs8._.js:776
[  116389ms] [LOG] [Fast Refresh] done in 3ms @ http://localhost:3025/_next/static/chunks/node_modules_next_dist_1e8vcs8._.js:776
[  116431ms] [LOG] [Fast Refresh] done in 3ms @ http://localhost:3025/_next/static/chunks/node_modules_next_dist_1e8vcs8._.js:776
[  116479ms] [LOG] [Fast Refresh] done in 3ms @ http://localhost:3025/_next/static/chunks/node_modules_next_dist_1e8vcs8._.js:776
[  116527ms] [LOG] [Fast Refresh] done in 3ms @ http://localhost:3025/_next/static/chunks/node_modules_next_dist_1e8vcs8._.js:776
[  116575ms] [LOG] [Fast Refresh] done in 3ms @ http://localhost:3025/_next/static/chunks/node_modules_next_dist_1e8vcs8._.js:776
[  116624ms] [LOG] [Fast Refresh] done in 3ms @ http://localhost:3025/_next/static/chunks/node_modules_next_dist_1e8vcs8._.js:776
[  116673ms] [LOG] [Fast Refresh] done in 3ms @ http://localhost:3025/_next/static/chunks/node_modules_next_dist_1e8vcs8._.js:776
[  116722ms] [LOG] [Fast Refresh] done in 3ms @ http://localhost:3025/_next/static/chunks/node_modules_next_dist_1e8vcs8._.js:776
[  116770ms] [LOG] [Fast Refresh] done in 3ms @ http://localhost:3025/_next/static/chunks/node_modules_next_dist_1e8vcs8._.js:776
[  116818ms] [LOG] [Fast Refresh] done in 3ms @ http://localhost:3025/_next/static/chunks/node_modules_next_dist_1e8vcs8._.js:776
[  116867ms] [LOG] [Fast Refresh] done in 3ms @ http://localhost:3025/_next/static/chunks/node_modules_next_dist_1e8vcs8._.js:776
[  116915ms] [LOG] [Fast Refresh] done in 3ms @ http://localhost:3025/_next/static/chunks/node_modules_next_dist_1e8vcs8._.js:776
[  116961ms] [LOG] [Fast Refresh] done in 3ms @ http://localhost:3025/_next/static/chunks/node_modules_next_dist_1e8vcs8._.js:776
[  117007ms] [LOG] [Fast Refresh] done in 3ms @ http://localhost:3025/_next/static/chunks/node_modules_next_dist_1e8vcs8._.js:776
[  117054ms] [LOG] [Fast Refresh] done in 3ms @ http://localhost:3025/_next/static/chunks/node_modules_next_dist_1e8vcs8._.js:776
[  117102ms] [LOG] [Fast Refresh] done in 3ms @ http://localhost:3025/_next/static/chunks/node_modules_next_dist_1e8vcs8._.js:776
[  117150ms] [LOG] [Fast Refresh] done in 3ms @ http://localhost:3025/_next/static/chunks/node_modules_next_dist_1e8vcs8._.js:776
[  117198ms] [LOG] [Fast Refresh] done in 3ms @ http://localhost:3025/_next/static/chunks/node_modules_next_dist_1e8vcs8._.js:776
[  117247ms] [LOG] [Fast Refresh] done in 3ms @ http://localhost:3025/_next/static/chunks/node_modules_next_dist_1e8vcs8._.js:776
[  117295ms] [LOG] [Fast Refresh] done in 3ms @ http://localhost:3025/_next/static/chunks/node_modules_next_dist_1e8vcs8._.js:776
[  117344ms] [LOG] [Fast Refresh] done in 3ms @ http://localhost:3025/_next/static/chunks/node_modules_next_dist_1e8vcs8._.js:776
[  117391ms] [LOG] [Fast Refresh] done in 3ms @ http://localhost:3025/_next/static/chunks/node_modules_next_dist_1e8vcs8._.js:776
[  117437ms] [LOG] [Fast Refresh] done in 3ms @ http://localhost:3025/_next/static/chunks/node_modules_next_dist_1e8vcs8._.js:776
[  117483ms] [LOG] [Fast Refresh] done in 3ms @ http://localhost:3025/_next/static/chunks/node_modules_next_dist_1e8vcs8._.js:776
[  117531ms] [LOG] [Fast Refresh] done in 3ms @ http://localhost:3025/_next/static/chunks/node_modules_next_dist_1e8vcs8._.js:776
[  117578ms] [LOG] [Fast Refresh] done in 3ms @ http://localhost:3025/_next/static/chunks/node_modules_next_dist_1e8vcs8._.js:776
[  117626ms] [LOG] [Fast Refresh] done in 3ms @ http://localhost:3025/_next/static/chunks/node_modules_next_dist_1e8vcs8._.js:776
[  117675ms] [LOG] [Fast Refresh] done in 3ms @ http://localhost:3025/_next/static/chunks/node_modules_next_dist_1e8vcs8._.js:776
[  117721ms] [LOG] [Fast Refresh] done in 3ms @ http://localhost:3025/_next/static/chunks/node_modules_next_dist_1e8vcs8._.js:776
[  117758ms] [LOG] [Fast Refresh] done in 3ms @ http://localhost:3025/_next/static/chunks/node_modules_next_dist_1e8vcs8._.js:776
[  117803ms] [LOG] [Fast Refresh] done in 3ms @ http://localhost:3025/_next/static/chunks/node_modules_next_dist_1e8vcs8._.js:776
[  117849ms] [LOG] [Fast Refresh] done in 3ms @ http://localhost:3025/_next/static/chunks/node_modules_next_dist_1e8vcs8._.js:776
[  117887ms] [LOG] [Fast Refresh] done in 3ms @ http://localhost:3025/_next/static/chunks/node_modules_next_dist_1e8vcs8._.js:776
[  117932ms] [LOG] [Fast Refresh] done in 3ms @ http://localhost:3025/_next/static/chunks/node_modules_next_dist_1e8vcs8._.js:776
[  117979ms] [LOG] [Fast Refresh] done in 3ms @ http://localhost:3025/_next/static/chunks/node_modules_next_dist_1e8vcs8._.js:776
[  118027ms] [LOG] [Fast Refresh] done in 3ms @ http://localhost:3025/_next/static/chunks/node_modules_next_dist_1e8vcs8._.js:776
[  118073ms] [LOG] [Fast Refresh] done in 3ms @ http://localhost:3025/_next/static/chunks/node_modules_next_dist_1e8vcs8._.js:776
[  118118ms] [LOG] [Fast Refresh] done in 3ms @ http://localhost:3025/_next/static/chunks/node_modules_next_dist_1e8vcs8._.js:776
[  118164ms] [LOG] [Fast Refresh] done in 3ms @ http://localhost:3025/_next/static/chunks/node_modules_next_dist_1e8vcs8._.js:776
[  118210ms] [LOG] [Fast Refresh] done in 3ms @ http://localhost:3025/_next/static/chunks/node_modules_next_dist_1e8vcs8._.js:776
[  118256ms] [LOG] [Fast Refresh] done in 3ms @ http://localhost:3025/_next/static/chunks/node_modules_next_dist_1e8vcs8._.js:776
[  118302ms] [LOG] [Fast Refresh] done in 3ms @ http://localhost:3025/_next/static/chunks/node_modules_next_dist_1e8vcs8._.js:776
[  118350ms] [LOG] [Fast Refresh] done in 3ms @ http://localhost:3025/_next/static/chunks/node_modules_next_dist_1e8vcs8._.js:776
[  118396ms] [LOG] [Fast Refresh] done in 3ms @ http://localhost:3025/_next/static/chunks/node_modules_next_dist_1e8vcs8._.js:776
[  118442ms] [LOG] [Fast Refresh] done in 3ms @ http://localhost:3025/_next/static/chunks/node_modules_next_dist_1e8vcs8._.js:776
[  118488ms] [LOG] [Fast Refresh] done in 3ms @ http://localhost:3025/_next/static/chunks/node_modules_next_dist_1e8vcs8._.js:776
[  118535ms] [LOG] [Fast Refresh] done in 3ms @ http://localhost:3025/_next/static/chunks/node_modules_next_dist_1e8vcs8._.js:776
[  118583ms] [LOG] [Fast Refresh] done in 3ms @ http://localhost:3025/_next/static/chunks/node_modules_next_dist_1e8vcs8._.js:776
[  118631ms] [LOG] [Fast Refresh] done in 3ms @ http://localhost:3025/_next/static/chunks/node_modules_next_dist_1e8vcs8._.js:776
[  118680ms] [LOG] [Fast Refresh] done in 3ms @ http://localhost:3025/_next/static/chunks/node_modules_next_dist_1e8vcs8._.js:776
[  118727ms] [LOG] [Fast Refresh] done in 3ms @ http://localhost:3025/_next/static/chunks/node_modules_next_dist_1e8vcs8._.js:776
[  118775ms] [LOG] [Fast Refresh] done in 3ms @ http://localhost:3025/_next/static/chunks/node_modules_next_dist_1e8vcs8._.js:776
[  118824ms] [LOG] [Fast Refresh] done in 3ms @ http://localhost:3025/_next/static/chunks/node_modules_next_dist_1e8vcs8._.js:776
[  118872ms] [LOG] [Fast Refresh] done in 3ms @ http://localhost:3025/_next/static/chunks/node_modules_next_dist_1e8vcs8._.js:776
[  118921ms] [LOG] [Fast Refresh] done in 3ms @ http://localhost:3025/_next/static/chunks/node_modules_next_dist_1e8vcs8._.js:776
[  118968ms] [LOG] [Fast Refresh] done in 3ms @ http://localhost:3025/_next/static/chunks/node_modules_next_dist_1e8vcs8._.js:776
[  119006ms] [LOG] [Fast Refresh] done in 3ms @ http://localhost:3025/_next/static/chunks/node_modules_next_dist_1e8vcs8._.js:776
[  119050ms] [LOG] [Fast Refresh] done in 3ms @ http://localhost:3025/_next/static/chunks/node_modules_next_dist_1e8vcs8._.js:776
[  119096ms] [LOG] [Fast Refresh] done in 3ms @ http://localhost:3025/_next/static/chunks/node_modules_next_dist_1e8vcs8._.js:776
[  119144ms] [LOG] [Fast Refresh] done in 3ms @ http://localhost:3025/_next/static/chunks/node_modules_next_dist_1e8vcs8._.js:776
[  119191ms] [LOG] [Fast Refresh] done in 3ms @ http://localhost:3025/_next/static/chunks/node_modules_next_dist_1e8vcs8._.js:776
[  119239ms] [LOG] [Fast Refresh] done in 3ms @ http://localhost:3025/_next/static/chunks/node_modules_next_dist_1e8vcs8._.js:776
