[      68ms] [INFO] %cDownload the React DevTools for a better development experience: https://react.dev/link/react-devtools font-weight:bold @ http://localhost:3025/_next/static/chunks/node_modules_next_dist_1e8vcs8._.js:776
[      77ms] [LOG] [HMR] connected @ http://localhost:3025/_next/static/chunks/node_modules_next_dist_1e8vcs8._.js:776
[     221ms] [LOG] [Fast Refresh] rebuilding @ http://localhost:3025/_next/static/chunks/node_modules_next_dist_1e8vcs8._.js:776
[     262ms] [LOG] [Fast Refresh] done in 3ms @ http://localhost:3025/_next/static/chunks/node_modules_next_dist_1e8vcs8._.js:776
[     308ms] [LOG] [Fast Refresh] done in 3ms @ http://localhost:3025/_next/static/chunks/node_modules_next_dist_1e8vcs8._.js:776
[     352ms] [LOG] [Fast Refresh] done in 3ms @ http://localhost:3025/_next/static/chunks/node_modules_next_dist_1e8vcs8._.js:776
[     397ms] [LOG] [Fast Refresh] done in 3ms @ http://localhost:3025/_next/static/chunks/node_modules_next_dist_1e8vcs8._.js:776
[     441ms] [LOG] [Fast Refresh] done in 3ms @ http://localhost:3025/_next/static/chunks/node_modules_next_dist_1e8vcs8._.js:776
[     488ms] [LOG] [Fast Refresh] done in 3ms @ http://localhost:3025/_next/static/chunks/node_modules_next_dist_1e8vcs8._.js:776
[     533ms] [LOG] [Fast Refresh] done in 3ms @ http://localhost:3025/_next/static/chunks/node_modules_next_dist_1e8vcs8._.js:776
[     579ms] [LOG] [Fast Refresh] done in 3ms @ http://localhost:3025/_next/static/chunks/node_modules_next_dist_1e8vcs8._.js:776
[     624ms] [LOG] [Fast Refresh] done in 3ms @ http://localhost:3025/_next/static/chunks/node_modules_next_dist_1e8vcs8._.js:776
[     669ms] [LOG] [Fast Refresh] done in 3ms @ http://localhost:3025/_next/static/chunks/node_modules_next_dist_1e8vcs8._.js:776
[     715ms] [LOG] [Fast Refresh] done in 3ms @ http://localhost:3025/_next/static/chunks/node_modules_next_dist_1e8vcs8._.js:776
[     761ms] [LOG] [Fast Refresh] done in 3ms @ http://localhost:3025/_next/static/chunks/node_modules_next_dist_1e8vcs8._.js:776
[     806ms] [LOG] [Fast Refresh] done in 3ms @ http://localhost:3025/_next/static/chunks/node_modules_next_dist_1e8vcs8._.js:776
[     851ms] [LOG] [Fast Refresh] done in 3ms @ http://localhost:3025/_next/static/chunks/node_modules_next_dist_1e8vcs8._.js:776
[     896ms] [LOG] [Fast Refresh] done in 3ms @ http://localhost:3025/_next/static/chunks/node_modules_next_dist_1e8vcs8._.js:776
[     942ms] [LOG] [Fast Refresh] done in 3ms @ http://localhost:3025/_next/static/chunks/node_modules_next_dist_1e8vcs8._.js:776
[     988ms] [LOG] [Fast Refresh] done in 3ms @ http://localhost:3025/_next/static/chunks/node_modules_next_dist_1e8vcs8._.js:776
[    1044ms] [LOG] [Fast Refresh] done in 3ms @ http://localhost:3025/_next/static/chunks/node_modules_next_dist_1e8vcs8._.js:776
[    1079ms] [LOG] [Fast Refresh] done in 3ms @ http://localhost:3025/_next/static/chunks/node_modules_next_dist_1e8vcs8._.js:776
[    1125ms] [LOG] [Fast Refresh] done in 3ms @ http://localhost:3025/_next/static/chunks/node_modules_next_dist_1e8vcs8._.js:776
[    1172ms] [LOG] [Fast Refresh] done in 3ms @ http://localhost:3025/_next/static/chunks/node_modules_next_dist_1e8vcs8._.js:776
[    1217ms] [LOG] [Fast Refresh] done in 3ms @ http://localhost:3025/_next/static/chunks/node_modules_next_dist_1e8vcs8._.js:776
[    1263ms] [LOG] [Fast Refresh] done in 3ms @ http://localhost:3025/_next/static/chunks/node_modules_next_dist_1e8vcs8._.js:776
[    1311ms] [LOG] [Fast Refresh] done in 3ms @ http://localhost:3025/_next/static/chunks/node_modules_next_dist_1e8vcs8._.js:776
[    1357ms] [LOG] [Fast Refresh] done in 3ms @ http://localhost:3025/_next/static/chunks/node_modules_next_dist_1e8vcs8._.js:776
[    1405ms] [LOG] [Fast Refresh] done in 3ms @ http://localhost:3025/_next/static/chunks/node_modules_next_dist_1e8vcs8._.js:776
[    1450ms] [LOG] [Fast Refresh] done in 3ms @ http://localhost:3025/_next/static/chunks/node_modules_next_dist_1e8vcs8._.js:776
[    1497ms] [LOG] [Fast Refresh] done in 3ms @ http://localhost:3025/_next/static/chunks/node_modules_next_dist_1e8vcs8._.js:776
[    1543ms] [LOG] [Fast Refresh] done in 3ms @ http://localhost:3025/_next/static/chunks/node_modules_next_dist_1e8vcs8._.js:776
[    1589ms] [LOG] [Fast Refresh] done in 3ms @ http://localhost:3025/_next/static/chunks/node_modules_next_dist_1e8vcs8._.js:776
[    1635ms] [LOG] [Fast Refresh] done in 3ms @ http://localhost:3025/_next/static/chunks/node_modules_next_dist_1e8vcs8._.js:776
[    1680ms] [LOG] [Fast Refresh] done in 3ms @ http://localhost:3025/_next/static/chunks/node_modules_next_dist_1e8vcs8._.js:776
[    1727ms] [LOG] [Fast Refresh] done in 3ms @ http://localhost:3025/_next/static/chunks/node_modules_next_dist_1e8vcs8._.js:776
[    1773ms] [LOG] [Fast Refresh] done in 3ms @ http://localhost:3025/_next/static/chunks/node_modules_next_dist_1e8vcs8._.js:776
[    1813ms] [LOG] [Fast Refresh] done in 3ms @ http://localhost:3025/_next/static/chunks/node_modules_next_dist_1e8vcs8._.js:776
[    1858ms] [LOG] [Fast Refresh] done in 3ms @ http://localhost:3025/_next/static/chunks/node_modules_next_dist_1e8vcs8._.js:776
[    1903ms] [LOG] [Fast Refresh] done in 3ms @ http://localhost:3025/_next/static/chunks/node_modules_next_dist_1e8vcs8._.js:776
[    1950ms] [LOG] [Fast Refresh] done in 3ms @ http://localhost:3025/_next/static/chunks/node_modules_next_dist_1e8vcs8._.js:776
[    1995ms] [LOG] [Fast Refresh] done in 3ms @ http://localhost:3025/_next/static/chunks/node_modules_next_dist_1e8vcs8._.js:776
[    2041ms] [LOG] [Fast Refresh] done in 3ms @ http://localhost:3025/_next/static/chunks/node_modules_next_dist_1e8vcs8._.js:776
[    2088ms] [LOG] [Fast Refresh] done in 3ms @ http://localhost:3025/_next/static/chunks/node_modules_next_dist_1e8vcs8._.js:776
[    2134ms] [LOG] [Fast Refresh] done in 3ms @ http://localhost:3025/_next/static/chunks/node_modules_next_dist_1e8vcs8._.js:776
[    2178ms] [LOG] [Fast Refresh] done in 3ms @ http://localhost:3025/_next/static/chunks/node_modules_next_dist_1e8vcs8._.js:776
[    2223ms] [LOG] [Fast Refresh] done in 3ms @ http://localhost:3025/_next/static/chunks/node_modules_next_dist_1e8vcs8._.js:776
[    2268ms] [LOG] [Fast Refresh] done in 3ms @ http://localhost:3025/_next/static/chunks/node_modules_next_dist_1e8vcs8._.js:776
[    2314ms] [LOG] [Fast Refresh] done in 3ms @ http://localhost:3025/_next/static/chunks/node_modules_next_dist_1e8vcs8._.js:776
[    2360ms] [LOG] [Fast Refresh] done in 3ms @ http://localhost:3025/_next/static/chunks/node_modules_next_dist_1e8vcs8._.js:776
[    2406ms] [LOG] [Fast Refresh] done in 3ms @ http://localhost:3025/_next/static/chunks/node_modules_next_dist_1e8vcs8._.js:776
[    2452ms] [LOG] [Fast Refresh] done in 3ms @ http://localhost:3025/_next/static/chunks/node_modules_next_dist_1e8vcs8._.js:776
[    2497ms] [LOG] [Fast Refresh] done in 3ms @ http://localhost:3025/_next/static/chunks/node_modules_next_dist_1e8vcs8._.js:776
[    2542ms] [LOG] [Fast Refresh] done in 3ms @ http://localhost:3025/_next/static/chunks/node_modules_next_dist_1e8vcs8._.js:776
[    2588ms] [LOG] [Fast Refresh] done in 3ms @ http://localhost:3025/_next/static/chunks/node_modules_next_dist_1e8vcs8._.js:776
[    2633ms] [LOG] [Fast Refresh] done in 3ms @ http://localhost:3025/_next/static/chunks/node_modules_next_dist_1e8vcs8._.js:776
[    2679ms] [LOG] [Fast Refresh] done in 3ms @ http://localhost:3025/_next/static/chunks/node_modules_next_dist_1e8vcs8._.js:776
[    2724ms] [LOG] [Fast Refresh] done in 3ms @ http://localhost:3025/_next/static/chunks/node_modules_next_dist_1e8vcs8._.js:776
[    2770ms] [LOG] [Fast Refresh] done in 3ms @ http://localhost:3025/_next/static/chunks/node_modules_next_dist_1e8vcs8._.js:776
[    2815ms] [LOG] [Fast Refresh] done in 3ms @ http://localhost:3025/_next/static/chunks/node_modules_next_dist_1e8vcs8._.js:776
[    2860ms] [LOG] [Fast Refresh] done in 3ms @ http://localhost:3025/_next/static/chunks/node_modules_next_dist_1e8vcs8._.js:776
[    2906ms] [LOG] [Fast Refresh] done in 3ms @ http://localhost:3025/_next/static/chunks/node_modules_next_dist_1e8vcs8._.js:776
[    2952ms] [LOG] [Fast Refresh] done in 3ms @ http://localhost:3025/_next/static/chunks/node_modules_next_dist_1e8vcs8._.js:776
[    2997ms] [LOG] [Fast Refresh] done in 3ms @ http://localhost:3025/_next/static/chunks/node_modules_next_dist_1e8vcs8._.js:776
[    3043ms] [LOG] [Fast Refresh] done in 3ms @ http://localhost:3025/_next/static/chunks/node_modules_next_dist_1e8vcs8._.js:776
[    3089ms] [LOG] [Fast Refresh] done in 3ms @ http://localhost:3025/_next/static/chunks/node_modules_next_dist_1e8vcs8._.js:776
[    3135ms] [LOG] [Fast Refresh] done in 3ms @ http://localhost:3025/_next/static/chunks/node_modules_next_dist_1e8vcs8._.js:776
[    3181ms] [LOG] [Fast Refresh] done in 3ms @ http://localhost:3025/_next/static/chunks/node_modules_next_dist_1e8vcs8._.js:776
[    3227ms] [LOG] [Fast Refresh] done in 3ms @ http://localhost:3025/_next/static/chunks/node_modules_next_dist_1e8vcs8._.js:776
[    3274ms] [LOG] [Fast Refresh] done in 3ms @ http://localhost:3025/_next/static/chunks/node_modules_next_dist_1e8vcs8._.js:776
[    3321ms] [LOG] [Fast Refresh] done in 3ms @ http://localhost:3025/_next/static/chunks/node_modules_next_dist_1e8vcs8._.js:776
[    3366ms] [LOG] [Fast Refresh] done in 3ms @ http://localhost:3025/_next/static/chunks/node_modules_next_dist_1e8vcs8._.js:776
[    3412ms] [LOG] [Fast Refresh] done in 3ms @ http://localhost:3025/_next/static/chunks/node_modules_next_dist_1e8vcs8._.js:776
[    3458ms] [LOG] [Fast Refresh] done in 3ms @ http://localhost:3025/_next/static/chunks/node_modules_next_dist_1e8vcs8._.js:776
[    3505ms] [LOG] [Fast Refresh] done in 3ms @ http://localhost:3025/_next/static/chunks/node_modules_next_dist_1e8vcs8._.js:776
[    3549ms] [LOG] [Fast Refresh] done in 3ms @ http://localhost:3025/_next/static/chunks/node_modules_next_dist_1e8vcs8._.js:776
[    3595ms] [LOG] [Fast Refresh] done in 3ms @ http://localhost:3025/_next/static/chunks/node_modules_next_dist_1e8vcs8._.js:776
[    3642ms] [LOG] [Fast Refresh] done in 3ms @ http://localhost:3025/_next/static/chunks/node_modules_next_dist_1e8vcs8._.js:776
[    3689ms] [LOG] [Fast Refresh] done in 3ms @ http://localhost:3025/_next/static/chunks/node_modules_next_dist_1e8vcs8._.js:776
[    3737ms] [LOG] [Fast Refresh] done in 3ms @ http://localhost:3025/_next/static/chunks/node_modules_next_dist_1e8vcs8._.js:776
[    3786ms] [LOG] [Fast Refresh] done in 3ms @ http://localhost:3025/_next/static/chunks/node_modules_next_dist_1e8vcs8._.js:776
[    3836ms] [LOG] [Fast Refresh] done in 3ms @ http://localhost:3025/_next/static/chunks/node_modules_next_dist_1e8vcs8._.js:776
[    3886ms] [LOG] [Fast Refresh] done in 3ms @ http://localhost:3025/_next/static/chunks/node_modules_next_dist_1e8vcs8._.js:776
[    3936ms] [LOG] [Fast Refresh] done in 3ms @ http://localhost:3025/_next/static/chunks/node_modules_next_dist_1e8vcs8._.js:776
[    3984ms] [LOG] [Fast Refresh] done in 3ms @ http://localhost:3025/_next/static/chunks/node_modules_next_dist_1e8vcs8._.js:776
[    4033ms] [LOG] [Fast Refresh] done in 3ms @ http://localhost:3025/_next/static/chunks/node_modules_next_dist_1e8vcs8._.js:776
[    4081ms] [LOG] [Fast Refresh] done in 3ms @ http://localhost:3025/_next/static/chunks/node_modules_next_dist_1e8vcs8._.js:776
[    4130ms] [LOG] [Fast Refresh] done in 3ms @ http://localhost:3025/_next/static/chunks/node_modules_next_dist_1e8vcs8._.js:776
[    4179ms] [LOG] [Fast Refresh] done in 3ms @ http://localhost:3025/_next/static/chunks/node_modules_next_dist_1e8vcs8._.js:776
[    4229ms] [LOG] [Fast Refresh] done in 3ms @ http://localhost:3025/_next/static/chunks/node_modules_next_dist_1e8vcs8._.js:776
[    4278ms] [LOG] [Fast Refresh] done in 3ms @ http://localhost:3025/_next/static/chunks/node_modules_next_dist_1e8vcs8._.js:776
[    4327ms] [LOG] [Fast Refresh] done in 3ms @ http://localhost:3025/_next/static/chunks/node_modules_next_dist_1e8vcs8._.js:776
[    4375ms] [LOG] [Fast Refresh] done in 3ms @ http://localhost:3025/_next/static/chunks/node_modules_next_dist_1e8vcs8._.js:776
[    4423ms] [LOG] [Fast Refresh] done in 3ms @ http://localhost:3025/_next/static/chunks/node_modules_next_dist_1e8vcs8._.js:776
[    4470ms] [LOG] [Fast Refresh] done in 3ms @ http://localhost:3025/_next/static/chunks/node_modules_next_dist_1e8vcs8._.js:776
[    4517ms] [LOG] [Fast Refresh] done in 3ms @ http://localhost:3025/_next/static/chunks/node_modules_next_dist_1e8vcs8._.js:776
[    4562ms] [LOG] [Fast Refresh] done in 3ms @ http://localhost:3025/_next/static/chunks/node_modules_next_dist_1e8vcs8._.js:776
[    4608ms] [LOG] [Fast Refresh] done in 3ms @ http://localhost:3025/_next/static/chunks/node_modules_next_dist_1e8vcs8._.js:776
[    4654ms] [LOG] [Fast Refresh] done in 3ms @ http://localhost:3025/_next/static/chunks/node_modules_next_dist_1e8vcs8._.js:776
[    4701ms] [LOG] [Fast Refresh] done in 3ms @ http://localhost:3025/_next/static/chunks/node_modules_next_dist_1e8vcs8._.js:776
[    4748ms] [LOG] [Fast Refresh] done in 3ms @ http://localhost:3025/_next/static/chunks/node_modules_next_dist_1e8vcs8._.js:776
[    4794ms] [LOG] [Fast Refresh] done in 3ms @ http://localhost:3025/_next/static/chunks/node_modules_next_dist_1e8vcs8._.js:776
[    4840ms] [LOG] [Fast Refresh] done in 3ms @ http://localhost:3025/_next/static/chunks/node_modules_next_dist_1e8vcs8._.js:776
[    4886ms] [LOG] [Fast Refresh] done in 3ms @ http://localhost:3025/_next/static/chunks/node_modules_next_dist_1e8vcs8._.js:776
[    4934ms] [LOG] [Fast Refresh] done in 3ms @ http://localhost:3025/_next/static/chunks/node_modules_next_dist_1e8vcs8._.js:776
[    4981ms] [LOG] [Fast Refresh] done in 3ms @ http://localhost:3025/_next/static/chunks/node_modules_next_dist_1e8vcs8._.js:776
[    5029ms] [LOG] [Fast Refresh] done in 3ms @ http://localhost:3025/_next/static/chunks/node_modules_next_dist_1e8vcs8._.js:776
[    5076ms] [LOG] [Fast Refresh] done in 3ms @ http://localhost:3025/_next/static/chunks/node_modules_next_dist_1e8vcs8._.js:776
[    5124ms] [LOG] [Fast Refresh] done in 3ms @ http://localhost:3025/_next/static/chunks/node_modules_next_dist_1e8vcs8._.js:776
[    5170ms] [LOG] [Fast Refresh] done in 3ms @ http://localhost:3025/_next/static/chunks/node_modules_next_dist_1e8vcs8._.js:776
[    5217ms] [LOG] [Fast Refresh] done in 3ms @ http://localhost:3025/_next/static/chunks/node_modules_next_dist_1e8vcs8._.js:776
[    5264ms] [LOG] [Fast Refresh] done in 3ms @ http://localhost:3025/_next/static/chunks/node_modules_next_dist_1e8vcs8._.js:776
[    5307ms] [LOG] [Fast Refresh] done in 3ms @ http://localhost:3025/_next/static/chunks/node_modules_next_dist_1e8vcs8._.js:776
[    5354ms] [LOG] [Fast Refresh] done in 3ms @ http://localhost:3025/_next/static/chunks/node_modules_next_dist_1e8vcs8._.js:776
[    5401ms] [LOG] [Fast Refresh] done in 3ms @ http://localhost:3025/_next/static/chunks/node_modules_next_dist_1e8vcs8._.js:776
[    5449ms] [LOG] [Fast Refresh] done in 3ms @ http://localhost:3025/_next/static/chunks/node_modules_next_dist_1e8vcs8._.js:776
[    5495ms] [LOG] [Fast Refresh] done in 3ms @ http://localhost:3025/_next/static/chunks/node_modules_next_dist_1e8vcs8._.js:776
[    5540ms] [LOG] [Fast Refresh] done in 3ms @ http://localhost:3025/_next/static/chunks/node_modules_next_dist_1e8vcs8._.js:776
[    5587ms] [LOG] [Fast Refresh] done in 3ms @ http://localhost:3025/_next/static/chunks/node_modules_next_dist_1e8vcs8._.js:776
[    5634ms] [LOG] [Fast Refresh] done in 3ms @ http://localhost:3025/_next/static/chunks/node_modules_next_dist_1e8vcs8._.js:776
[    5681ms] [LOG] [Fast Refresh] done in 3ms @ http://localhost:3025/_next/static/chunks/node_modules_next_dist_1e8vcs8._.js:776
[    5729ms] [LOG] [Fast Refresh] done in 3ms @ http://localhost:3025/_next/static/chunks/node_modules_next_dist_1e8vcs8._.js:776
[    5777ms] [LOG] [Fast Refresh] done in 3ms @ http://localhost:3025/_next/static/chunks/node_modules_next_dist_1e8vcs8._.js:776
[    5824ms] [LOG] [Fast Refresh] done in 3ms @ http://localhost:3025/_next/static/chunks/node_modules_next_dist_1e8vcs8._.js:776
[    5871ms] [LOG] [Fast Refresh] done in 3ms @ http://localhost:3025/_next/static/chunks/node_modules_next_dist_1e8vcs8._.js:776
[    5918ms] [LOG] [Fast Refresh] done in 3ms @ http://localhost:3025/_next/static/chunks/node_modules_next_dist_1e8vcs8._.js:776
[    5965ms] [LOG] [Fast Refresh] done in 3ms @ http://localhost:3025/_next/static/chunks/node_modules_next_dist_1e8vcs8._.js:776
[    6012ms] [LOG] [Fast Refresh] done in 3ms @ http://localhost:3025/_next/static/chunks/node_modules_next_dist_1e8vcs8._.js:776
[    6059ms] [LOG] [Fast Refresh] done in 3ms @ http://localhost:3025/_next/static/chunks/node_modules_next_dist_1e8vcs8._.js:776
[    6106ms] [LOG] [Fast Refresh] done in 3ms @ http://localhost:3025/_next/static/chunks/node_modules_next_dist_1e8vcs8._.js:776
[    6155ms] [LOG] [Fast Refresh] done in 3ms @ http://localhost:3025/_next/static/chunks/node_modules_next_dist_1e8vcs8._.js:776
[    6204ms] [LOG] [Fast Refresh] done in 3ms @ http://localhost:3025/_next/static/chunks/node_modules_next_dist_1e8vcs8._.js:776
[    6254ms] [LOG] [Fast Refresh] done in 3ms @ http://localhost:3025/_next/static/chunks/node_modules_next_dist_1e8vcs8._.js:776
[    6303ms] [LOG] [Fast Refresh] done in 3ms @ http://localhost:3025/_next/static/chunks/node_modules_next_dist_1e8vcs8._.js:776
[    6350ms] [LOG] [Fast Refresh] done in 3ms @ http://localhost:3025/_next/static/chunks/node_modules_next_dist_1e8vcs8._.js:776
[    6397ms] [LOG] [Fast Refresh] done in 3ms @ http://localhost:3025/_next/static/chunks/node_modules_next_dist_1e8vcs8._.js:776
[    6444ms] [LOG] [Fast Refresh] done in 3ms @ http://localhost:3025/_next/static/chunks/node_modules_next_dist_1e8vcs8._.js:776
[    6491ms] [LOG] [Fast Refresh] done in 3ms @ http://localhost:3025/_next/static/chunks/node_modules_next_dist_1e8vcs8._.js:776
[    6538ms] [LOG] [Fast Refresh] done in 3ms @ http://localhost:3025/_next/static/chunks/node_modules_next_dist_1e8vcs8._.js:776
[    6587ms] [LOG] [Fast Refresh] done in 3ms @ http://localhost:3025/_next/static/chunks/node_modules_next_dist_1e8vcs8._.js:776
[    6635ms] [LOG] [Fast Refresh] done in 3ms @ http://localhost:3025/_next/static/chunks/node_modules_next_dist_1e8vcs8._.js:776
[    6684ms] [LOG] [Fast Refresh] done in 3ms @ http://localhost:3025/_next/static/chunks/node_modules_next_dist_1e8vcs8._.js:776
[    6732ms] [LOG] [Fast Refresh] done in 3ms @ http://localhost:3025/_next/static/chunks/node_modules_next_dist_1e8vcs8._.js:776
[    6780ms] [LOG] [Fast Refresh] done in 3ms @ http://localhost:3025/_next/static/chunks/node_modules_next_dist_1e8vcs8._.js:776
[    6828ms] [LOG] [Fast Refresh] done in 3ms @ http://localhost:3025/_next/static/chunks/node_modules_next_dist_1e8vcs8._.js:776
[    6877ms] [LOG] [Fast Refresh] done in 3ms @ http://localhost:3025/_next/static/chunks/node_modules_next_dist_1e8vcs8._.js:776
[    6924ms] [LOG] [Fast Refresh] done in 3ms @ http://localhost:3025/_next/static/chunks/node_modules_next_dist_1e8vcs8._.js:776
[    6971ms] [LOG] [Fast Refresh] done in 3ms @ http://localhost:3025/_next/static/chunks/node_modules_next_dist_1e8vcs8._.js:776
[    7020ms] [LOG] [Fast Refresh] done in 3ms @ http://localhost:3025/_next/static/chunks/node_modules_next_dist_1e8vcs8._.js:776
[    7069ms] [LOG] [Fast Refresh] done in 3ms @ http://localhost:3025/_next/static/chunks/node_modules_next_dist_1e8vcs8._.js:776
[    7116ms] [LOG] [Fast Refresh] done in 3ms @ http://localhost:3025/_next/static/chunks/node_modules_next_dist_1e8vcs8._.js:776
[    7164ms] [LOG] [Fast Refresh] done in 3ms @ http://localhost:3025/_next/static/chunks/node_modules_next_dist_1e8vcs8._.js:776
[    7211ms] [LOG] [Fast Refresh] done in 3ms @ http://localhost:3025/_next/static/chunks/node_modules_next_dist_1e8vcs8._.js:776
[    7257ms] [LOG] [Fast Refresh] done in 3ms @ http://localhost:3025/_next/static/chunks/node_modules_next_dist_1e8vcs8._.js:776
[    7304ms] [LOG] [Fast Refresh] done in 3ms @ http://localhost:3025/_next/static/chunks/node_modules_next_dist_1e8vcs8._.js:776
[    7350ms] [LOG] [Fast Refresh] done in 3ms @ http://localhost:3025/_next/static/chunks/node_modules_next_dist_1e8vcs8._.js:776
[    7398ms] [LOG] [Fast Refresh] done in 3ms @ http://localhost:3025/_next/static/chunks/node_modules_next_dist_1e8vcs8._.js:776
[    7447ms] [LOG] [Fast Refresh] done in 3ms @ http://localhost:3025/_next/static/chunks/node_modules_next_dist_1e8vcs8._.js:776
[    7497ms] [LOG] [Fast Refresh] done in 3ms @ http://localhost:3025/_next/static/chunks/node_modules_next_dist_1e8vcs8._.js:776
[    7546ms] [LOG] [Fast Refresh] done in 3ms @ http://localhost:3025/_next/static/chunks/node_modules_next_dist_1e8vcs8._.js:776
[    7593ms] [LOG] [Fast Refresh] done in 3ms @ http://localhost:3025/_next/static/chunks/node_modules_next_dist_1e8vcs8._.js:776
[    7639ms] [LOG] [Fast Refresh] done in 3ms @ http://localhost:3025/_next/static/chunks/node_modules_next_dist_1e8vcs8._.js:776
[    7686ms] [LOG] [Fast Refresh] done in 3ms @ http://localhost:3025/_next/static/chunks/node_modules_next_dist_1e8vcs8._.js:776
[    7735ms] [LOG] [Fast Refresh] done in 3ms @ http://localhost:3025/_next/static/chunks/node_modules_next_dist_1e8vcs8._.js:776
[    7784ms] [LOG] [Fast Refresh] done in 3ms @ http://localhost:3025/_next/static/chunks/node_modules_next_dist_1e8vcs8._.js:776
[    7832ms] [LOG] [Fast Refresh] done in 3ms @ http://localhost:3025/_next/static/chunks/node_modules_next_dist_1e8vcs8._.js:776
[    7878ms] [LOG] [Fast Refresh] done in 3ms @ http://localhost:3025/_next/static/chunks/node_modules_next_dist_1e8vcs8._.js:776
[    7926ms] [LOG] [Fast Refresh] done in 3ms @ http://localhost:3025/_next/static/chunks/node_modules_next_dist_1e8vcs8._.js:776
[    7975ms] [LOG] [Fast Refresh] done in 3ms @ http://localhost:3025/_next/static/chunks/node_modules_next_dist_1e8vcs8._.js:776
[    8024ms] [LOG] [Fast Refresh] done in 3ms @ http://localhost:3025/_next/static/chunks/node_modules_next_dist_1e8vcs8._.js:776
[    8073ms] [LOG] [Fast Refresh] done in 3ms @ http://localhost:3025/_next/static/chunks/node_modules_next_dist_1e8vcs8._.js:776
[    8122ms] [LOG] [Fast Refresh] done in 3ms @ http://localhost:3025/_next/static/chunks/node_modules_next_dist_1e8vcs8._.js:776
[    8172ms] [LOG] [Fast Refresh] done in 3ms @ http://localhost:3025/_next/static/chunks/node_modules_next_dist_1e8vcs8._.js:776
[    8221ms] [LOG] [Fast Refresh] done in 3ms @ http://localhost:3025/_next/static/chunks/node_modules_next_dist_1e8vcs8._.js:776
[    8270ms] [LOG] [Fast Refresh] done in 3ms @ http://localhost:3025/_next/static/chunks/node_modules_next_dist_1e8vcs8._.js:776
[    8318ms] [LOG] [Fast Refresh] done in 3ms @ http://localhost:3025/_next/static/chunks/node_modules_next_dist_1e8vcs8._.js:776
[    8366ms] [LOG] [Fast Refresh] done in 3ms @ http://localhost:3025/_next/static/chunks/node_modules_next_dist_1e8vcs8._.js:776
[    8414ms] [LOG] [Fast Refresh] done in 3ms @ http://localhost:3025/_next/static/chunks/node_modules_next_dist_1e8vcs8._.js:776
[    8461ms] [LOG] [Fast Refresh] done in 3ms @ http://localhost:3025/_next/static/chunks/node_modules_next_dist_1e8vcs8._.js:776
[    8506ms] [LOG] [Fast Refresh] done in 3ms @ http://localhost:3025/_next/static/chunks/node_modules_next_dist_1e8vcs8._.js:776
[    8553ms] [LOG] [Fast Refresh] done in 3ms @ http://localhost:3025/_next/static/chunks/node_modules_next_dist_1e8vcs8._.js:776
[    8600ms] [LOG] [Fast Refresh] done in 3ms @ http://localhost:3025/_next/static/chunks/node_modules_next_dist_1e8vcs8._.js:776
[    8648ms] [LOG] [Fast Refresh] done in 3ms @ http://localhost:3025/_next/static/chunks/node_modules_next_dist_1e8vcs8._.js:776
[    8698ms] [LOG] [Fast Refresh] done in 3ms @ http://localhost:3025/_next/static/chunks/node_modules_next_dist_1e8vcs8._.js:776
[    8747ms] [LOG] [Fast Refresh] done in 3ms @ http://localhost:3025/_next/static/chunks/node_modules_next_dist_1e8vcs8._.js:776
[    8795ms] [LOG] [Fast Refresh] done in 3ms @ http://localhost:3025/_next/static/chunks/node_modules_next_dist_1e8vcs8._.js:776
[    8843ms] [LOG] [Fast Refresh] done in 3ms @ http://localhost:3025/_next/static/chunks/node_modules_next_dist_1e8vcs8._.js:776
[    8892ms] [LOG] [Fast Refresh] done in 3ms @ http://localhost:3025/_next/static/chunks/node_modules_next_dist_1e8vcs8._.js:776
[    8942ms] [LOG] [Fast Refresh] done in 3ms @ http://localhost:3025/_next/static/chunks/node_modules_next_dist_1e8vcs8._.js:776
[    8990ms] [LOG] [Fast Refresh] done in 3ms @ http://localhost:3025/_next/static/chunks/node_modules_next_dist_1e8vcs8._.js:776
[    9039ms] [LOG] [Fast Refresh] done in 3ms @ http://localhost:3025/_next/static/chunks/node_modules_next_dist_1e8vcs8._.js:776
[    9087ms] [LOG] [Fast Refresh] done in 3ms @ http://localhost:3025/_next/static/chunks/node_modules_next_dist_1e8vcs8._.js:776
[    9135ms] [LOG] [Fast Refresh] done in 3ms @ http://localhost:3025/_next/static/chunks/node_modules_next_dist_1e8vcs8._.js:776
[    9185ms] [LOG] [Fast Refresh] done in 3ms @ http://localhost:3025/_next/static/chunks/node_modules_next_dist_1e8vcs8._.js:776
[    9233ms] [LOG] [Fast Refresh] done in 3ms @ http://localhost:3025/_next/static/chunks/node_modules_next_dist_1e8vcs8._.js:776
[    9280ms] [LOG] [Fast Refresh] done in 3ms @ http://localhost:3025/_next/static/chunks/node_modules_next_dist_1e8vcs8._.js:776
[    9327ms] [LOG] [Fast Refresh] done in 3ms @ http://localhost:3025/_next/static/chunks/node_modules_next_dist_1e8vcs8._.js:776
[    9373ms] [LOG] [Fast Refresh] done in 3ms @ http://localhost:3025/_next/static/chunks/node_modules_next_dist_1e8vcs8._.js:776
[    9420ms] [LOG] [Fast Refresh] done in 3ms @ http://localhost:3025/_next/static/chunks/node_modules_next_dist_1e8vcs8._.js:776
[    9467ms] [LOG] [Fast Refresh] done in 3ms @ http://localhost:3025/_next/static/chunks/node_modules_next_dist_1e8vcs8._.js:776
[    9515ms] [LOG] [Fast Refresh] done in 3ms @ http://localhost:3025/_next/static/chunks/node_modules_next_dist_1e8vcs8._.js:776
[    9565ms] [LOG] [Fast Refresh] done in 3ms @ http://localhost:3025/_next/static/chunks/node_modules_next_dist_1e8vcs8._.js:776
[    9614ms] [LOG] [Fast Refresh] done in 3ms @ http://localhost:3025/_next/static/chunks/node_modules_next_dist_1e8vcs8._.js:776
[    9664ms] [LOG] [Fast Refresh] done in 3ms @ http://localhost:3025/_next/static/chunks/node_modules_next_dist_1e8vcs8._.js:776
[    9716ms] [LOG] [Fast Refresh] done in 3ms @ http://localhost:3025/_next/static/chunks/node_modules_next_dist_1e8vcs8._.js:776
[    9763ms] [LOG] [Fast Refresh] done in 3ms @ http://localhost:3025/_next/static/chunks/node_modules_next_dist_1e8vcs8._.js:776
[    9812ms] [LOG] [Fast Refresh] done in 3ms @ http://localhost:3025/_next/static/chunks/node_modules_next_dist_1e8vcs8._.js:776
[    9860ms] [LOG] [Fast Refresh] done in 3ms @ http://localhost:3025/_next/static/chunks/node_modules_next_dist_1e8vcs8._.js:776
[    9908ms] [LOG] [Fast Refresh] done in 3ms @ http://localhost:3025/_next/static/chunks/node_modules_next_dist_1e8vcs8._.js:776
[    9957ms] [LOG] [Fast Refresh] done in 3ms @ http://localhost:3025/_next/static/chunks/node_modules_next_dist_1e8vcs8._.js:776
[   10005ms] [LOG] [Fast Refresh] done in 3ms @ http://localhost:3025/_next/static/chunks/node_modules_next_dist_1e8vcs8._.js:776
[   10054ms] [LOG] [Fast Refresh] done in 3ms @ http://localhost:3025/_next/static/chunks/node_modules_next_dist_1e8vcs8._.js:776
[   10102ms] [LOG] [Fast Refresh] done in 3ms @ http://localhost:3025/_next/static/chunks/node_modules_next_dist_1e8vcs8._.js:776
[   10151ms] [LOG] [Fast Refresh] done in 3ms @ http://localhost:3025/_next/static/chunks/node_modules_next_dist_1e8vcs8._.js:776
[   10199ms] [LOG] [Fast Refresh] done in 3ms @ http://localhost:3025/_next/static/chunks/node_modules_next_dist_1e8vcs8._.js:776
[   10247ms] [LOG] [Fast Refresh] done in 3ms @ http://localhost:3025/_next/static/chunks/node_modules_next_dist_1e8vcs8._.js:776
[   10292ms] [LOG] [Fast Refresh] done in 3ms @ http://localhost:3025/_next/static/chunks/node_modules_next_dist_1e8vcs8._.js:776
[   10338ms] [LOG] [Fast Refresh] done in 3ms @ http://localhost:3025/_next/static/chunks/node_modules_next_dist_1e8vcs8._.js:776
[   10386ms] [LOG] [Fast Refresh] done in 3ms @ http://localhost:3025/_next/static/chunks/node_modules_next_dist_1e8vcs8._.js:776
[   10433ms] [LOG] [Fast Refresh] done in 3ms @ http://localhost:3025/_next/static/chunks/node_modules_next_dist_1e8vcs8._.js:776
[   10480ms] [LOG] [Fast Refresh] done in 3ms @ http://localhost:3025/_next/static/chunks/node_modules_next_dist_1e8vcs8._.js:776
[   10529ms] [LOG] [Fast Refresh] done in 3ms @ http://localhost:3025/_next/static/chunks/node_modules_next_dist_1e8vcs8._.js:776
[   10574ms] [LOG] [Fast Refresh] done in 3ms @ http://localhost:3025/_next/static/chunks/node_modules_next_dist_1e8vcs8._.js:776
[   10623ms] [LOG] [Fast Refresh] done in 3ms @ http://localhost:3025/_next/static/chunks/node_modules_next_dist_1e8vcs8._.js:776
[   10671ms] [LOG] [Fast Refresh] done in 3ms @ http://localhost:3025/_next/static/chunks/node_modules_next_dist_1e8vcs8._.js:776
[   10720ms] [LOG] [Fast Refresh] done in 3ms @ http://localhost:3025/_next/static/chunks/node_modules_next_dist_1e8vcs8._.js:776
[   10768ms] [LOG] [Fast Refresh] done in 3ms @ http://localhost:3025/_next/static/chunks/node_modules_next_dist_1e8vcs8._.js:776
[   10817ms] [LOG] [Fast Refresh] done in 3ms @ http://localhost:3025/_next/static/chunks/node_modules_next_dist_1e8vcs8._.js:776
[   10865ms] [LOG] [Fast Refresh] done in 3ms @ http://localhost:3025/_next/static/chunks/node_modules_next_dist_1e8vcs8._.js:776
[   10914ms] [LOG] [Fast Refresh] done in 3ms @ http://localhost:3025/_next/static/chunks/node_modules_next_dist_1e8vcs8._.js:776
[   10960ms] [LOG] [Fast Refresh] done in 3ms @ http://localhost:3025/_next/static/chunks/node_modules_next_dist_1e8vcs8._.js:776
[   11006ms] [LOG] [Fast Refresh] done in 3ms @ http://localhost:3025/_next/static/chunks/node_modules_next_dist_1e8vcs8._.js:776
[   11050ms] [LOG] [Fast Refresh] done in 3ms @ http://localhost:3025/_next/static/chunks/node_modules_next_dist_1e8vcs8._.js:776
[   11096ms] [LOG] [Fast Refresh] done in 3ms @ http://localhost:3025/_next/static/chunks/node_modules_next_dist_1e8vcs8._.js:776
[   11143ms] [LOG] [Fast Refresh] done in 3ms @ http://localhost:3025/_next/static/chunks/node_modules_next_dist_1e8vcs8._.js:776
[   11192ms] [LOG] [Fast Refresh] done in 3ms @ http://localhost:3025/_next/static/chunks/node_modules_next_dist_1e8vcs8._.js:776
[   11240ms] [LOG] [Fast Refresh] done in 3ms @ http://localhost:3025/_next/static/chunks/node_modules_next_dist_1e8vcs8._.js:776
[   11286ms] [LOG] [Fast Refresh] done in 3ms @ http://localhost:3025/_next/static/chunks/node_modules_next_dist_1e8vcs8._.js:776
[   11329ms] [LOG] [Fast Refresh] done in 3ms @ http://localhost:3025/_next/static/chunks/node_modules_next_dist_1e8vcs8._.js:776
[   11375ms] [LOG] [Fast Refresh] done in 3ms @ http://localhost:3025/_next/static/chunks/node_modules_next_dist_1e8vcs8._.js:776
[   11424ms] [LOG] [Fast Refresh] done in 3ms @ http://localhost:3025/_next/static/chunks/node_modules_next_dist_1e8vcs8._.js:776
[   11472ms] [LOG] [Fast Refresh] done in 3ms @ http://localhost:3025/_next/static/chunks/node_modules_next_dist_1e8vcs8._.js:776
[   11522ms] [LOG] [Fast Refresh] done in 3ms @ http://localhost:3025/_next/static/chunks/node_modules_next_dist_1e8vcs8._.js:776
[   11570ms] [LOG] [Fast Refresh] done in 3ms @ http://localhost:3025/_next/static/chunks/node_modules_next_dist_1e8vcs8._.js:776
[   11620ms] [LOG] [Fast Refresh] done in 3ms @ http://localhost:3025/_next/static/chunks/node_modules_next_dist_1e8vcs8._.js:776
[   11669ms] [LOG] [Fast Refresh] done in 3ms @ http://localhost:3025/_next/static/chunks/node_modules_next_dist_1e8vcs8._.js:776
[   11718ms] [LOG] [Fast Refresh] done in 3ms @ http://localhost:3025/_next/static/chunks/node_modules_next_dist_1e8vcs8._.js:776
[   11768ms] [LOG] [Fast Refresh] done in 3ms @ http://localhost:3025/_next/static/chunks/node_modules_next_dist_1e8vcs8._.js:776
[   11816ms] [LOG] [Fast Refresh] done in 3ms @ http://localhost:3025/_next/static/chunks/node_modules_next_dist_1e8vcs8._.js:776
[   11864ms] [LOG] [Fast Refresh] done in 3ms @ http://localhost:3025/_next/static/chunks/node_modules_next_dist_1e8vcs8._.js:776
[   11901ms] [LOG] [Fast Refresh] done in 3ms @ http://localhost:3025/_next/static/chunks/node_modules_next_dist_1e8vcs8._.js:776
[   11949ms] [LOG] [Fast Refresh] done in 3ms @ http://localhost:3025/_next/static/chunks/node_modules_next_dist_1e8vcs8._.js:776
[   11998ms] [LOG] [Fast Refresh] done in 3ms @ http://localhost:3025/_next/static/chunks/node_modules_next_dist_1e8vcs8._.js:776
[   12046ms] [LOG] [Fast Refresh] done in 3ms @ http://localhost:3025/_next/static/chunks/node_modules_next_dist_1e8vcs8._.js:776
[   12095ms] [LOG] [Fast Refresh] done in 3ms @ http://localhost:3025/_next/static/chunks/node_modules_next_dist_1e8vcs8._.js:776
[   12142ms] [LOG] [Fast Refresh] done in 3ms @ http://localhost:3025/_next/static/chunks/node_modules_next_dist_1e8vcs8._.js:776
[   12190ms] [LOG] [Fast Refresh] done in 3ms @ http://localhost:3025/_next/static/chunks/node_modules_next_dist_1e8vcs8._.js:776
[   12238ms] [LOG] [Fast Refresh] done in 3ms @ http://localhost:3025/_next/static/chunks/node_modules_next_dist_1e8vcs8._.js:776
[   12284ms] [LOG] [Fast Refresh] done in 3ms @ http://localhost:3025/_next/static/chunks/node_modules_next_dist_1e8vcs8._.js:776
[   12330ms] [LOG] [Fast Refresh] done in 3ms @ http://localhost:3025/_next/static/chunks/node_modules_next_dist_1e8vcs8._.js:776
[   12377ms] [LOG] [Fast Refresh] done in 3ms @ http://localhost:3025/_next/static/chunks/node_modules_next_dist_1e8vcs8._.js:776
[   12425ms] [LOG] [Fast Refresh] done in 3ms @ http://localhost:3025/_next/static/chunks/node_modules_next_dist_1e8vcs8._.js:776
[   12473ms] [LOG] [Fast Refresh] done in 3ms @ http://localhost:3025/_next/static/chunks/node_modules_next_dist_1e8vcs8._.js:776
[   12520ms] [LOG] [Fast Refresh] done in 3ms @ http://localhost:3025/_next/static/chunks/node_modules_next_dist_1e8vcs8._.js:776
[   12567ms] [LOG] [Fast Refresh] done in 3ms @ http://localhost:3025/_next/static/chunks/node_modules_next_dist_1e8vcs8._.js:776
[   12615ms] [LOG] [Fast Refresh] done in 3ms @ http://localhost:3025/_next/static/chunks/node_modules_next_dist_1e8vcs8._.js:776
[   12664ms] [LOG] [Fast Refresh] done in 3ms @ http://localhost:3025/_next/static/chunks/node_modules_next_dist_1e8vcs8._.js:776
[   12713ms] [LOG] [Fast Refresh] done in 3ms @ http://localhost:3025/_next/static/chunks/node_modules_next_dist_1e8vcs8._.js:776
[   12763ms] [LOG] [Fast Refresh] done in 3ms @ http://localhost:3025/_next/static/chunks/node_modules_next_dist_1e8vcs8._.js:776
[   12811ms] [LOG] [Fast Refresh] done in 3ms @ http://localhost:3025/_next/static/chunks/node_modules_next_dist_1e8vcs8._.js:776
[   12860ms] [LOG] [Fast Refresh] done in 3ms @ http://localhost:3025/_next/static/chunks/node_modules_next_dist_1e8vcs8._.js:776
[   12909ms] [LOG] [Fast Refresh] done in 3ms @ http://localhost:3025/_next/static/chunks/node_modules_next_dist_1e8vcs8._.js:776
[   12958ms] [LOG] [Fast Refresh] done in 3ms @ http://localhost:3025/_next/static/chunks/node_modules_next_dist_1e8vcs8._.js:776
[   13007ms] [LOG] [Fast Refresh] done in 3ms @ http://localhost:3025/_next/static/chunks/node_modules_next_dist_1e8vcs8._.js:776
[   13057ms] [LOG] [Fast Refresh] done in 3ms @ http://localhost:3025/_next/static/chunks/node_modules_next_dist_1e8vcs8._.js:776
[   13105ms] [LOG] [Fast Refresh] done in 3ms @ http://localhost:3025/_next/static/chunks/node_modules_next_dist_1e8vcs8._.js:776
[   13154ms] [LOG] [Fast Refresh] done in 3ms @ http://localhost:3025/_next/static/chunks/node_modules_next_dist_1e8vcs8._.js:776
[   13194ms] [LOG] [Fast Refresh] done in 3ms @ http://localhost:3025/_next/static/chunks/node_modules_next_dist_1e8vcs8._.js:776
[   13240ms] [LOG] [Fast Refresh] done in 3ms @ http://localhost:3025/_next/static/chunks/node_modules_next_dist_1e8vcs8._.js:776
[   13286ms] [LOG] [Fast Refresh] done in 3ms @ http://localhost:3025/_next/static/chunks/node_modules_next_dist_1e8vcs8._.js:776
[   13335ms] [LOG] [Fast Refresh] done in 3ms @ http://localhost:3025/_next/static/chunks/node_modules_next_dist_1e8vcs8._.js:776
[   13383ms] [LOG] [Fast Refresh] done in 3ms @ http://localhost:3025/_next/static/chunks/node_modules_next_dist_1e8vcs8._.js:776
[   13432ms] [LOG] [Fast Refresh] done in 3ms @ http://localhost:3025/_next/static/chunks/node_modules_next_dist_1e8vcs8._.js:776
[   13480ms] [LOG] [Fast Refresh] done in 3ms @ http://localhost:3025/_next/static/chunks/node_modules_next_dist_1e8vcs8._.js:776
[   13528ms] [LOG] [Fast Refresh] done in 3ms @ http://localhost:3025/_next/static/chunks/node_modules_next_dist_1e8vcs8._.js:776
[   13576ms] [LOG] [Fast Refresh] done in 3ms @ http://localhost:3025/_next/static/chunks/node_modules_next_dist_1e8vcs8._.js:776
[   13625ms] [LOG] [Fast Refresh] done in 3ms @ http://localhost:3025/_next/static/chunks/node_modules_next_dist_1e8vcs8._.js:776
[   13673ms] [LOG] [Fast Refresh] done in 3ms @ http://localhost:3025/_next/static/chunks/node_modules_next_dist_1e8vcs8._.js:776
[   13721ms] [LOG] [Fast Refresh] done in 3ms @ http://localhost:3025/_next/static/chunks/node_modules_next_dist_1e8vcs8._.js:776
[   13770ms] [LOG] [Fast Refresh] done in 3ms @ http://localhost:3025/_next/static/chunks/node_modules_next_dist_1e8vcs8._.js:776
[   13819ms] [LOG] [Fast Refresh] done in 3ms @ http://localhost:3025/_next/static/chunks/node_modules_next_dist_1e8vcs8._.js:776
[   13867ms] [LOG] [Fast Refresh] done in 3ms @ http://localhost:3025/_next/static/chunks/node_modules_next_dist_1e8vcs8._.js:776
[   13915ms] [LOG] [Fast Refresh] done in 3ms @ http://localhost:3025/_next/static/chunks/node_modules_next_dist_1e8vcs8._.js:776
[   13963ms] [LOG] [Fast Refresh] done in 3ms @ http://localhost:3025/_next/static/chunks/node_modules_next_dist_1e8vcs8._.js:776
[   14013ms] [LOG] [Fast Refresh] done in 3ms @ http://localhost:3025/_next/static/chunks/node_modules_next_dist_1e8vcs8._.js:776
[   14062ms] [LOG] [Fast Refresh] done in 3ms @ http://localhost:3025/_next/static/chunks/node_modules_next_dist_1e8vcs8._.js:776
[   14113ms] [LOG] [Fast Refresh] done in 3ms @ http://localhost:3025/_next/static/chunks/node_modules_next_dist_1e8vcs8._.js:776
[   14162ms] [LOG] [Fast Refresh] done in 3ms @ http://localhost:3025/_next/static/chunks/node_modules_next_dist_1e8vcs8._.js:776
[   14210ms] [LOG] [Fast Refresh] done in 3ms @ http://localhost:3025/_next/static/chunks/node_modules_next_dist_1e8vcs8._.js:776
[   14258ms] [LOG] [Fast Refresh] done in 3ms @ http://localhost:3025/_next/static/chunks/node_modules_next_dist_1e8vcs8._.js:776
[   14306ms] [LOG] [Fast Refresh] done in 3ms @ http://localhost:3025/_next/static/chunks/node_modules_next_dist_1e8vcs8._.js:776
[   14352ms] [LOG] [Fast Refresh] done in 3ms @ http://localhost:3025/_next/static/chunks/node_modules_next_dist_1e8vcs8._.js:776
[   14399ms] [LOG] [Fast Refresh] done in 3ms @ http://localhost:3025/_next/static/chunks/node_modules_next_dist_1e8vcs8._.js:776
[   14446ms] [LOG] [Fast Refresh] done in 3ms @ http://localhost:3025/_next/static/chunks/node_modules_next_dist_1e8vcs8._.js:776
[   14494ms] [LOG] [Fast Refresh] done in 3ms @ http://localhost:3025/_next/static/chunks/node_modules_next_dist_1e8vcs8._.js:776
[   14542ms] [LOG] [Fast Refresh] done in 3ms @ http://localhost:3025/_next/static/chunks/node_modules_next_dist_1e8vcs8._.js:776
[   14592ms] [LOG] [Fast Refresh] done in 3ms @ http://localhost:3025/_next/static/chunks/node_modules_next_dist_1e8vcs8._.js:776
[   14641ms] [LOG] [Fast Refresh] done in 3ms @ http://localhost:3025/_next/static/chunks/node_modules_next_dist_1e8vcs8._.js:776
[   14689ms] [LOG] [Fast Refresh] done in 3ms @ http://localhost:3025/_next/static/chunks/node_modules_next_dist_1e8vcs8._.js:776
[   14740ms] [LOG] [Fast Refresh] done in 3ms @ http://localhost:3025/_next/static/chunks/node_modules_next_dist_1e8vcs8._.js:776
[   14789ms] [LOG] [Fast Refresh] done in 3ms @ http://localhost:3025/_next/static/chunks/node_modules_next_dist_1e8vcs8._.js:776
[   14838ms] [LOG] [Fast Refresh] done in 3ms @ http://localhost:3025/_next/static/chunks/node_modules_next_dist_1e8vcs8._.js:776
[   14888ms] [LOG] [Fast Refresh] done in 3ms @ http://localhost:3025/_next/static/chunks/node_modules_next_dist_1e8vcs8._.js:776
[   14936ms] [LOG] [Fast Refresh] done in 3ms @ http://localhost:3025/_next/static/chunks/node_modules_next_dist_1e8vcs8._.js:776
[   14985ms] [LOG] [Fast Refresh] done in 3ms @ http://localhost:3025/_next/static/chunks/node_modules_next_dist_1e8vcs8._.js:776
[   15032ms] [LOG] [Fast Refresh] done in 3ms @ http://localhost:3025/_next/static/chunks/node_modules_next_dist_1e8vcs8._.js:776
[   15077ms] [LOG] [Fast Refresh] done in 3ms @ http://localhost:3025/_next/static/chunks/node_modules_next_dist_1e8vcs8._.js:776
[   15124ms] [LOG] [Fast Refresh] done in 3ms @ http://localhost:3025/_next/static/chunks/node_modules_next_dist_1e8vcs8._.js:776
[   15171ms] [LOG] [Fast Refresh] done in 3ms @ http://localhost:3025/_next/static/chunks/node_modules_next_dist_1e8vcs8._.js:776
[   15217ms] [LOG] [Fast Refresh] done in 3ms @ http://localhost:3025/_next/static/chunks/node_modules_next_dist_1e8vcs8._.js:776
[   15265ms] [LOG] [Fast Refresh] done in 3ms @ http://localhost:3025/_next/static/chunks/node_modules_next_dist_1e8vcs8._.js:776
[   15313ms] [LOG] [Fast Refresh] done in 3ms @ http://localhost:3025/_next/static/chunks/node_modules_next_dist_1e8vcs8._.js:776
[   15361ms] [LOG] [Fast Refresh] done in 3ms @ http://localhost:3025/_next/static/chunks/node_modules_next_dist_1e8vcs8._.js:776
[   15408ms] [LOG] [Fast Refresh] done in 3ms @ http://localhost:3025/_next/static/chunks/node_modules_next_dist_1e8vcs8._.js:776
[   15458ms] [LOG] [Fast Refresh] done in 3ms @ http://localhost:3025/_next/static/chunks/node_modules_next_dist_1e8vcs8._.js:776
[   15506ms] [LOG] [Fast Refresh] done in 3ms @ http://localhost:3025/_next/static/chunks/node_modules_next_dist_1e8vcs8._.js:776
[   15553ms] [LOG] [Fast Refresh] done in 3ms @ http://localhost:3025/_next/static/chunks/node_modules_next_dist_1e8vcs8._.js:776
[   15599ms] [LOG] [Fast Refresh] done in 3ms @ http://localhost:3025/_next/static/chunks/node_modules_next_dist_1e8vcs8._.js:776
[   15645ms] [LOG] [Fast Refresh] done in 3ms @ http://localhost:3025/_next/static/chunks/node_modules_next_dist_1e8vcs8._.js:776
[   15693ms] [LOG] [Fast Refresh] done in 3ms @ http://localhost:3025/_next/static/chunks/node_modules_next_dist_1e8vcs8._.js:776
[   15742ms] [LOG] [Fast Refresh] done in 3ms @ http://localhost:3025/_next/static/chunks/node_modules_next_dist_1e8vcs8._.js:776
[   15791ms] [LOG] [Fast Refresh] done in 3ms @ http://localhost:3025/_next/static/chunks/node_modules_next_dist_1e8vcs8._.js:776
[   15837ms] [LOG] [Fast Refresh] done in 3ms @ http://localhost:3025/_next/static/chunks/node_modules_next_dist_1e8vcs8._.js:776
[   15880ms] [LOG] [Fast Refresh] done in 3ms @ http://localhost:3025/_next/static/chunks/node_modules_next_dist_1e8vcs8._.js:776
[   15926ms] [LOG] [Fast Refresh] done in 3ms @ http://localhost:3025/_next/static/chunks/node_modules_next_dist_1e8vcs8._.js:776
[   15972ms] [LOG] [Fast Refresh] done in 3ms @ http://localhost:3025/_next/static/chunks/node_modules_next_dist_1e8vcs8._.js:776
[   16018ms] [LOG] [Fast Refresh] done in 3ms @ http://localhost:3025/_next/static/chunks/node_modules_next_dist_1e8vcs8._.js:776
[   16060ms] [LOG] [Fast Refresh] done in 3ms @ http://localhost:3025/_next/static/chunks/node_modules_next_dist_1e8vcs8._.js:776
[   16106ms] [LOG] [Fast Refresh] done in 3ms @ http://localhost:3025/_next/static/chunks/node_modules_next_dist_1e8vcs8._.js:776
[   16153ms] [LOG] [Fast Refresh] done in 3ms @ http://localhost:3025/_next/static/chunks/node_modules_next_dist_1e8vcs8._.js:776
[   16201ms] [LOG] [Fast Refresh] done in 3ms @ http://localhost:3025/_next/static/chunks/node_modules_next_dist_1e8vcs8._.js:776
[   16250ms] [LOG] [Fast Refresh] done in 3ms @ http://localhost:3025/_next/static/chunks/node_modules_next_dist_1e8vcs8._.js:776
[   16300ms] [LOG] [Fast Refresh] done in 3ms @ http://localhost:3025/_next/static/chunks/node_modules_next_dist_1e8vcs8._.js:776
[   16349ms] [LOG] [Fast Refresh] done in 3ms @ http://localhost:3025/_next/static/chunks/node_modules_next_dist_1e8vcs8._.js:776
[   16397ms] [LOG] [Fast Refresh] done in 3ms @ http://localhost:3025/_next/static/chunks/node_modules_next_dist_1e8vcs8._.js:776
[   16446ms] [LOG] [Fast Refresh] done in 3ms @ http://localhost:3025/_next/static/chunks/node_modules_next_dist_1e8vcs8._.js:776
[   16495ms] [LOG] [Fast Refresh] done in 3ms @ http://localhost:3025/_next/static/chunks/node_modules_next_dist_1e8vcs8._.js:776
[   16545ms] [LOG] [Fast Refresh] done in 3ms @ http://localhost:3025/_next/static/chunks/node_modules_next_dist_1e8vcs8._.js:776
[   16594ms] [LOG] [Fast Refresh] done in 3ms @ http://localhost:3025/_next/static/chunks/node_modules_next_dist_1e8vcs8._.js:776
[   16642ms] [LOG] [Fast Refresh] done in 3ms @ http://localhost:3025/_next/static/chunks/node_modules_next_dist_1e8vcs8._.js:776
[   16692ms] [LOG] [Fast Refresh] done in 3ms @ http://localhost:3025/_next/static/chunks/node_modules_next_dist_1e8vcs8._.js:776
[   16740ms] [LOG] [Fast Refresh] done in 3ms @ http://localhost:3025/_next/static/chunks/node_modules_next_dist_1e8vcs8._.js:776
[   16790ms] [LOG] [Fast Refresh] done in 3ms @ http://localhost:3025/_next/static/chunks/node_modules_next_dist_1e8vcs8._.js:776
[   16838ms] [LOG] [Fast Refresh] done in 3ms @ http://localhost:3025/_next/static/chunks/node_modules_next_dist_1e8vcs8._.js:776
[   16887ms] [LOG] [Fast Refresh] done in 3ms @ http://localhost:3025/_next/static/chunks/node_modules_next_dist_1e8vcs8._.js:776
[   16934ms] [LOG] [Fast Refresh] done in 3ms @ http://localhost:3025/_next/static/chunks/node_modules_next_dist_1e8vcs8._.js:776
[   16982ms] [LOG] [Fast Refresh] done in 3ms @ http://localhost:3025/_next/static/chunks/node_modules_next_dist_1e8vcs8._.js:776
[   17030ms] [LOG] [Fast Refresh] done in 3ms @ http://localhost:3025/_next/static/chunks/node_modules_next_dist_1e8vcs8._.js:776
[   17078ms] [LOG] [Fast Refresh] done in 3ms @ http://localhost:3025/_next/static/chunks/node_modules_next_dist_1e8vcs8._.js:776
[   17124ms] [LOG] [Fast Refresh] done in 3ms @ http://localhost:3025/_next/static/chunks/node_modules_next_dist_1e8vcs8._.js:776
[   17170ms] [LOG] [Fast Refresh] done in 3ms @ http://localhost:3025/_next/static/chunks/node_modules_next_dist_1e8vcs8._.js:776
[   17216ms] [LOG] [Fast Refresh] done in 3ms @ http://localhost:3025/_next/static/chunks/node_modules_next_dist_1e8vcs8._.js:776
[   17254ms] [LOG] [Fast Refresh] done in 3ms @ http://localhost:3025/_next/static/chunks/node_modules_next_dist_1e8vcs8._.js:776
[   17303ms] [LOG] [Fast Refresh] done in 3ms @ http://localhost:3025/_next/static/chunks/node_modules_next_dist_1e8vcs8._.js:776
[   17351ms] [LOG] [Fast Refresh] done in 3ms @ http://localhost:3025/_next/static/chunks/node_modules_next_dist_1e8vcs8._.js:776
[   17401ms] [LOG] [Fast Refresh] done in 3ms @ http://localhost:3025/_next/static/chunks/node_modules_next_dist_1e8vcs8._.js:776
[   17450ms] [LOG] [Fast Refresh] done in 3ms @ http://localhost:3025/_next/static/chunks/node_modules_next_dist_1e8vcs8._.js:776
[   17497ms] [LOG] [Fast Refresh] done in 3ms @ http://localhost:3025/_next/static/chunks/node_modules_next_dist_1e8vcs8._.js:776
[   17545ms] [LOG] [Fast Refresh] done in 3ms @ http://localhost:3025/_next/static/chunks/node_modules_next_dist_1e8vcs8._.js:776
[   17591ms] [LOG] [Fast Refresh] done in 3ms @ http://localhost:3025/_next/static/chunks/node_modules_next_dist_1e8vcs8._.js:776
[   17636ms] [LOG] [Fast Refresh] done in 3ms @ http://localhost:3025/_next/static/chunks/node_modules_next_dist_1e8vcs8._.js:776
[   17680ms] [LOG] [Fast Refresh] done in 3ms @ http://localhost:3025/_next/static/chunks/node_modules_next_dist_1e8vcs8._.js:776
[   17726ms] [LOG] [Fast Refresh] done in 3ms @ http://localhost:3025/_next/static/chunks/node_modules_next_dist_1e8vcs8._.js:776
[   17956ms] [LOG] [Fast Refresh] done in 3ms @ http://localhost:3025/_next/static/chunks/node_modules_next_dist_1e8vcs8._.js:776
[   18001ms] [LOG] [Fast Refresh] done in 3ms @ http://localhost:3025/_next/static/chunks/node_modules_next_dist_1e8vcs8._.js:776
[   18047ms] [LOG] [Fast Refresh] done in 3ms @ http://localhost:3025/_next/static/chunks/node_modules_next_dist_1e8vcs8._.js:776
[   18093ms] [LOG] [Fast Refresh] done in 3ms @ http://localhost:3025/_next/static/chunks/node_modules_next_dist_1e8vcs8._.js:776
[   18139ms] [LOG] [Fast Refresh] done in 3ms @ http://localhost:3025/_next/static/chunks/node_modules_next_dist_1e8vcs8._.js:776
[   18185ms] [LOG] [Fast Refresh] done in 3ms @ http://localhost:3025/_next/static/chunks/node_modules_next_dist_1e8vcs8._.js:776
[   18233ms] [LOG] [Fast Refresh] done in 3ms @ http://localhost:3025/_next/static/chunks/node_modules_next_dist_1e8vcs8._.js:776
[   18282ms] [LOG] [Fast Refresh] done in 3ms @ http://localhost:3025/_next/static/chunks/node_modules_next_dist_1e8vcs8._.js:776
[   18329ms] [LOG] [Fast Refresh] done in 3ms @ http://localhost:3025/_next/static/chunks/node_modules_next_dist_1e8vcs8._.js:776
[   18377ms] [LOG] [Fast Refresh] done in 3ms @ http://localhost:3025/_next/static/chunks/node_modules_next_dist_1e8vcs8._.js:776
[   18426ms] [LOG] [Fast Refresh] done in 3ms @ http://localhost:3025/_next/static/chunks/node_modules_next_dist_1e8vcs8._.js:776
[   18475ms] [LOG] [Fast Refresh] done in 3ms @ http://localhost:3025/_next/static/chunks/node_modules_next_dist_1e8vcs8._.js:776
[   18523ms] [LOG] [Fast Refresh] done in 3ms @ http://localhost:3025/_next/static/chunks/node_modules_next_dist_1e8vcs8._.js:776
[   18571ms] [LOG] [Fast Refresh] done in 3ms @ http://localhost:3025/_next/static/chunks/node_modules_next_dist_1e8vcs8._.js:776
[   18618ms] [LOG] [Fast Refresh] done in 3ms @ http://localhost:3025/_next/static/chunks/node_modules_next_dist_1e8vcs8._.js:776
[   18667ms] [LOG] [Fast Refresh] done in 3ms @ http://localhost:3025/_next/static/chunks/node_modules_next_dist_1e8vcs8._.js:776
[   18715ms] [LOG] [Fast Refresh] done in 3ms @ http://localhost:3025/_next/static/chunks/node_modules_next_dist_1e8vcs8._.js:776
[   18765ms] [LOG] [Fast Refresh] done in 3ms @ http://localhost:3025/_next/static/chunks/node_modules_next_dist_1e8vcs8._.js:776
[   18814ms] [LOG] [Fast Refresh] done in 3ms @ http://localhost:3025/_next/static/chunks/node_modules_next_dist_1e8vcs8._.js:776
[   18862ms] [LOG] [Fast Refresh] done in 3ms @ http://localhost:3025/_next/static/chunks/node_modules_next_dist_1e8vcs8._.js:776
[   18910ms] [LOG] [Fast Refresh] done in 3ms @ http://localhost:3025/_next/static/chunks/node_modules_next_dist_1e8vcs8._.js:776
[   18958ms] [LOG] [Fast Refresh] done in 3ms @ http://localhost:3025/_next/static/chunks/node_modules_next_dist_1e8vcs8._.js:776
[   19006ms] [LOG] [Fast Refresh] done in 3ms @ http://localhost:3025/_next/static/chunks/node_modules_next_dist_1e8vcs8._.js:776
[   19052ms] [LOG] [Fast Refresh] done in 3ms @ http://localhost:3025/_next/static/chunks/node_modules_next_dist_1e8vcs8._.js:776
[   19098ms] [LOG] [Fast Refresh] done in 3ms @ http://localhost:3025/_next/static/chunks/node_modules_next_dist_1e8vcs8._.js:776
[   19146ms] [LOG] [Fast Refresh] done in 3ms @ http://localhost:3025/_next/static/chunks/node_modules_next_dist_1e8vcs8._.js:776
[   19195ms] [LOG] [Fast Refresh] done in 3ms @ http://localhost:3025/_next/static/chunks/node_modules_next_dist_1e8vcs8._.js:776
[   19245ms] [LOG] [Fast Refresh] done in 3ms @ http://localhost:3025/_next/static/chunks/node_modules_next_dist_1e8vcs8._.js:776
[   19293ms] [LOG] [Fast Refresh] done in 3ms @ http://localhost:3025/_next/static/chunks/node_modules_next_dist_1e8vcs8._.js:776
[   19341ms] [LOG] [Fast Refresh] done in 3ms @ http://localhost:3025/_next/static/chunks/node_modules_next_dist_1e8vcs8._.js:776
[   19388ms] [LOG] [Fast Refresh] done in 3ms @ http://localhost:3025/_next/static/chunks/node_modules_next_dist_1e8vcs8._.js:776
[   19437ms] [LOG] [Fast Refresh] done in 3ms @ http://localhost:3025/_next/static/chunks/node_modules_next_dist_1e8vcs8._.js:776
[   19486ms] [LOG] [Fast Refresh] done in 3ms @ http://localhost:3025/_next/static/chunks/node_modules_next_dist_1e8vcs8._.js:776
[   19534ms] [LOG] [Fast Refresh] done in 3ms @ http://localhost:3025/_next/static/chunks/node_modules_next_dist_1e8vcs8._.js:776
[   19582ms] [LOG] [Fast Refresh] done in 3ms @ http://localhost:3025/_next/static/chunks/node_modules_next_dist_1e8vcs8._.js:776
[   19627ms] [LOG] [Fast Refresh] done in 3ms @ http://localhost:3025/_next/static/chunks/node_modules_next_dist_1e8vcs8._.js:776
[   19677ms] [LOG] [Fast Refresh] done in 3ms @ http://localhost:3025/_next/static/chunks/node_modules_next_dist_1e8vcs8._.js:776
[   19725ms] [LOG] [Fast Refresh] done in 3ms @ http://localhost:3025/_next/static/chunks/node_modules_next_dist_1e8vcs8._.js:776
[   19773ms] [LOG] [Fast Refresh] done in 3ms @ http://localhost:3025/_next/static/chunks/node_modules_next_dist_1e8vcs8._.js:776
[   19821ms] [LOG] [Fast Refresh] done in 3ms @ http://localhost:3025/_next/static/chunks/node_modules_next_dist_1e8vcs8._.js:776
[   19870ms] [LOG] [Fast Refresh] done in 3ms @ http://localhost:3025/_next/static/chunks/node_modules_next_dist_1e8vcs8._.js:776
[   19915ms] [LOG] [Fast Refresh] done in 3ms @ http://localhost:3025/_next/static/chunks/node_modules_next_dist_1e8vcs8._.js:776
[   19961ms] [LOG] [Fast Refresh] done in 3ms @ http://localhost:3025/_next/static/chunks/node_modules_next_dist_1e8vcs8._.js:776
[   20008ms] [LOG] [Fast Refresh] done in 3ms @ http://localhost:3025/_next/static/chunks/node_modules_next_dist_1e8vcs8._.js:776
[   20057ms] [LOG] [Fast Refresh] done in 3ms @ http://localhost:3025/_next/static/chunks/node_modules_next_dist_1e8vcs8._.js:776
[   20106ms] [LOG] [Fast Refresh] done in 3ms @ http://localhost:3025/_next/static/chunks/node_modules_next_dist_1e8vcs8._.js:776
[   20156ms] [LOG] [Fast Refresh] done in 3ms @ http://localhost:3025/_next/static/chunks/node_modules_next_dist_1e8vcs8._.js:776
[   20205ms] [LOG] [Fast Refresh] done in 3ms @ http://localhost:3025/_next/static/chunks/node_modules_next_dist_1e8vcs8._.js:776
[   20256ms] [LOG] [Fast Refresh] done in 3ms @ http://localhost:3025/_next/static/chunks/node_modules_next_dist_1e8vcs8._.js:776
[   20305ms] [LOG] [Fast Refresh] done in 3ms @ http://localhost:3025/_next/static/chunks/node_modules_next_dist_1e8vcs8._.js:776
[   20354ms] [LOG] [Fast Refresh] done in 3ms @ http://localhost:3025/_next/static/chunks/node_modules_next_dist_1e8vcs8._.js:776
[   20402ms] [LOG] [Fast Refresh] done in 3ms @ http://localhost:3025/_next/static/chunks/node_modules_next_dist_1e8vcs8._.js:776
[   20452ms] [LOG] [Fast Refresh] done in 3ms @ http://localhost:3025/_next/static/chunks/node_modules_next_dist_1e8vcs8._.js:776
[   20502ms] [LOG] [Fast Refresh] done in 3ms @ http://localhost:3025/_next/static/chunks/node_modules_next_dist_1e8vcs8._.js:776
[   20551ms] [LOG] [Fast Refresh] done in 3ms @ http://localhost:3025/_next/static/chunks/node_modules_next_dist_1e8vcs8._.js:776
[   20601ms] [LOG] [Fast Refresh] done in 3ms @ http://localhost:3025/_next/static/chunks/node_modules_next_dist_1e8vcs8._.js:776
[   20650ms] [LOG] [Fast Refresh] done in 3ms @ http://localhost:3025/_next/static/chunks/node_modules_next_dist_1e8vcs8._.js:776
[   20699ms] [LOG] [Fast Refresh] done in 3ms @ http://localhost:3025/_next/static/chunks/node_modules_next_dist_1e8vcs8._.js:776
[   20748ms] [LOG] [Fast Refresh] done in 3ms @ http://localhost:3025/_next/static/chunks/node_modules_next_dist_1e8vcs8._.js:776
[   20797ms] [LOG] [Fast Refresh] done in 3ms @ http://localhost:3025/_next/static/chunks/node_modules_next_dist_1e8vcs8._.js:776
[   20846ms] [LOG] [Fast Refresh] done in 3ms @ http://localhost:3025/_next/static/chunks/node_modules_next_dist_1e8vcs8._.js:776
[   20894ms] [LOG] [Fast Refresh] done in 3ms @ http://localhost:3025/_next/static/chunks/node_modules_next_dist_1e8vcs8._.js:776
[   20940ms] [LOG] [Fast Refresh] done in 3ms @ http://localhost:3025/_next/static/chunks/node_modules_next_dist_1e8vcs8._.js:776
[   20987ms] [LOG] [Fast Refresh] done in 3ms @ http://localhost:3025/_next/static/chunks/node_modules_next_dist_1e8vcs8._.js:776
[   21034ms] [LOG] [Fast Refresh] done in 3ms @ http://localhost:3025/_next/static/chunks/node_modules_next_dist_1e8vcs8._.js:776
[   21082ms] [LOG] [Fast Refresh] done in 3ms @ http://localhost:3025/_next/static/chunks/node_modules_next_dist_1e8vcs8._.js:776
[   21131ms] [LOG] [Fast Refresh] done in 3ms @ http://localhost:3025/_next/static/chunks/node_modules_next_dist_1e8vcs8._.js:776
[   21180ms] [LOG] [Fast Refresh] done in 3ms @ http://localhost:3025/_next/static/chunks/node_modules_next_dist_1e8vcs8._.js:776
[   21229ms] [LOG] [Fast Refresh] done in 3ms @ http://localhost:3025/_next/static/chunks/node_modules_next_dist_1e8vcs8._.js:776
[   21278ms] [LOG] [Fast Refresh] done in 3ms @ http://localhost:3025/_next/static/chunks/node_modules_next_dist_1e8vcs8._.js:776
[   21327ms] [LOG] [Fast Refresh] done in 3ms @ http://localhost:3025/_next/static/chunks/node_modules_next_dist_1e8vcs8._.js:776
[   21376ms] [LOG] [Fast Refresh] done in 3ms @ http://localhost:3025/_next/static/chunks/node_modules_next_dist_1e8vcs8._.js:776
[   21424ms] [LOG] [Fast Refresh] done in 3ms @ http://localhost:3025/_next/static/chunks/node_modules_next_dist_1e8vcs8._.js:776
[   21472ms] [LOG] [Fast Refresh] done in 3ms @ http://localhost:3025/_next/static/chunks/node_modules_next_dist_1e8vcs8._.js:776
[   21521ms] [LOG] [Fast Refresh] done in 3ms @ http://localhost:3025/_next/static/chunks/node_modules_next_dist_1e8vcs8._.js:776
[   21570ms] [LOG] [Fast Refresh] done in 3ms @ http://localhost:3025/_next/static/chunks/node_modules_next_dist_1e8vcs8._.js:776
[   21617ms] [LOG] [Fast Refresh] done in 3ms @ http://localhost:3025/_next/static/chunks/node_modules_next_dist_1e8vcs8._.js:776
[   21665ms] [LOG] [Fast Refresh] done in 3ms @ http://localhost:3025/_next/static/chunks/node_modules_next_dist_1e8vcs8._.js:776
[   21713ms] [LOG] [Fast Refresh] done in 3ms @ http://localhost:3025/_next/static/chunks/node_modules_next_dist_1e8vcs8._.js:776
[   21761ms] [LOG] [Fast Refresh] done in 3ms @ http://localhost:3025/_next/static/chunks/node_modules_next_dist_1e8vcs8._.js:776
[   21804ms] [LOG] [Fast Refresh] done in 3ms @ http://localhost:3025/_next/static/chunks/node_modules_next_dist_1e8vcs8._.js:776
[   21851ms] [LOG] [Fast Refresh] done in 3ms @ http://localhost:3025/_next/static/chunks/node_modules_next_dist_1e8vcs8._.js:776
[   21899ms] [LOG] [Fast Refresh] done in 3ms @ http://localhost:3025/_next/static/chunks/node_modules_next_dist_1e8vcs8._.js:776
[   21946ms] [LOG] [Fast Refresh] done in 3ms @ http://localhost:3025/_next/static/chunks/node_modules_next_dist_1e8vcs8._.js:776
[   21996ms] [LOG] [Fast Refresh] done in 3ms @ http://localhost:3025/_next/static/chunks/node_modules_next_dist_1e8vcs8._.js:776
[   22045ms] [LOG] [Fast Refresh] done in 3ms @ http://localhost:3025/_next/static/chunks/node_modules_next_dist_1e8vcs8._.js:776
[   22094ms] [LOG] [Fast Refresh] done in 3ms @ http://localhost:3025/_next/static/chunks/node_modules_next_dist_1e8vcs8._.js:776
[   22143ms] [LOG] [Fast Refresh] done in 3ms @ http://localhost:3025/_next/static/chunks/node_modules_next_dist_1e8vcs8._.js:776
[   22192ms] [LOG] [Fast Refresh] done in 3ms @ http://localhost:3025/_next/static/chunks/node_modules_next_dist_1e8vcs8._.js:776
[   22242ms] [LOG] [Fast Refresh] done in 3ms @ http://localhost:3025/_next/static/chunks/node_modules_next_dist_1e8vcs8._.js:776
[   22291ms] [LOG] [Fast Refresh] done in 3ms @ http://localhost:3025/_next/static/chunks/node_modules_next_dist_1e8vcs8._.js:776
[   22340ms] [LOG] [Fast Refresh] done in 3ms @ http://localhost:3025/_next/static/chunks/node_modules_next_dist_1e8vcs8._.js:776
[   22387ms] [LOG] [Fast Refresh] done in 3ms @ http://localhost:3025/_next/static/chunks/node_modules_next_dist_1e8vcs8._.js:776
[   22434ms] [LOG] [Fast Refresh] done in 3ms @ http://localhost:3025/_next/static/chunks/node_modules_next_dist_1e8vcs8._.js:776
[   22480ms] [LOG] [Fast Refresh] done in 3ms @ http://localhost:3025/_next/static/chunks/node_modules_next_dist_1e8vcs8._.js:776
[   22528ms] [LOG] [Fast Refresh] done in 3ms @ http://localhost:3025/_next/static/chunks/node_modules_next_dist_1e8vcs8._.js:776
[   22575ms] [LOG] [Fast Refresh] done in 3ms @ http://localhost:3025/_next/static/chunks/node_modules_next_dist_1e8vcs8._.js:776
[   22624ms] [LOG] [Fast Refresh] done in 3ms @ http://localhost:3025/_next/static/chunks/node_modules_next_dist_1e8vcs8._.js:776
[   22672ms] [LOG] [Fast Refresh] done in 3ms @ http://localhost:3025/_next/static/chunks/node_modules_next_dist_1e8vcs8._.js:776
[   22719ms] [LOG] [Fast Refresh] done in 3ms @ http://localhost:3025/_next/static/chunks/node_modules_next_dist_1e8vcs8._.js:776
[   22766ms] [LOG] [Fast Refresh] done in 3ms @ http://localhost:3025/_next/static/chunks/node_modules_next_dist_1e8vcs8._.js:776
[   22812ms] [LOG] [Fast Refresh] done in 3ms @ http://localhost:3025/_next/static/chunks/node_modules_next_dist_1e8vcs8._.js:776
[   22859ms] [LOG] [Fast Refresh] done in 3ms @ http://localhost:3025/_next/static/chunks/node_modules_next_dist_1e8vcs8._.js:776
[   22906ms] [LOG] [Fast Refresh] done in 3ms @ http://localhost:3025/_next/static/chunks/node_modules_next_dist_1e8vcs8._.js:776
[   22953ms] [LOG] [Fast Refresh] done in 3ms @ http://localhost:3025/_next/static/chunks/node_modules_next_dist_1e8vcs8._.js:776
[   23000ms] [LOG] [Fast Refresh] done in 3ms @ http://localhost:3025/_next/static/chunks/node_modules_next_dist_1e8vcs8._.js:776
[   23050ms] [LOG] [Fast Refresh] done in 3ms @ http://localhost:3025/_next/static/chunks/node_modules_next_dist_1e8vcs8._.js:776
[   23098ms] [LOG] [Fast Refresh] done in 3ms @ http://localhost:3025/_next/static/chunks/node_modules_next_dist_1e8vcs8._.js:776
[   23147ms] [LOG] [Fast Refresh] done in 3ms @ http://localhost:3025/_next/static/chunks/node_modules_next_dist_1e8vcs8._.js:776
[   23196ms] [LOG] [Fast Refresh] done in 3ms @ http://localhost:3025/_next/static/chunks/node_modules_next_dist_1e8vcs8._.js:776
[   23243ms] [LOG] [Fast Refresh] done in 3ms @ http://localhost:3025/_next/static/chunks/node_modules_next_dist_1e8vcs8._.js:776
[   23289ms] [LOG] [Fast Refresh] done in 3ms @ http://localhost:3025/_next/static/chunks/node_modules_next_dist_1e8vcs8._.js:776
[   23335ms] [LOG] [Fast Refresh] done in 3ms @ http://localhost:3025/_next/static/chunks/node_modules_next_dist_1e8vcs8._.js:776
[   23382ms] [LOG] [Fast Refresh] done in 3ms @ http://localhost:3025/_next/static/chunks/node_modules_next_dist_1e8vcs8._.js:776
[   23428ms] [LOG] [Fast Refresh] done in 3ms @ http://localhost:3025/_next/static/chunks/node_modules_next_dist_1e8vcs8._.js:776
[   23476ms] [LOG] [Fast Refresh] done in 3ms @ http://localhost:3025/_next/static/chunks/node_modules_next_dist_1e8vcs8._.js:776
[   23526ms] [LOG] [Fast Refresh] done in 3ms @ http://localhost:3025/_next/static/chunks/node_modules_next_dist_1e8vcs8._.js:776
[   23573ms] [LOG] [Fast Refresh] done in 3ms @ http://localhost:3025/_next/static/chunks/node_modules_next_dist_1e8vcs8._.js:776
[   23620ms] [LOG] [Fast Refresh] done in 3ms @ http://localhost:3025/_next/static/chunks/node_modules_next_dist_1e8vcs8._.js:776
[   23664ms] [LOG] [Fast Refresh] done in 3ms @ http://localhost:3025/_next/static/chunks/node_modules_next_dist_1e8vcs8._.js:776
[   23711ms] [LOG] [Fast Refresh] done in 3ms @ http://localhost:3025/_next/static/chunks/node_modules_next_dist_1e8vcs8._.js:776
[   23759ms] [LOG] [Fast Refresh] done in 3ms @ http://localhost:3025/_next/static/chunks/node_modules_next_dist_1e8vcs8._.js:776
[   23806ms] [LOG] [Fast Refresh] done in 3ms @ http://localhost:3025/_next/static/chunks/node_modules_next_dist_1e8vcs8._.js:776
[   23853ms] [LOG] [Fast Refresh] done in 3ms @ http://localhost:3025/_next/static/chunks/node_modules_next_dist_1e8vcs8._.js:776
[   23899ms] [LOG] [Fast Refresh] done in 3ms @ http://localhost:3025/_next/static/chunks/node_modules_next_dist_1e8vcs8._.js:776
[   23947ms] [LOG] [Fast Refresh] done in 3ms @ http://localhost:3025/_next/static/chunks/node_modules_next_dist_1e8vcs8._.js:776
[   23995ms] [LOG] [Fast Refresh] done in 3ms @ http://localhost:3025/_next/static/chunks/node_modules_next_dist_1e8vcs8._.js:776
[   24044ms] [LOG] [Fast Refresh] done in 3ms @ http://localhost:3025/_next/static/chunks/node_modules_next_dist_1e8vcs8._.js:776
[   24093ms] [LOG] [Fast Refresh] done in 3ms @ http://localhost:3025/_next/static/chunks/node_modules_next_dist_1e8vcs8._.js:776
[   24143ms] [LOG] [Fast Refresh] done in 3ms @ http://localhost:3025/_next/static/chunks/node_modules_next_dist_1e8vcs8._.js:776
[   24185ms] [LOG] [Fast Refresh] done in 3ms @ http://localhost:3025/_next/static/chunks/node_modules_next_dist_1e8vcs8._.js:776
[   24235ms] [LOG] [Fast Refresh] done in 3ms @ http://localhost:3025/_next/static/chunks/node_modules_next_dist_1e8vcs8._.js:776
[   24283ms] [LOG] [Fast Refresh] done in 3ms @ http://localhost:3025/_next/static/chunks/node_modules_next_dist_1e8vcs8._.js:776
[   24333ms] [LOG] [Fast Refresh] done in 3ms @ http://localhost:3025/_next/static/chunks/node_modules_next_dist_1e8vcs8._.js:776
[   24380ms] [LOG] [Fast Refresh] done in 3ms @ http://localhost:3025/_next/static/chunks/node_modules_next_dist_1e8vcs8._.js:776
[   24429ms] [LOG] [Fast Refresh] done in 3ms @ http://localhost:3025/_next/static/chunks/node_modules_next_dist_1e8vcs8._.js:776
[   24477ms] [LOG] [Fast Refresh] done in 3ms @ http://localhost:3025/_next/static/chunks/node_modules_next_dist_1e8vcs8._.js:776
[   24526ms] [LOG] [Fast Refresh] done in 3ms @ http://localhost:3025/_next/static/chunks/node_modules_next_dist_1e8vcs8._.js:776
[   24575ms] [LOG] [Fast Refresh] done in 3ms @ http://localhost:3025/_next/static/chunks/node_modules_next_dist_1e8vcs8._.js:776
[   24623ms] [LOG] [Fast Refresh] done in 3ms @ http://localhost:3025/_next/static/chunks/node_modules_next_dist_1e8vcs8._.js:776
[   24663ms] [LOG] [Fast Refresh] done in 3ms @ http://localhost:3025/_next/static/chunks/node_modules_next_dist_1e8vcs8._.js:776
[   24710ms] [LOG] [Fast Refresh] done in 3ms @ http://localhost:3025/_next/static/chunks/node_modules_next_dist_1e8vcs8._.js:776
[   24756ms] [LOG] [Fast Refresh] done in 3ms @ http://localhost:3025/_next/static/chunks/node_modules_next_dist_1e8vcs8._.js:776
[   24803ms] [LOG] [Fast Refresh] done in 3ms @ http://localhost:3025/_next/static/chunks/node_modules_next_dist_1e8vcs8._.js:776
[   24851ms] [LOG] [Fast Refresh] done in 3ms @ http://localhost:3025/_next/static/chunks/node_modules_next_dist_1e8vcs8._.js:776
[   24900ms] [LOG] [Fast Refresh] done in 3ms @ http://localhost:3025/_next/static/chunks/node_modules_next_dist_1e8vcs8._.js:776
[   24948ms] [LOG] [Fast Refresh] done in 3ms @ http://localhost:3025/_next/static/chunks/node_modules_next_dist_1e8vcs8._.js:776
[   24996ms] [LOG] [Fast Refresh] done in 3ms @ http://localhost:3025/_next/static/chunks/node_modules_next_dist_1e8vcs8._.js:776
[   25045ms] [LOG] [Fast Refresh] done in 3ms @ http://localhost:3025/_next/static/chunks/node_modules_next_dist_1e8vcs8._.js:776
[   25095ms] [LOG] [Fast Refresh] done in 3ms @ http://localhost:3025/_next/static/chunks/node_modules_next_dist_1e8vcs8._.js:776
[   25143ms] [LOG] [Fast Refresh] done in 3ms @ http://localhost:3025/_next/static/chunks/node_modules_next_dist_1e8vcs8._.js:776
[   25192ms] [LOG] [Fast Refresh] done in 3ms @ http://localhost:3025/_next/static/chunks/node_modules_next_dist_1e8vcs8._.js:776
[   25240ms] [LOG] [Fast Refresh] done in 3ms @ http://localhost:3025/_next/static/chunks/node_modules_next_dist_1e8vcs8._.js:776
[   25289ms] [LOG] [Fast Refresh] done in 3ms @ http://localhost:3025/_next/static/chunks/node_modules_next_dist_1e8vcs8._.js:776
[   25337ms] [LOG] [Fast Refresh] done in 3ms @ http://localhost:3025/_next/static/chunks/node_modules_next_dist_1e8vcs8._.js:776
[   25386ms] [LOG] [Fast Refresh] done in 3ms @ http://localhost:3025/_next/static/chunks/node_modules_next_dist_1e8vcs8._.js:776
[   25434ms] [LOG] [Fast Refresh] done in 3ms @ http://localhost:3025/_next/static/chunks/node_modules_next_dist_1e8vcs8._.js:776
[   25484ms] [LOG] [Fast Refresh] done in 3ms @ http://localhost:3025/_next/static/chunks/node_modules_next_dist_1e8vcs8._.js:776
[   25533ms] [LOG] [Fast Refresh] done in 3ms @ http://localhost:3025/_next/static/chunks/node_modules_next_dist_1e8vcs8._.js:776
[   25581ms] [LOG] [Fast Refresh] done in 3ms @ http://localhost:3025/_next/static/chunks/node_modules_next_dist_1e8vcs8._.js:776
[   25629ms] [LOG] [Fast Refresh] done in 3ms @ http://localhost:3025/_next/static/chunks/node_modules_next_dist_1e8vcs8._.js:776
[   25668ms] [LOG] [Fast Refresh] done in 3ms @ http://localhost:3025/_next/static/chunks/node_modules_next_dist_1e8vcs8._.js:776
[   25733ms] [LOG] [Fast Refresh] done in 3ms @ http://localhost:3025/_next/static/chunks/node_modules_next_dist_1e8vcs8._.js:776
[   25777ms] [LOG] [Fast Refresh] done in 3ms @ http://localhost:3025/_next/static/chunks/node_modules_next_dist_1e8vcs8._.js:776
[   25822ms] [LOG] [Fast Refresh] done in 3ms @ http://localhost:3025/_next/static/chunks/node_modules_next_dist_1e8vcs8._.js:776
[   25868ms] [LOG] [Fast Refresh] done in 3ms @ http://localhost:3025/_next/static/chunks/node_modules_next_dist_1e8vcs8._.js:776
[   25914ms] [LOG] [Fast Refresh] done in 3ms @ http://localhost:3025/_next/static/chunks/node_modules_next_dist_1e8vcs8._.js:776
[   25961ms] [LOG] [Fast Refresh] done in 3ms @ http://localhost:3025/_next/static/chunks/node_modules_next_dist_1e8vcs8._.js:776
[   26009ms] [LOG] [Fast Refresh] done in 3ms @ http://localhost:3025/_next/static/chunks/node_modules_next_dist_1e8vcs8._.js:776
[   26059ms] [LOG] [Fast Refresh] done in 3ms @ http://localhost:3025/_next/static/chunks/node_modules_next_dist_1e8vcs8._.js:776
[   26105ms] [LOG] [Fast Refresh] done in 3ms @ http://localhost:3025/_next/static/chunks/node_modules_next_dist_1e8vcs8._.js:776
[   26151ms] [LOG] [Fast Refresh] done in 3ms @ http://localhost:3025/_next/static/chunks/node_modules_next_dist_1e8vcs8._.js:776
[   26197ms] [LOG] [Fast Refresh] done in 3ms @ http://localhost:3025/_next/static/chunks/node_modules_next_dist_1e8vcs8._.js:776
[   26244ms] [LOG] [Fast Refresh] done in 3ms @ http://localhost:3025/_next/static/chunks/node_modules_next_dist_1e8vcs8._.js:776
[   26291ms] [LOG] [Fast Refresh] done in 3ms @ http://localhost:3025/_next/static/chunks/node_modules_next_dist_1e8vcs8._.js:776
[   26339ms] [LOG] [Fast Refresh] done in 3ms @ http://localhost:3025/_next/static/chunks/node_modules_next_dist_1e8vcs8._.js:776
[   26388ms] [LOG] [Fast Refresh] done in 3ms @ http://localhost:3025/_next/static/chunks/node_modules_next_dist_1e8vcs8._.js:776
[   26436ms] [LOG] [Fast Refresh] done in 3ms @ http://localhost:3025/_next/static/chunks/node_modules_next_dist_1e8vcs8._.js:776
[   26485ms] [LOG] [Fast Refresh] done in 3ms @ http://localhost:3025/_next/static/chunks/node_modules_next_dist_1e8vcs8._.js:776
[   26532ms] [LOG] [Fast Refresh] done in 3ms @ http://localhost:3025/_next/static/chunks/node_modules_next_dist_1e8vcs8._.js:776
[   26581ms] [LOG] [Fast Refresh] done in 3ms @ http://localhost:3025/_next/static/chunks/node_modules_next_dist_1e8vcs8._.js:776
[   26622ms] [LOG] [Fast Refresh] done in 3ms @ http://localhost:3025/_next/static/chunks/node_modules_next_dist_1e8vcs8._.js:776
[   26668ms] [LOG] [Fast Refresh] done in 3ms @ http://localhost:3025/_next/static/chunks/node_modules_next_dist_1e8vcs8._.js:776
[   26714ms] [LOG] [Fast Refresh] done in 3ms @ http://localhost:3025/_next/static/chunks/node_modules_next_dist_1e8vcs8._.js:776
[   26762ms] [LOG] [Fast Refresh] done in 3ms @ http://localhost:3025/_next/static/chunks/node_modules_next_dist_1e8vcs8._.js:776
[   26808ms] [LOG] [Fast Refresh] done in 3ms @ http://localhost:3025/_next/static/chunks/node_modules_next_dist_1e8vcs8._.js:776
[   26854ms] [LOG] [Fast Refresh] done in 3ms @ http://localhost:3025/_next/static/chunks/node_modules_next_dist_1e8vcs8._.js:776
[   26901ms] [LOG] [Fast Refresh] done in 3ms @ http://localhost:3025/_next/static/chunks/node_modules_next_dist_1e8vcs8._.js:776
[   26949ms] [LOG] [Fast Refresh] done in 3ms @ http://localhost:3025/_next/static/chunks/node_modules_next_dist_1e8vcs8._.js:776
[   26997ms] [LOG] [Fast Refresh] done in 3ms @ http://localhost:3025/_next/static/chunks/node_modules_next_dist_1e8vcs8._.js:776
[   27045ms] [LOG] [Fast Refresh] done in 3ms @ http://localhost:3025/_next/static/chunks/node_modules_next_dist_1e8vcs8._.js:776
[   27093ms] [LOG] [Fast Refresh] done in 3ms @ http://localhost:3025/_next/static/chunks/node_modules_next_dist_1e8vcs8._.js:776
[   27141ms] [LOG] [Fast Refresh] done in 3ms @ http://localhost:3025/_next/static/chunks/node_modules_next_dist_1e8vcs8._.js:776
[   27189ms] [LOG] [Fast Refresh] done in 3ms @ http://localhost:3025/_next/static/chunks/node_modules_next_dist_1e8vcs8._.js:776
[   27239ms] [LOG] [Fast Refresh] done in 3ms @ http://localhost:3025/_next/static/chunks/node_modules_next_dist_1e8vcs8._.js:776
[   27289ms] [LOG] [Fast Refresh] done in 3ms @ http://localhost:3025/_next/static/chunks/node_modules_next_dist_1e8vcs8._.js:776
[   27339ms] [LOG] [Fast Refresh] done in 3ms @ http://localhost:3025/_next/static/chunks/node_modules_next_dist_1e8vcs8._.js:776
[   27388ms] [LOG] [Fast Refresh] done in 3ms @ http://localhost:3025/_next/static/chunks/node_modules_next_dist_1e8vcs8._.js:776
[   27439ms] [LOG] [Fast Refresh] done in 3ms @ http://localhost:3025/_next/static/chunks/node_modules_next_dist_1e8vcs8._.js:776
[   27488ms] [LOG] [Fast Refresh] done in 3ms @ http://localhost:3025/_next/static/chunks/node_modules_next_dist_1e8vcs8._.js:776
[   27538ms] [LOG] [Fast Refresh] done in 3ms @ http://localhost:3025/_next/static/chunks/node_modules_next_dist_1e8vcs8._.js:776
[   27584ms] [LOG] [Fast Refresh] done in 3ms @ http://localhost:3025/_next/static/chunks/node_modules_next_dist_1e8vcs8._.js:776
[   27631ms] [LOG] [Fast Refresh] done in 3ms @ http://localhost:3025/_next/static/chunks/node_modules_next_dist_1e8vcs8._.js:776
[   27680ms] [LOG] [Fast Refresh] done in 3ms @ http://localhost:3025/_next/static/chunks/node_modules_next_dist_1e8vcs8._.js:776
[   27726ms] [LOG] [Fast Refresh] done in 3ms @ http://localhost:3025/_next/static/chunks/node_modules_next_dist_1e8vcs8._.js:776
[   27772ms] [LOG] [Fast Refresh] done in 3ms @ http://localhost:3025/_next/static/chunks/node_modules_next_dist_1e8vcs8._.js:776
[   27819ms] [LOG] [Fast Refresh] done in 3ms @ http://localhost:3025/_next/static/chunks/node_modules_next_dist_1e8vcs8._.js:776
[   27867ms] [LOG] [Fast Refresh] done in 3ms @ http://localhost:3025/_next/static/chunks/node_modules_next_dist_1e8vcs8._.js:776
[   27913ms] [LOG] [Fast Refresh] done in 3ms @ http://localhost:3025/_next/static/chunks/node_modules_next_dist_1e8vcs8._.js:776
[   27959ms] [LOG] [Fast Refresh] done in 3ms @ http://localhost:3025/_next/static/chunks/node_modules_next_dist_1e8vcs8._.js:776
[   28007ms] [LOG] [Fast Refresh] done in 3ms @ http://localhost:3025/_next/static/chunks/node_modules_next_dist_1e8vcs8._.js:776
[   28056ms] [LOG] [Fast Refresh] done in 3ms @ http://localhost:3025/_next/static/chunks/node_modules_next_dist_1e8vcs8._.js:776
[   28105ms] [LOG] [Fast Refresh] done in 3ms @ http://localhost:3025/_next/static/chunks/node_modules_next_dist_1e8vcs8._.js:776
[   28154ms] [LOG] [Fast Refresh] done in 3ms @ http://localhost:3025/_next/static/chunks/node_modules_next_dist_1e8vcs8._.js:776
[   28203ms] [LOG] [Fast Refresh] done in 3ms @ http://localhost:3025/_next/static/chunks/node_modules_next_dist_1e8vcs8._.js:776
[   28253ms] [LOG] [Fast Refresh] done in 3ms @ http://localhost:3025/_next/static/chunks/node_modules_next_dist_1e8vcs8._.js:776
[   28302ms] [LOG] [Fast Refresh] done in 3ms @ http://localhost:3025/_next/static/chunks/node_modules_next_dist_1e8vcs8._.js:776
[   28351ms] [LOG] [Fast Refresh] done in 3ms @ http://localhost:3025/_next/static/chunks/node_modules_next_dist_1e8vcs8._.js:776
[   28400ms] [LOG] [Fast Refresh] done in 3ms @ http://localhost:3025/_next/static/chunks/node_modules_next_dist_1e8vcs8._.js:776
[   28448ms] [LOG] [Fast Refresh] done in 3ms @ http://localhost:3025/_next/static/chunks/node_modules_next_dist_1e8vcs8._.js:776
[   28495ms] [LOG] [Fast Refresh] done in 3ms @ http://localhost:3025/_next/static/chunks/node_modules_next_dist_1e8vcs8._.js:776
[   28544ms] [LOG] [Fast Refresh] done in 3ms @ http://localhost:3025/_next/static/chunks/node_modules_next_dist_1e8vcs8._.js:776
[   28592ms] [LOG] [Fast Refresh] done in 3ms @ http://localhost:3025/_next/static/chunks/node_modules_next_dist_1e8vcs8._.js:776
[   28639ms] [LOG] [Fast Refresh] done in 3ms @ http://localhost:3025/_next/static/chunks/node_modules_next_dist_1e8vcs8._.js:776
[   28685ms] [LOG] [Fast Refresh] done in 3ms @ http://localhost:3025/_next/static/chunks/node_modules_next_dist_1e8vcs8._.js:776
[   28727ms] [LOG] [Fast Refresh] done in 3ms @ http://localhost:3025/_next/static/chunks/node_modules_next_dist_1e8vcs8._.js:776
[   28775ms] [LOG] [Fast Refresh] done in 3ms @ http://localhost:3025/_next/static/chunks/node_modules_next_dist_1e8vcs8._.js:776
[   28824ms] [LOG] [Fast Refresh] done in 3ms @ http://localhost:3025/_next/static/chunks/node_modules_next_dist_1e8vcs8._.js:776
[   28873ms] [LOG] [Fast Refresh] done in 3ms @ http://localhost:3025/_next/static/chunks/node_modules_next_dist_1e8vcs8._.js:776
[   28922ms] [LOG] [Fast Refresh] done in 3ms @ http://localhost:3025/_next/static/chunks/node_modules_next_dist_1e8vcs8._.js:776
[   28971ms] [LOG] [Fast Refresh] done in 3ms @ http://localhost:3025/_next/static/chunks/node_modules_next_dist_1e8vcs8._.js:776
[   29021ms] [LOG] [Fast Refresh] done in 3ms @ http://localhost:3025/_next/static/chunks/node_modules_next_dist_1e8vcs8._.js:776
[   29070ms] [LOG] [Fast Refresh] done in 3ms @ http://localhost:3025/_next/static/chunks/node_modules_next_dist_1e8vcs8._.js:776
[   29119ms] [LOG] [Fast Refresh] done in 3ms @ http://localhost:3025/_next/static/chunks/node_modules_next_dist_1e8vcs8._.js:776
[   29168ms] [LOG] [Fast Refresh] done in 3ms @ http://localhost:3025/_next/static/chunks/node_modules_next_dist_1e8vcs8._.js:776
[   29214ms] [LOG] [Fast Refresh] done in 3ms @ http://localhost:3025/_next/static/chunks/node_modules_next_dist_1e8vcs8._.js:776
[   29256ms] [LOG] [Fast Refresh] done in 3ms @ http://localhost:3025/_next/static/chunks/node_modules_next_dist_1e8vcs8._.js:776
[   29292ms] [LOG] [Fast Refresh] done in 3ms @ http://localhost:3025/_next/static/chunks/node_modules_next_dist_1e8vcs8._.js:776
[   29340ms] [LOG] [Fast Refresh] done in 3ms @ http://localhost:3025/_next/static/chunks/node_modules_next_dist_1e8vcs8._.js:776
[   29386ms] [LOG] [Fast Refresh] done in 3ms @ http://localhost:3025/_next/static/chunks/node_modules_next_dist_1e8vcs8._.js:776
[   29434ms] [LOG] [Fast Refresh] done in 3ms @ http://localhost:3025/_next/static/chunks/node_modules_next_dist_1e8vcs8._.js:776
[   29482ms] [LOG] [Fast Refresh] done in 3ms @ http://localhost:3025/_next/static/chunks/node_modules_next_dist_1e8vcs8._.js:776
[   29528ms] [LOG] [Fast Refresh] done in 3ms @ http://localhost:3025/_next/static/chunks/node_modules_next_dist_1e8vcs8._.js:776
[   29574ms] [LOG] [Fast Refresh] done in 3ms @ http://localhost:3025/_next/static/chunks/node_modules_next_dist_1e8vcs8._.js:776
[   29622ms] [LOG] [Fast Refresh] done in 3ms @ http://localhost:3025/_next/static/chunks/node_modules_next_dist_1e8vcs8._.js:776
[   29670ms] [LOG] [Fast Refresh] done in 3ms @ http://localhost:3025/_next/static/chunks/node_modules_next_dist_1e8vcs8._.js:776
[   29718ms] [LOG] [Fast Refresh] done in 3ms @ http://localhost:3025/_next/static/chunks/node_modules_next_dist_1e8vcs8._.js:776
[   29766ms] [LOG] [Fast Refresh] done in 3ms @ http://localhost:3025/_next/static/chunks/node_modules_next_dist_1e8vcs8._.js:776
[   29813ms] [LOG] [Fast Refresh] done in 3ms @ http://localhost:3025/_next/static/chunks/node_modules_next_dist_1e8vcs8._.js:776
[   29861ms] [LOG] [Fast Refresh] done in 3ms @ http://localhost:3025/_next/static/chunks/node_modules_next_dist_1e8vcs8._.js:776
[   29909ms] [LOG] [Fast Refresh] done in 3ms @ http://localhost:3025/_next/static/chunks/node_modules_next_dist_1e8vcs8._.js:776
[   29955ms] [LOG] [Fast Refresh] done in 3ms @ http://localhost:3025/_next/static/chunks/node_modules_next_dist_1e8vcs8._.js:776
[   30002ms] [LOG] [Fast Refresh] done in 3ms @ http://localhost:3025/_next/static/chunks/node_modules_next_dist_1e8vcs8._.js:776
[   30048ms] [LOG] [Fast Refresh] done in 3ms @ http://localhost:3025/_next/static/chunks/node_modules_next_dist_1e8vcs8._.js:776
[   30096ms] [LOG] [Fast Refresh] done in 3ms @ http://localhost:3025/_next/static/chunks/node_modules_next_dist_1e8vcs8._.js:776
[   30142ms] [LOG] [Fast Refresh] done in 3ms @ http://localhost:3025/_next/static/chunks/node_modules_next_dist_1e8vcs8._.js:776
[   30183ms] [LOG] [Fast Refresh] done in 3ms @ http://localhost:3025/_next/static/chunks/node_modules_next_dist_1e8vcs8._.js:776
[   30231ms] [LOG] [Fast Refresh] done in 3ms @ http://localhost:3025/_next/static/chunks/node_modules_next_dist_1e8vcs8._.js:776
[   30278ms] [LOG] [Fast Refresh] done in 3ms @ http://localhost:3025/_next/static/chunks/node_modules_next_dist_1e8vcs8._.js:776
[   30325ms] [LOG] [Fast Refresh] done in 3ms @ http://localhost:3025/_next/static/chunks/node_modules_next_dist_1e8vcs8._.js:776
[   30370ms] [LOG] [Fast Refresh] done in 3ms @ http://localhost:3025/_next/static/chunks/node_modules_next_dist_1e8vcs8._.js:776
[   30416ms] [LOG] [Fast Refresh] done in 3ms @ http://localhost:3025/_next/static/chunks/node_modules_next_dist_1e8vcs8._.js:776
[   30462ms] [LOG] [Fast Refresh] done in 3ms @ http://localhost:3025/_next/static/chunks/node_modules_next_dist_1e8vcs8._.js:776
[   30507ms] [LOG] [Fast Refresh] done in 3ms @ http://localhost:3025/_next/static/chunks/node_modules_next_dist_1e8vcs8._.js:776
[   30553ms] [LOG] [Fast Refresh] done in 3ms @ http://localhost:3025/_next/static/chunks/node_modules_next_dist_1e8vcs8._.js:776
[   30599ms] [LOG] [Fast Refresh] done in 3ms @ http://localhost:3025/_next/static/chunks/node_modules_next_dist_1e8vcs8._.js:776
[   30645ms] [LOG] [Fast Refresh] done in 3ms @ http://localhost:3025/_next/static/chunks/node_modules_next_dist_1e8vcs8._.js:776
[   30694ms] [LOG] [Fast Refresh] done in 3ms @ http://localhost:3025/_next/static/chunks/node_modules_next_dist_1e8vcs8._.js:776
[   30735ms] [LOG] [Fast Refresh] done in 3ms @ http://localhost:3025/_next/static/chunks/node_modules_next_dist_1e8vcs8._.js:776
[   30781ms] [LOG] [Fast Refresh] done in 3ms @ http://localhost:3025/_next/static/chunks/node_modules_next_dist_1e8vcs8._.js:776
[   30826ms] [LOG] [Fast Refresh] done in 3ms @ http://localhost:3025/_next/static/chunks/node_modules_next_dist_1e8vcs8._.js:776
[   30871ms] [LOG] [Fast Refresh] done in 3ms @ http://localhost:3025/_next/static/chunks/node_modules_next_dist_1e8vcs8._.js:776
[   30918ms] [LOG] [Fast Refresh] done in 3ms @ http://localhost:3025/_next/static/chunks/node_modules_next_dist_1e8vcs8._.js:776
[   30964ms] [LOG] [Fast Refresh] done in 3ms @ http://localhost:3025/_next/static/chunks/node_modules_next_dist_1e8vcs8._.js:776
[   31011ms] [LOG] [Fast Refresh] done in 3ms @ http://localhost:3025/_next/static/chunks/node_modules_next_dist_1e8vcs8._.js:776
[   31059ms] [LOG] [Fast Refresh] done in 3ms @ http://localhost:3025/_next/static/chunks/node_modules_next_dist_1e8vcs8._.js:776
[   31108ms] [LOG] [Fast Refresh] done in 3ms @ http://localhost:3025/_next/static/chunks/node_modules_next_dist_1e8vcs8._.js:776
[   31154ms] [LOG] [Fast Refresh] done in 3ms @ http://localhost:3025/_next/static/chunks/node_modules_next_dist_1e8vcs8._.js:776
[   31201ms] [LOG] [Fast Refresh] done in 3ms @ http://localhost:3025/_next/static/chunks/node_modules_next_dist_1e8vcs8._.js:776
[   31247ms] [LOG] [Fast Refresh] done in 3ms @ http://localhost:3025/_next/static/chunks/node_modules_next_dist_1e8vcs8._.js:776
[   31295ms] [LOG] [Fast Refresh] done in 3ms @ http://localhost:3025/_next/static/chunks/node_modules_next_dist_1e8vcs8._.js:776
[   31342ms] [LOG] [Fast Refresh] done in 3ms @ http://localhost:3025/_next/static/chunks/node_modules_next_dist_1e8vcs8._.js:776
[   31391ms] [LOG] [Fast Refresh] done in 3ms @ http://localhost:3025/_next/static/chunks/node_modules_next_dist_1e8vcs8._.js:776
[   31438ms] [LOG] [Fast Refresh] done in 3ms @ http://localhost:3025/_next/static/chunks/node_modules_next_dist_1e8vcs8._.js:776
[   31484ms] [LOG] [Fast Refresh] done in 3ms @ http://localhost:3025/_next/static/chunks/node_modules_next_dist_1e8vcs8._.js:776
[   31532ms] [LOG] [Fast Refresh] done in 3ms @ http://localhost:3025/_next/static/chunks/node_modules_next_dist_1e8vcs8._.js:776
[   31580ms] [LOG] [Fast Refresh] done in 3ms @ http://localhost:3025/_next/static/chunks/node_modules_next_dist_1e8vcs8._.js:776
[   31629ms] [LOG] [Fast Refresh] done in 3ms @ http://localhost:3025/_next/static/chunks/node_modules_next_dist_1e8vcs8._.js:776
[   31678ms] [LOG] [Fast Refresh] done in 3ms @ http://localhost:3025/_next/static/chunks/node_modules_next_dist_1e8vcs8._.js:776
[   31726ms] [LOG] [Fast Refresh] done in 3ms @ http://localhost:3025/_next/static/chunks/node_modules_next_dist_1e8vcs8._.js:776
[   31776ms] [LOG] [Fast Refresh] done in 3ms @ http://localhost:3025/_next/static/chunks/node_modules_next_dist_1e8vcs8._.js:776
[   31825ms] [LOG] [Fast Refresh] done in 3ms @ http://localhost:3025/_next/static/chunks/node_modules_next_dist_1e8vcs8._.js:776
[   31875ms] [LOG] [Fast Refresh] done in 3ms @ http://localhost:3025/_next/static/chunks/node_modules_next_dist_1e8vcs8._.js:776
[   31923ms] [LOG] [Fast Refresh] done in 3ms @ http://localhost:3025/_next/static/chunks/node_modules_next_dist_1e8vcs8._.js:776
[   31971ms] [LOG] [Fast Refresh] done in 3ms @ http://localhost:3025/_next/static/chunks/node_modules_next_dist_1e8vcs8._.js:776
[   32020ms] [LOG] [Fast Refresh] done in 3ms @ http://localhost:3025/_next/static/chunks/node_modules_next_dist_1e8vcs8._.js:776
[   32067ms] [LOG] [Fast Refresh] done in 3ms @ http://localhost:3025/_next/static/chunks/node_modules_next_dist_1e8vcs8._.js:776
[   32115ms] [LOG] [Fast Refresh] done in 3ms @ http://localhost:3025/_next/static/chunks/node_modules_next_dist_1e8vcs8._.js:776
[   32163ms] [LOG] [Fast Refresh] done in 3ms @ http://localhost:3025/_next/static/chunks/node_modules_next_dist_1e8vcs8._.js:776
[   32212ms] [LOG] [Fast Refresh] done in 3ms @ http://localhost:3025/_next/static/chunks/node_modules_next_dist_1e8vcs8._.js:776
[   32260ms] [LOG] [Fast Refresh] done in 3ms @ http://localhost:3025/_next/static/chunks/node_modules_next_dist_1e8vcs8._.js:776
[   32306ms] [LOG] [Fast Refresh] done in 3ms @ http://localhost:3025/_next/static/chunks/node_modules_next_dist_1e8vcs8._.js:776
[   32354ms] [LOG] [Fast Refresh] done in 3ms @ http://localhost:3025/_next/static/chunks/node_modules_next_dist_1e8vcs8._.js:776
[   32401ms] [LOG] [Fast Refresh] done in 3ms @ http://localhost:3025/_next/static/chunks/node_modules_next_dist_1e8vcs8._.js:776
[   32447ms] [LOG] [Fast Refresh] done in 3ms @ http://localhost:3025/_next/static/chunks/node_modules_next_dist_1e8vcs8._.js:776
[   32493ms] [LOG] [Fast Refresh] done in 3ms @ http://localhost:3025/_next/static/chunks/node_modules_next_dist_1e8vcs8._.js:776
[   32540ms] [LOG] [Fast Refresh] done in 3ms @ http://localhost:3025/_next/static/chunks/node_modules_next_dist_1e8vcs8._.js:776
[   32587ms] [LOG] [Fast Refresh] done in 3ms @ http://localhost:3025/_next/static/chunks/node_modules_next_dist_1e8vcs8._.js:776
[   32634ms] [LOG] [Fast Refresh] done in 3ms @ http://localhost:3025/_next/static/chunks/node_modules_next_dist_1e8vcs8._.js:776
[   32683ms] [LOG] [Fast Refresh] done in 3ms @ http://localhost:3025/_next/static/chunks/node_modules_next_dist_1e8vcs8._.js:776
[   32734ms] [LOG] [Fast Refresh] done in 3ms @ http://localhost:3025/_next/static/chunks/node_modules_next_dist_1e8vcs8._.js:776
[   32784ms] [LOG] [Fast Refresh] done in 3ms @ http://localhost:3025/_next/static/chunks/node_modules_next_dist_1e8vcs8._.js:776
[   32833ms] [LOG] [Fast Refresh] done in 3ms @ http://localhost:3025/_next/static/chunks/node_modules_next_dist_1e8vcs8._.js:776
[   32882ms] [LOG] [Fast Refresh] done in 3ms @ http://localhost:3025/_next/static/chunks/node_modules_next_dist_1e8vcs8._.js:776
[   32931ms] [LOG] [Fast Refresh] done in 3ms @ http://localhost:3025/_next/static/chunks/node_modules_next_dist_1e8vcs8._.js:776
[   32981ms] [LOG] [Fast Refresh] done in 3ms @ http://localhost:3025/_next/static/chunks/node_modules_next_dist_1e8vcs8._.js:776
[   33031ms] [LOG] [Fast Refresh] done in 3ms @ http://localhost:3025/_next/static/chunks/node_modules_next_dist_1e8vcs8._.js:776
[   33079ms] [LOG] [Fast Refresh] done in 3ms @ http://localhost:3025/_next/static/chunks/node_modules_next_dist_1e8vcs8._.js:776
[   33126ms] [LOG] [Fast Refresh] done in 3ms @ http://localhost:3025/_next/static/chunks/node_modules_next_dist_1e8vcs8._.js:776
[   33174ms] [LOG] [Fast Refresh] done in 3ms @ http://localhost:3025/_next/static/chunks/node_modules_next_dist_1e8vcs8._.js:776
[   33221ms] [LOG] [Fast Refresh] done in 3ms @ http://localhost:3025/_next/static/chunks/node_modules_next_dist_1e8vcs8._.js:776
[   33269ms] [LOG] [Fast Refresh] done in 3ms @ http://localhost:3025/_next/static/chunks/node_modules_next_dist_1e8vcs8._.js:776
[   33318ms] [LOG] [Fast Refresh] done in 3ms @ http://localhost:3025/_next/static/chunks/node_modules_next_dist_1e8vcs8._.js:776
[   33364ms] [LOG] [Fast Refresh] done in 3ms @ http://localhost:3025/_next/static/chunks/node_modules_next_dist_1e8vcs8._.js:776
[   33409ms] [LOG] [Fast Refresh] done in 3ms @ http://localhost:3025/_next/static/chunks/node_modules_next_dist_1e8vcs8._.js:776
[   33456ms] [LOG] [Fast Refresh] done in 3ms @ http://localhost:3025/_next/static/chunks/node_modules_next_dist_1e8vcs8._.js:776
[   33505ms] [LOG] [Fast Refresh] done in 3ms @ http://localhost:3025/_next/static/chunks/node_modules_next_dist_1e8vcs8._.js:776
[   33554ms] [LOG] [Fast Refresh] done in 3ms @ http://localhost:3025/_next/static/chunks/node_modules_next_dist_1e8vcs8._.js:776
[   33604ms] [LOG] [Fast Refresh] done in 3ms @ http://localhost:3025/_next/static/chunks/node_modules_next_dist_1e8vcs8._.js:776
[   33652ms] [LOG] [Fast Refresh] done in 3ms @ http://localhost:3025/_next/static/chunks/node_modules_next_dist_1e8vcs8._.js:776
[   33701ms] [LOG] [Fast Refresh] done in 3ms @ http://localhost:3025/_next/static/chunks/node_modules_next_dist_1e8vcs8._.js:776
[   33750ms] [LOG] [Fast Refresh] done in 3ms @ http://localhost:3025/_next/static/chunks/node_modules_next_dist_1e8vcs8._.js:776
[   33800ms] [LOG] [Fast Refresh] done in 3ms @ http://localhost:3025/_next/static/chunks/node_modules_next_dist_1e8vcs8._.js:776
[   33850ms] [LOG] [Fast Refresh] done in 3ms @ http://localhost:3025/_next/static/chunks/node_modules_next_dist_1e8vcs8._.js:776
[   33900ms] [LOG] [Fast Refresh] done in 3ms @ http://localhost:3025/_next/static/chunks/node_modules_next_dist_1e8vcs8._.js:776
[   33947ms] [LOG] [Fast Refresh] done in 3ms @ http://localhost:3025/_next/static/chunks/node_modules_next_dist_1e8vcs8._.js:776
[   33997ms] [LOG] [Fast Refresh] done in 3ms @ http://localhost:3025/_next/static/chunks/node_modules_next_dist_1e8vcs8._.js:776
[   34047ms] [LOG] [Fast Refresh] done in 3ms @ http://localhost:3025/_next/static/chunks/node_modules_next_dist_1e8vcs8._.js:776
[   34095ms] [LOG] [Fast Refresh] done in 3ms @ http://localhost:3025/_next/static/chunks/node_modules_next_dist_1e8vcs8._.js:776
[   34143ms] [LOG] [Fast Refresh] done in 3ms @ http://localhost:3025/_next/static/chunks/node_modules_next_dist_1e8vcs8._.js:776
[   34192ms] [LOG] [Fast Refresh] done in 3ms @ http://localhost:3025/_next/static/chunks/node_modules_next_dist_1e8vcs8._.js:776
[   34241ms] [LOG] [Fast Refresh] done in 3ms @ http://localhost:3025/_next/static/chunks/node_modules_next_dist_1e8vcs8._.js:776
[   34289ms] [LOG] [Fast Refresh] done in 3ms @ http://localhost:3025/_next/static/chunks/node_modules_next_dist_1e8vcs8._.js:776
[   34328ms] [LOG] [Fast Refresh] done in 3ms @ http://localhost:3025/_next/static/chunks/node_modules_next_dist_1e8vcs8._.js:776
[   34375ms] [LOG] [Fast Refresh] done in 3ms @ http://localhost:3025/_next/static/chunks/node_modules_next_dist_1e8vcs8._.js:776
[   34421ms] [LOG] [Fast Refresh] done in 3ms @ http://localhost:3025/_next/static/chunks/node_modules_next_dist_1e8vcs8._.js:776
[   34469ms] [LOG] [Fast Refresh] done in 3ms @ http://localhost:3025/_next/static/chunks/node_modules_next_dist_1e8vcs8._.js:776
[   34518ms] [LOG] [Fast Refresh] done in 3ms @ http://localhost:3025/_next/static/chunks/node_modules_next_dist_1e8vcs8._.js:776
[   34567ms] [LOG] [Fast Refresh] done in 3ms @ http://localhost:3025/_next/static/chunks/node_modules_next_dist_1e8vcs8._.js:776
[   34616ms] [LOG] [Fast Refresh] done in 3ms @ http://localhost:3025/_next/static/chunks/node_modules_next_dist_1e8vcs8._.js:776
[   34666ms] [LOG] [Fast Refresh] done in 3ms @ http://localhost:3025/_next/static/chunks/node_modules_next_dist_1e8vcs8._.js:776
[   34715ms] [LOG] [Fast Refresh] done in 3ms @ http://localhost:3025/_next/static/chunks/node_modules_next_dist_1e8vcs8._.js:776
[   34764ms] [LOG] [Fast Refresh] done in 3ms @ http://localhost:3025/_next/static/chunks/node_modules_next_dist_1e8vcs8._.js:776
[   34813ms] [LOG] [Fast Refresh] done in 3ms @ http://localhost:3025/_next/static/chunks/node_modules_next_dist_1e8vcs8._.js:776
[   34861ms] [LOG] [Fast Refresh] done in 3ms @ http://localhost:3025/_next/static/chunks/node_modules_next_dist_1e8vcs8._.js:776
[   34910ms] [LOG] [Fast Refresh] done in 3ms @ http://localhost:3025/_next/static/chunks/node_modules_next_dist_1e8vcs8._.js:776
[   34959ms] [LOG] [Fast Refresh] done in 3ms @ http://localhost:3025/_next/static/chunks/node_modules_next_dist_1e8vcs8._.js:776
[   35008ms] [LOG] [Fast Refresh] done in 3ms @ http://localhost:3025/_next/static/chunks/node_modules_next_dist_1e8vcs8._.js:776
[   35057ms] [LOG] [Fast Refresh] done in 3ms @ http://localhost:3025/_next/static/chunks/node_modules_next_dist_1e8vcs8._.js:776
[   35106ms] [LOG] [Fast Refresh] done in 3ms @ http://localhost:3025/_next/static/chunks/node_modules_next_dist_1e8vcs8._.js:776
[   35155ms] [LOG] [Fast Refresh] done in 3ms @ http://localhost:3025/_next/static/chunks/node_modules_next_dist_1e8vcs8._.js:776
[   35202ms] [LOG] [Fast Refresh] done in 3ms @ http://localhost:3025/_next/static/chunks/node_modules_next_dist_1e8vcs8._.js:776
[   35248ms] [LOG] [Fast Refresh] done in 3ms @ http://localhost:3025/_next/static/chunks/node_modules_next_dist_1e8vcs8._.js:776
[   35293ms] [LOG] [Fast Refresh] done in 3ms @ http://localhost:3025/_next/static/chunks/node_modules_next_dist_1e8vcs8._.js:776
[   35341ms] [LOG] [Fast Refresh] done in 3ms @ http://localhost:3025/_next/static/chunks/node_modules_next_dist_1e8vcs8._.js:776
[   35388ms] [LOG] [Fast Refresh] done in 3ms @ http://localhost:3025/_next/static/chunks/node_modules_next_dist_1e8vcs8._.js:776
[   35436ms] [LOG] [Fast Refresh] done in 3ms @ http://localhost:3025/_next/static/chunks/node_modules_next_dist_1e8vcs8._.js:776
[   35485ms] [LOG] [Fast Refresh] done in 3ms @ http://localhost:3025/_next/static/chunks/node_modules_next_dist_1e8vcs8._.js:776
[   35533ms] [LOG] [Fast Refresh] done in 3ms @ http://localhost:3025/_next/static/chunks/node_modules_next_dist_1e8vcs8._.js:776
[   35583ms] [LOG] [Fast Refresh] done in 3ms @ http://localhost:3025/_next/static/chunks/node_modules_next_dist_1e8vcs8._.js:776
[   35632ms] [LOG] [Fast Refresh] done in 3ms @ http://localhost:3025/_next/static/chunks/node_modules_next_dist_1e8vcs8._.js:776
[   35681ms] [LOG] [Fast Refresh] done in 3ms @ http://localhost:3025/_next/static/chunks/node_modules_next_dist_1e8vcs8._.js:776
[   35729ms] [LOG] [Fast Refresh] done in 3ms @ http://localhost:3025/_next/static/chunks/node_modules_next_dist_1e8vcs8._.js:776
[   35777ms] [LOG] [Fast Refresh] done in 3ms @ http://localhost:3025/_next/static/chunks/node_modules_next_dist_1e8vcs8._.js:776
[   35824ms] [LOG] [Fast Refresh] done in 3ms @ http://localhost:3025/_next/static/chunks/node_modules_next_dist_1e8vcs8._.js:776
[   35874ms] [LOG] [Fast Refresh] done in 3ms @ http://localhost:3025/_next/static/chunks/node_modules_next_dist_1e8vcs8._.js:776
[   35924ms] [LOG] [Fast Refresh] done in 3ms @ http://localhost:3025/_next/static/chunks/node_modules_next_dist_1e8vcs8._.js:776
[   35973ms] [LOG] [Fast Refresh] done in 3ms @ http://localhost:3025/_next/static/chunks/node_modules_next_dist_1e8vcs8._.js:776
[   36022ms] [LOG] [Fast Refresh] done in 3ms @ http://localhost:3025/_next/static/chunks/node_modules_next_dist_1e8vcs8._.js:776
[   36071ms] [LOG] [Fast Refresh] done in 3ms @ http://localhost:3025/_next/static/chunks/node_modules_next_dist_1e8vcs8._.js:776
[   36121ms] [LOG] [Fast Refresh] done in 3ms @ http://localhost:3025/_next/static/chunks/node_modules_next_dist_1e8vcs8._.js:776
[   36170ms] [LOG] [Fast Refresh] done in 3ms @ http://localhost:3025/_next/static/chunks/node_modules_next_dist_1e8vcs8._.js:776
[   36217ms] [LOG] [Fast Refresh] done in 3ms @ http://localhost:3025/_next/static/chunks/node_modules_next_dist_1e8vcs8._.js:776
[   36262ms] [LOG] [Fast Refresh] done in 3ms @ http://localhost:3025/_next/static/chunks/node_modules_next_dist_1e8vcs8._.js:776
[   36308ms] [LOG] [Fast Refresh] done in 3ms @ http://localhost:3025/_next/static/chunks/node_modules_next_dist_1e8vcs8._.js:776
[   36356ms] [LOG] [Fast Refresh] done in 3ms @ http://localhost:3025/_next/static/chunks/node_modules_next_dist_1e8vcs8._.js:776
[   36403ms] [LOG] [Fast Refresh] done in 3ms @ http://localhost:3025/_next/static/chunks/node_modules_next_dist_1e8vcs8._.js:776
[   36451ms] [LOG] [Fast Refresh] done in 3ms @ http://localhost:3025/_next/static/chunks/node_modules_next_dist_1e8vcs8._.js:776
[   36499ms] [LOG] [Fast Refresh] done in 3ms @ http://localhost:3025/_next/static/chunks/node_modules_next_dist_1e8vcs8._.js:776
[   36548ms] [LOG] [Fast Refresh] done in 3ms @ http://localhost:3025/_next/static/chunks/node_modules_next_dist_1e8vcs8._.js:776
[   36595ms] [LOG] [Fast Refresh] done in 3ms @ http://localhost:3025/_next/static/chunks/node_modules_next_dist_1e8vcs8._.js:776
[   36643ms] [LOG] [Fast Refresh] done in 3ms @ http://localhost:3025/_next/static/chunks/node_modules_next_dist_1e8vcs8._.js:776
[   36692ms] [LOG] [Fast Refresh] done in 3ms @ http://localhost:3025/_next/static/chunks/node_modules_next_dist_1e8vcs8._.js:776
[   36742ms] [LOG] [Fast Refresh] done in 3ms @ http://localhost:3025/_next/static/chunks/node_modules_next_dist_1e8vcs8._.js:776
[   36791ms] [LOG] [Fast Refresh] done in 3ms @ http://localhost:3025/_next/static/chunks/node_modules_next_dist_1e8vcs8._.js:776
[   36841ms] [LOG] [Fast Refresh] done in 3ms @ http://localhost:3025/_next/static/chunks/node_modules_next_dist_1e8vcs8._.js:776
[   36891ms] [LOG] [Fast Refresh] done in 3ms @ http://localhost:3025/_next/static/chunks/node_modules_next_dist_1e8vcs8._.js:776
[   36940ms] [LOG] [Fast Refresh] done in 3ms @ http://localhost:3025/_next/static/chunks/node_modules_next_dist_1e8vcs8._.js:776
[   36989ms] [LOG] [Fast Refresh] done in 3ms @ http://localhost:3025/_next/static/chunks/node_modules_next_dist_1e8vcs8._.js:776
[   37037ms] [LOG] [Fast Refresh] done in 3ms @ http://localhost:3025/_next/static/chunks/node_modules_next_dist_1e8vcs8._.js:776
[   37086ms] [LOG] [Fast Refresh] done in 3ms @ http://localhost:3025/_next/static/chunks/node_modules_next_dist_1e8vcs8._.js:776
[   37135ms] [LOG] [Fast Refresh] done in 3ms @ http://localhost:3025/_next/static/chunks/node_modules_next_dist_1e8vcs8._.js:776
[   37183ms] [LOG] [Fast Refresh] done in 3ms @ http://localhost:3025/_next/static/chunks/node_modules_next_dist_1e8vcs8._.js:776
[   37230ms] [LOG] [Fast Refresh] done in 3ms @ http://localhost:3025/_next/static/chunks/node_modules_next_dist_1e8vcs8._.js:776
[   37277ms] [LOG] [Fast Refresh] done in 3ms @ http://localhost:3025/_next/static/chunks/node_modules_next_dist_1e8vcs8._.js:776
[   37323ms] [LOG] [Fast Refresh] done in 3ms @ http://localhost:3025/_next/static/chunks/node_modules_next_dist_1e8vcs8._.js:776
[   37370ms] [LOG] [Fast Refresh] done in 3ms @ http://localhost:3025/_next/static/chunks/node_modules_next_dist_1e8vcs8._.js:776
[   37417ms] [LOG] [Fast Refresh] done in 3ms @ http://localhost:3025/_next/static/chunks/node_modules_next_dist_1e8vcs8._.js:776
[   37466ms] [LOG] [Fast Refresh] done in 3ms @ http://localhost:3025/_next/static/chunks/node_modules_next_dist_1e8vcs8._.js:776
[   37516ms] [LOG] [Fast Refresh] done in 3ms @ http://localhost:3025/_next/static/chunks/node_modules_next_dist_1e8vcs8._.js:776
[   37564ms] [LOG] [Fast Refresh] done in 3ms @ http://localhost:3025/_next/static/chunks/node_modules_next_dist_1e8vcs8._.js:776
[   37614ms] [LOG] [Fast Refresh] done in 3ms @ http://localhost:3025/_next/static/chunks/node_modules_next_dist_1e8vcs8._.js:776
[   37662ms] [LOG] [Fast Refresh] done in 3ms @ http://localhost:3025/_next/static/chunks/node_modules_next_dist_1e8vcs8._.js:776
[   37711ms] [LOG] [Fast Refresh] done in 3ms @ http://localhost:3025/_next/static/chunks/node_modules_next_dist_1e8vcs8._.js:776
[   37760ms] [LOG] [Fast Refresh] done in 3ms @ http://localhost:3025/_next/static/chunks/node_modules_next_dist_1e8vcs8._.js:776
[   37808ms] [LOG] [Fast Refresh] done in 3ms @ http://localhost:3025/_next/static/chunks/node_modules_next_dist_1e8vcs8._.js:776
[   37855ms] [LOG] [Fast Refresh] done in 3ms @ http://localhost:3025/_next/static/chunks/node_modules_next_dist_1e8vcs8._.js:776
[   37904ms] [LOG] [Fast Refresh] done in 3ms @ http://localhost:3025/_next/static/chunks/node_modules_next_dist_1e8vcs8._.js:776
[   37953ms] [LOG] [Fast Refresh] done in 3ms @ http://localhost:3025/_next/static/chunks/node_modules_next_dist_1e8vcs8._.js:776
[   38000ms] [LOG] [Fast Refresh] done in 3ms @ http://localhost:3025/_next/static/chunks/node_modules_next_dist_1e8vcs8._.js:776
[   38048ms] [LOG] [Fast Refresh] done in 3ms @ http://localhost:3025/_next/static/chunks/node_modules_next_dist_1e8vcs8._.js:776
[   38097ms] [LOG] [Fast Refresh] done in 3ms @ http://localhost:3025/_next/static/chunks/node_modules_next_dist_1e8vcs8._.js:776
[   38145ms] [LOG] [Fast Refresh] done in 3ms @ http://localhost:3025/_next/static/chunks/node_modules_next_dist_1e8vcs8._.js:776
[   38190ms] [LOG] [Fast Refresh] done in 3ms @ http://localhost:3025/_next/static/chunks/node_modules_next_dist_1e8vcs8._.js:776
[   38235ms] [LOG] [Fast Refresh] done in 3ms @ http://localhost:3025/_next/static/chunks/node_modules_next_dist_1e8vcs8._.js:776
[   38283ms] [LOG] [Fast Refresh] done in 3ms @ http://localhost:3025/_next/static/chunks/node_modules_next_dist_1e8vcs8._.js:776
[   38330ms] [LOG] [Fast Refresh] done in 3ms @ http://localhost:3025/_next/static/chunks/node_modules_next_dist_1e8vcs8._.js:776
[   38378ms] [LOG] [Fast Refresh] done in 3ms @ http://localhost:3025/_next/static/chunks/node_modules_next_dist_1e8vcs8._.js:776
[   38427ms] [LOG] [Fast Refresh] done in 3ms @ http://localhost:3025/_next/static/chunks/node_modules_next_dist_1e8vcs8._.js:776
[   38476ms] [LOG] [Fast Refresh] done in 3ms @ http://localhost:3025/_next/static/chunks/node_modules_next_dist_1e8vcs8._.js:776
[   38525ms] [LOG] [Fast Refresh] done in 3ms @ http://localhost:3025/_next/static/chunks/node_modules_next_dist_1e8vcs8._.js:776
[   38574ms] [LOG] [Fast Refresh] done in 3ms @ http://localhost:3025/_next/static/chunks/node_modules_next_dist_1e8vcs8._.js:776
[   38622ms] [LOG] [Fast Refresh] done in 3ms @ http://localhost:3025/_next/static/chunks/node_modules_next_dist_1e8vcs8._.js:776
[   38672ms] [LOG] [Fast Refresh] done in 3ms @ http://localhost:3025/_next/static/chunks/node_modules_next_dist_1e8vcs8._.js:776
[   38720ms] [LOG] [Fast Refresh] done in 3ms @ http://localhost:3025/_next/static/chunks/node_modules_next_dist_1e8vcs8._.js:776
[   38763ms] [LOG] [Fast Refresh] done in 3ms @ http://localhost:3025/_next/static/chunks/node_modules_next_dist_1e8vcs8._.js:776
[   38810ms] [LOG] [Fast Refresh] done in 3ms @ http://localhost:3025/_next/static/chunks/node_modules_next_dist_1e8vcs8._.js:776
[   38859ms] [LOG] [Fast Refresh] done in 3ms @ http://localhost:3025/_next/static/chunks/node_modules_next_dist_1e8vcs8._.js:776
[   38908ms] [LOG] [Fast Refresh] done in 3ms @ http://localhost:3025/_next/static/chunks/node_modules_next_dist_1e8vcs8._.js:776
[   38957ms] [LOG] [Fast Refresh] done in 3ms @ http://localhost:3025/_next/static/chunks/node_modules_next_dist_1e8vcs8._.js:776
[   39006ms] [LOG] [Fast Refresh] done in 3ms @ http://localhost:3025/_next/static/chunks/node_modules_next_dist_1e8vcs8._.js:776
[   39054ms] [LOG] [Fast Refresh] done in 3ms @ http://localhost:3025/_next/static/chunks/node_modules_next_dist_1e8vcs8._.js:776
[   39103ms] [LOG] [Fast Refresh] done in 3ms @ http://localhost:3025/_next/static/chunks/node_modules_next_dist_1e8vcs8._.js:776
[   39151ms] [LOG] [Fast Refresh] done in 3ms @ http://localhost:3025/_next/static/chunks/node_modules_next_dist_1e8vcs8._.js:776
[   39196ms] [LOG] [Fast Refresh] done in 3ms @ http://localhost:3025/_next/static/chunks/node_modules_next_dist_1e8vcs8._.js:776
[   39241ms] [LOG] [Fast Refresh] done in 3ms @ http://localhost:3025/_next/static/chunks/node_modules_next_dist_1e8vcs8._.js:776
[   39288ms] [LOG] [Fast Refresh] done in 3ms @ http://localhost:3025/_next/static/chunks/node_modules_next_dist_1e8vcs8._.js:776
[   39337ms] [LOG] [Fast Refresh] done in 3ms @ http://localhost:3025/_next/static/chunks/node_modules_next_dist_1e8vcs8._.js:776
[   39384ms] [LOG] [Fast Refresh] done in 3ms @ http://localhost:3025/_next/static/chunks/node_modules_next_dist_1e8vcs8._.js:776
[   39432ms] [LOG] [Fast Refresh] done in 3ms @ http://localhost:3025/_next/static/chunks/node_modules_next_dist_1e8vcs8._.js:776
[   39481ms] [LOG] [Fast Refresh] done in 3ms @ http://localhost:3025/_next/static/chunks/node_modules_next_dist_1e8vcs8._.js:776
[   39530ms] [LOG] [Fast Refresh] done in 3ms @ http://localhost:3025/_next/static/chunks/node_modules_next_dist_1e8vcs8._.js:776
[   39579ms] [LOG] [Fast Refresh] done in 3ms @ http://localhost:3025/_next/static/chunks/node_modules_next_dist_1e8vcs8._.js:776
[   39628ms] [LOG] [Fast Refresh] done in 3ms @ http://localhost:3025/_next/static/chunks/node_modules_next_dist_1e8vcs8._.js:776
[   39678ms] [LOG] [Fast Refresh] done in 3ms @ http://localhost:3025/_next/static/chunks/node_modules_next_dist_1e8vcs8._.js:776
[   39726ms] [LOG] [Fast Refresh] done in 3ms @ http://localhost:3025/_next/static/chunks/node_modules_next_dist_1e8vcs8._.js:776
[   39774ms] [LOG] [Fast Refresh] done in 3ms @ http://localhost:3025/_next/static/chunks/node_modules_next_dist_1e8vcs8._.js:776
[   39821ms] [LOG] [Fast Refresh] done in 3ms @ http://localhost:3025/_next/static/chunks/node_modules_next_dist_1e8vcs8._.js:776
[   39868ms] [LOG] [Fast Refresh] done in 3ms @ http://localhost:3025/_next/static/chunks/node_modules_next_dist_1e8vcs8._.js:776
[   39916ms] [LOG] [Fast Refresh] done in 3ms @ http://localhost:3025/_next/static/chunks/node_modules_next_dist_1e8vcs8._.js:776
[   39964ms] [LOG] [Fast Refresh] done in 3ms @ http://localhost:3025/_next/static/chunks/node_modules_next_dist_1e8vcs8._.js:776
[   40012ms] [LOG] [Fast Refresh] done in 3ms @ http://localhost:3025/_next/static/chunks/node_modules_next_dist_1e8vcs8._.js:776
[   40061ms] [LOG] [Fast Refresh] done in 3ms @ http://localhost:3025/_next/static/chunks/node_modules_next_dist_1e8vcs8._.js:776
[   40109ms] [LOG] [Fast Refresh] done in 3ms @ http://localhost:3025/_next/static/chunks/node_modules_next_dist_1e8vcs8._.js:776
[   40155ms] [LOG] [Fast Refresh] done in 3ms @ http://localhost:3025/_next/static/chunks/node_modules_next_dist_1e8vcs8._.js:776
[   40195ms] [LOG] [Fast Refresh] done in 3ms @ http://localhost:3025/_next/static/chunks/node_modules_next_dist_1e8vcs8._.js:776
[   40231ms] [LOG] [Fast Refresh] done in 3ms @ http://localhost:3025/_next/static/chunks/node_modules_next_dist_1e8vcs8._.js:776
[   40277ms] [LOG] [Fast Refresh] done in 3ms @ http://localhost:3025/_next/static/chunks/node_modules_next_dist_1e8vcs8._.js:776
[   40324ms] [LOG] [Fast Refresh] done in 3ms @ http://localhost:3025/_next/static/chunks/node_modules_next_dist_1e8vcs8._.js:776
[   40371ms] [LOG] [Fast Refresh] done in 3ms @ http://localhost:3025/_next/static/chunks/node_modules_next_dist_1e8vcs8._.js:776
[   40420ms] [LOG] [Fast Refresh] done in 3ms @ http://localhost:3025/_next/static/chunks/node_modules_next_dist_1e8vcs8._.js:776
[   40468ms] [LOG] [Fast Refresh] done in 3ms @ http://localhost:3025/_next/static/chunks/node_modules_next_dist_1e8vcs8._.js:776
[   40518ms] [LOG] [Fast Refresh] done in 3ms @ http://localhost:3025/_next/static/chunks/node_modules_next_dist_1e8vcs8._.js:776
[   40567ms] [LOG] [Fast Refresh] done in 3ms @ http://localhost:3025/_next/static/chunks/node_modules_next_dist_1e8vcs8._.js:776
[   40615ms] [LOG] [Fast Refresh] done in 3ms @ http://localhost:3025/_next/static/chunks/node_modules_next_dist_1e8vcs8._.js:776
[   40664ms] [LOG] [Fast Refresh] done in 3ms @ http://localhost:3025/_next/static/chunks/node_modules_next_dist_1e8vcs8._.js:776
[   40714ms] [LOG] [Fast Refresh] done in 3ms @ http://localhost:3025/_next/static/chunks/node_modules_next_dist_1e8vcs8._.js:776
[   40764ms] [LOG] [Fast Refresh] done in 3ms @ http://localhost:3025/_next/static/chunks/node_modules_next_dist_1e8vcs8._.js:776
[   40812ms] [LOG] [Fast Refresh] done in 3ms @ http://localhost:3025/_next/static/chunks/node_modules_next_dist_1e8vcs8._.js:776
[   40859ms] [LOG] [Fast Refresh] done in 3ms @ http://localhost:3025/_next/static/chunks/node_modules_next_dist_1e8vcs8._.js:776
[   40909ms] [LOG] [Fast Refresh] done in 3ms @ http://localhost:3025/_next/static/chunks/node_modules_next_dist_1e8vcs8._.js:776
[   40956ms] [LOG] [Fast Refresh] done in 3ms @ http://localhost:3025/_next/static/chunks/node_modules_next_dist_1e8vcs8._.js:776
[   41004ms] [LOG] [Fast Refresh] done in 3ms @ http://localhost:3025/_next/static/chunks/node_modules_next_dist_1e8vcs8._.js:776
[   41050ms] [LOG] [Fast Refresh] done in 3ms @ http://localhost:3025/_next/static/chunks/node_modules_next_dist_1e8vcs8._.js:776
[   41096ms] [LOG] [Fast Refresh] done in 3ms @ http://localhost:3025/_next/static/chunks/node_modules_next_dist_1e8vcs8._.js:776
[   41141ms] [LOG] [Fast Refresh] done in 3ms @ http://localhost:3025/_next/static/chunks/node_modules_next_dist_1e8vcs8._.js:776
[   41188ms] [LOG] [Fast Refresh] done in 3ms @ http://localhost:3025/_next/static/chunks/node_modules_next_dist_1e8vcs8._.js:776
[   41236ms] [LOG] [Fast Refresh] done in 3ms @ http://localhost:3025/_next/static/chunks/node_modules_next_dist_1e8vcs8._.js:776
[   41286ms] [LOG] [Fast Refresh] done in 3ms @ http://localhost:3025/_next/static/chunks/node_modules_next_dist_1e8vcs8._.js:776
[   41334ms] [LOG] [Fast Refresh] done in 3ms @ http://localhost:3025/_next/static/chunks/node_modules_next_dist_1e8vcs8._.js:776
[   41382ms] [LOG] [Fast Refresh] done in 3ms @ http://localhost:3025/_next/static/chunks/node_modules_next_dist_1e8vcs8._.js:776
[   41429ms] [LOG] [Fast Refresh] done in 3ms @ http://localhost:3025/_next/static/chunks/node_modules_next_dist_1e8vcs8._.js:776
[   41475ms] [LOG] [Fast Refresh] done in 3ms @ http://localhost:3025/_next/static/chunks/node_modules_next_dist_1e8vcs8._.js:776
[   41521ms] [LOG] [Fast Refresh] done in 3ms @ http://localhost:3025/_next/static/chunks/node_modules_next_dist_1e8vcs8._.js:776
[   41568ms] [LOG] [Fast Refresh] done in 3ms @ http://localhost:3025/_next/static/chunks/node_modules_next_dist_1e8vcs8._.js:776
[   41618ms] [LOG] [Fast Refresh] done in 3ms @ http://localhost:3025/_next/static/chunks/node_modules_next_dist_1e8vcs8._.js:776
[   41668ms] [LOG] [Fast Refresh] done in 3ms @ http://localhost:3025/_next/static/chunks/node_modules_next_dist_1e8vcs8._.js:776
[   41717ms] [LOG] [Fast Refresh] done in 3ms @ http://localhost:3025/_next/static/chunks/node_modules_next_dist_1e8vcs8._.js:776
[   41766ms] [LOG] [Fast Refresh] done in 3ms @ http://localhost:3025/_next/static/chunks/node_modules_next_dist_1e8vcs8._.js:776
[   41815ms] [LOG] [Fast Refresh] done in 3ms @ http://localhost:3025/_next/static/chunks/node_modules_next_dist_1e8vcs8._.js:776
[   41864ms] [LOG] [Fast Refresh] done in 3ms @ http://localhost:3025/_next/static/chunks/node_modules_next_dist_1e8vcs8._.js:776
[   41911ms] [LOG] [Fast Refresh] done in 3ms @ http://localhost:3025/_next/static/chunks/node_modules_next_dist_1e8vcs8._.js:776
[   41959ms] [LOG] [Fast Refresh] done in 3ms @ http://localhost:3025/_next/static/chunks/node_modules_next_dist_1e8vcs8._.js:776
[   42007ms] [LOG] [Fast Refresh] done in 3ms @ http://localhost:3025/_next/static/chunks/node_modules_next_dist_1e8vcs8._.js:776
[   42055ms] [LOG] [Fast Refresh] done in 3ms @ http://localhost:3025/_next/static/chunks/node_modules_next_dist_1e8vcs8._.js:776
[   42095ms] [LOG] [Fast Refresh] done in 3ms @ http://localhost:3025/_next/static/chunks/node_modules_next_dist_1e8vcs8._.js:776
[   42141ms] [LOG] [Fast Refresh] done in 3ms @ http://localhost:3025/_next/static/chunks/node_modules_next_dist_1e8vcs8._.js:776
[   42188ms] [LOG] [Fast Refresh] done in 3ms @ http://localhost:3025/_next/static/chunks/node_modules_next_dist_1e8vcs8._.js:776
[   42236ms] [LOG] [Fast Refresh] done in 3ms @ http://localhost:3025/_next/static/chunks/node_modules_next_dist_1e8vcs8._.js:776
[   42285ms] [LOG] [Fast Refresh] done in 3ms @ http://localhost:3025/_next/static/chunks/node_modules_next_dist_1e8vcs8._.js:776
[   42336ms] [LOG] [Fast Refresh] done in 3ms @ http://localhost:3025/_next/static/chunks/node_modules_next_dist_1e8vcs8._.js:776
[   42384ms] [LOG] [Fast Refresh] done in 3ms @ http://localhost:3025/_next/static/chunks/node_modules_next_dist_1e8vcs8._.js:776
[   42433ms] [LOG] [Fast Refresh] done in 3ms @ http://localhost:3025/_next/static/chunks/node_modules_next_dist_1e8vcs8._.js:776
[   42480ms] [LOG] [Fast Refresh] done in 3ms @ http://localhost:3025/_next/static/chunks/node_modules_next_dist_1e8vcs8._.js:776
[   42522ms] [LOG] [Fast Refresh] done in 3ms @ http://localhost:3025/_next/static/chunks/node_modules_next_dist_1e8vcs8._.js:776
[   42573ms] [LOG] [Fast Refresh] done in 3ms @ http://localhost:3025/_next/static/chunks/node_modules_next_dist_1e8vcs8._.js:776
[   42622ms] [LOG] [Fast Refresh] done in 3ms @ http://localhost:3025/_next/static/chunks/node_modules_next_dist_1e8vcs8._.js:776
[   42671ms] [LOG] [Fast Refresh] done in 3ms @ http://localhost:3025/_next/static/chunks/node_modules_next_dist_1e8vcs8._.js:776
[   42720ms] [LOG] [Fast Refresh] done in 3ms @ http://localhost:3025/_next/static/chunks/node_modules_next_dist_1e8vcs8._.js:776
[   42769ms] [LOG] [Fast Refresh] done in 3ms @ http://localhost:3025/_next/static/chunks/node_modules_next_dist_1e8vcs8._.js:776
[   42818ms] [LOG] [Fast Refresh] done in 3ms @ http://localhost:3025/_next/static/chunks/node_modules_next_dist_1e8vcs8._.js:776
[   42868ms] [LOG] [Fast Refresh] done in 3ms @ http://localhost:3025/_next/static/chunks/node_modules_next_dist_1e8vcs8._.js:776
[   42917ms] [LOG] [Fast Refresh] done in 3ms @ http://localhost:3025/_next/static/chunks/node_modules_next_dist_1e8vcs8._.js:776
[   42966ms] [LOG] [Fast Refresh] done in 3ms @ http://localhost:3025/_next/static/chunks/node_modules_next_dist_1e8vcs8._.js:776
[   43015ms] [LOG] [Fast Refresh] done in 3ms @ http://localhost:3025/_next/static/chunks/node_modules_next_dist_1e8vcs8._.js:776
[   43062ms] [LOG] [Fast Refresh] done in 3ms @ http://localhost:3025/_next/static/chunks/node_modules_next_dist_1e8vcs8._.js:776
[   43107ms] [LOG] [Fast Refresh] done in 3ms @ http://localhost:3025/_next/static/chunks/node_modules_next_dist_1e8vcs8._.js:776
[   43153ms] [LOG] [Fast Refresh] done in 3ms @ http://localhost:3025/_next/static/chunks/node_modules_next_dist_1e8vcs8._.js:776
[   43200ms] [LOG] [Fast Refresh] done in 3ms @ http://localhost:3025/_next/static/chunks/node_modules_next_dist_1e8vcs8._.js:776
[   43247ms] [LOG] [Fast Refresh] done in 3ms @ http://localhost:3025/_next/static/chunks/node_modules_next_dist_1e8vcs8._.js:776
[   43296ms] [LOG] [Fast Refresh] done in 3ms @ http://localhost:3025/_next/static/chunks/node_modules_next_dist_1e8vcs8._.js:776
[   43345ms] [LOG] [Fast Refresh] done in 3ms @ http://localhost:3025/_next/static/chunks/node_modules_next_dist_1e8vcs8._.js:776
[   43394ms] [LOG] [Fast Refresh] done in 3ms @ http://localhost:3025/_next/static/chunks/node_modules_next_dist_1e8vcs8._.js:776
[   43441ms] [LOG] [Fast Refresh] done in 3ms @ http://localhost:3025/_next/static/chunks/node_modules_next_dist_1e8vcs8._.js:776
[   43490ms] [LOG] [Fast Refresh] done in 3ms @ http://localhost:3025/_next/static/chunks/node_modules_next_dist_1e8vcs8._.js:776
[   43540ms] [LOG] [Fast Refresh] done in 3ms @ http://localhost:3025/_next/static/chunks/node_modules_next_dist_1e8vcs8._.js:776
[   43589ms] [LOG] [Fast Refresh] done in 3ms @ http://localhost:3025/_next/static/chunks/node_modules_next_dist_1e8vcs8._.js:776
[   43637ms] [LOG] [Fast Refresh] done in 3ms @ http://localhost:3025/_next/static/chunks/node_modules_next_dist_1e8vcs8._.js:776
[   43686ms] [LOG] [Fast Refresh] done in 3ms @ http://localhost:3025/_next/static/chunks/node_modules_next_dist_1e8vcs8._.js:776
[   43735ms] [LOG] [Fast Refresh] done in 3ms @ http://localhost:3025/_next/static/chunks/node_modules_next_dist_1e8vcs8._.js:776
[   43784ms] [LOG] [Fast Refresh] done in 3ms @ http://localhost:3025/_next/static/chunks/node_modules_next_dist_1e8vcs8._.js:776
[   43833ms] [LOG] [Fast Refresh] done in 3ms @ http://localhost:3025/_next/static/chunks/node_modules_next_dist_1e8vcs8._.js:776
[   43880ms] [LOG] [Fast Refresh] done in 3ms @ http://localhost:3025/_next/static/chunks/node_modules_next_dist_1e8vcs8._.js:776
[   43924ms] [LOG] [Fast Refresh] done in 3ms @ http://localhost:3025/_next/static/chunks/node_modules_next_dist_1e8vcs8._.js:776
[   43970ms] [LOG] [Fast Refresh] done in 3ms @ http://localhost:3025/_next/static/chunks/node_modules_next_dist_1e8vcs8._.js:776
[   44016ms] [LOG] [Fast Refresh] done in 3ms @ http://localhost:3025/_next/static/chunks/node_modules_next_dist_1e8vcs8._.js:776
[   44064ms] [LOG] [Fast Refresh] done in 3ms @ http://localhost:3025/_next/static/chunks/node_modules_next_dist_1e8vcs8._.js:776
[   44112ms] [LOG] [Fast Refresh] done in 3ms @ http://localhost:3025/_next/static/chunks/node_modules_next_dist_1e8vcs8._.js:776
[   44160ms] [LOG] [Fast Refresh] done in 3ms @ http://localhost:3025/_next/static/chunks/node_modules_next_dist_1e8vcs8._.js:776
[   44210ms] [LOG] [Fast Refresh] done in 3ms @ http://localhost:3025/_next/static/chunks/node_modules_next_dist_1e8vcs8._.js:776
[   44259ms] [LOG] [Fast Refresh] done in 3ms @ http://localhost:3025/_next/static/chunks/node_modules_next_dist_1e8vcs8._.js:776
[   44309ms] [LOG] [Fast Refresh] done in 3ms @ http://localhost:3025/_next/static/chunks/node_modules_next_dist_1e8vcs8._.js:776
[   44358ms] [LOG] [Fast Refresh] done in 3ms @ http://localhost:3025/_next/static/chunks/node_modules_next_dist_1e8vcs8._.js:776
[   44404ms] [LOG] [Fast Refresh] done in 3ms @ http://localhost:3025/_next/static/chunks/node_modules_next_dist_1e8vcs8._.js:776
[   44447ms] [LOG] [Fast Refresh] done in 3ms @ http://localhost:3025/_next/static/chunks/node_modules_next_dist_1e8vcs8._.js:776
[   44493ms] [LOG] [Fast Refresh] done in 3ms @ http://localhost:3025/_next/static/chunks/node_modules_next_dist_1e8vcs8._.js:776
[   44540ms] [LOG] [Fast Refresh] done in 3ms @ http://localhost:3025/_next/static/chunks/node_modules_next_dist_1e8vcs8._.js:776
[   44589ms] [LOG] [Fast Refresh] done in 3ms @ http://localhost:3025/_next/static/chunks/node_modules_next_dist_1e8vcs8._.js:776
[   44638ms] [LOG] [Fast Refresh] done in 3ms @ http://localhost:3025/_next/static/chunks/node_modules_next_dist_1e8vcs8._.js:776
[   44688ms] [LOG] [Fast Refresh] done in 3ms @ http://localhost:3025/_next/static/chunks/node_modules_next_dist_1e8vcs8._.js:776
[   44736ms] [LOG] [Fast Refresh] done in 3ms @ http://localhost:3025/_next/static/chunks/node_modules_next_dist_1e8vcs8._.js:776
[   44782ms] [LOG] [Fast Refresh] done in 3ms @ http://localhost:3025/_next/static/chunks/node_modules_next_dist_1e8vcs8._.js:776
[   44827ms] [LOG] [Fast Refresh] done in 3ms @ http://localhost:3025/_next/static/chunks/node_modules_next_dist_1e8vcs8._.js:776
[   44874ms] [LOG] [Fast Refresh] done in 3ms @ http://localhost:3025/_next/static/chunks/node_modules_next_dist_1e8vcs8._.js:776
[   44920ms] [LOG] [Fast Refresh] done in 3ms @ http://localhost:3025/_next/static/chunks/node_modules_next_dist_1e8vcs8._.js:776
[   44966ms] [LOG] [Fast Refresh] done in 3ms @ http://localhost:3025/_next/static/chunks/node_modules_next_dist_1e8vcs8._.js:776
[   45013ms] [LOG] [Fast Refresh] done in 3ms @ http://localhost:3025/_next/static/chunks/node_modules_next_dist_1e8vcs8._.js:776
[   45058ms] [LOG] [Fast Refresh] done in 3ms @ http://localhost:3025/_next/static/chunks/node_modules_next_dist_1e8vcs8._.js:776
[   45104ms] [LOG] [Fast Refresh] done in 3ms @ http://localhost:3025/_next/static/chunks/node_modules_next_dist_1e8vcs8._.js:776
[   45151ms] [LOG] [Fast Refresh] done in 3ms @ http://localhost:3025/_next/static/chunks/node_modules_next_dist_1e8vcs8._.js:776
[   45200ms] [LOG] [Fast Refresh] done in 3ms @ http://localhost:3025/_next/static/chunks/node_modules_next_dist_1e8vcs8._.js:776
[   45249ms] [LOG] [Fast Refresh] done in 3ms @ http://localhost:3025/_next/static/chunks/node_modules_next_dist_1e8vcs8._.js:776
[   45297ms] [LOG] [Fast Refresh] done in 3ms @ http://localhost:3025/_next/static/chunks/node_modules_next_dist_1e8vcs8._.js:776
[   45346ms] [LOG] [Fast Refresh] done in 3ms @ http://localhost:3025/_next/static/chunks/node_modules_next_dist_1e8vcs8._.js:776
[   45395ms] [LOG] [Fast Refresh] done in 3ms @ http://localhost:3025/_next/static/chunks/node_modules_next_dist_1e8vcs8._.js:776
[   45444ms] [LOG] [Fast Refresh] done in 3ms @ http://localhost:3025/_next/static/chunks/node_modules_next_dist_1e8vcs8._.js:776
[   45494ms] [LOG] [Fast Refresh] done in 3ms @ http://localhost:3025/_next/static/chunks/node_modules_next_dist_1e8vcs8._.js:776
[   45543ms] [LOG] [Fast Refresh] done in 3ms @ http://localhost:3025/_next/static/chunks/node_modules_next_dist_1e8vcs8._.js:776
[   45593ms] [LOG] [Fast Refresh] done in 3ms @ http://localhost:3025/_next/static/chunks/node_modules_next_dist_1e8vcs8._.js:776
[   45642ms] [LOG] [Fast Refresh] done in 3ms @ http://localhost:3025/_next/static/chunks/node_modules_next_dist_1e8vcs8._.js:776
[   45690ms] [LOG] [Fast Refresh] done in 3ms @ http://localhost:3025/_next/static/chunks/node_modules_next_dist_1e8vcs8._.js:776
[   45739ms] [LOG] [Fast Refresh] done in 3ms @ http://localhost:3025/_next/static/chunks/node_modules_next_dist_1e8vcs8._.js:776
[   45787ms] [LOG] [Fast Refresh] done in 3ms @ http://localhost:3025/_next/static/chunks/node_modules_next_dist_1e8vcs8._.js:776
[   45834ms] [LOG] [Fast Refresh] done in 3ms @ http://localhost:3025/_next/static/chunks/node_modules_next_dist_1e8vcs8._.js:776
[   45880ms] [LOG] [Fast Refresh] done in 3ms @ http://localhost:3025/_next/static/chunks/node_modules_next_dist_1e8vcs8._.js:776
[   45926ms] [LOG] [Fast Refresh] done in 3ms @ http://localhost:3025/_next/static/chunks/node_modules_next_dist_1e8vcs8._.js:776
[   45973ms] [LOG] [Fast Refresh] done in 3ms @ http://localhost:3025/_next/static/chunks/node_modules_next_dist_1e8vcs8._.js:776
[   46022ms] [LOG] [Fast Refresh] done in 3ms @ http://localhost:3025/_next/static/chunks/node_modules_next_dist_1e8vcs8._.js:776
[   46071ms] [LOG] [Fast Refresh] done in 3ms @ http://localhost:3025/_next/static/chunks/node_modules_next_dist_1e8vcs8._.js:776
[   46118ms] [LOG] [Fast Refresh] done in 3ms @ http://localhost:3025/_next/static/chunks/node_modules_next_dist_1e8vcs8._.js:776
[   46166ms] [LOG] [Fast Refresh] done in 3ms @ http://localhost:3025/_next/static/chunks/node_modules_next_dist_1e8vcs8._.js:776
[   46216ms] [LOG] [Fast Refresh] done in 3ms @ http://localhost:3025/_next/static/chunks/node_modules_next_dist_1e8vcs8._.js:776
[   46263ms] [LOG] [Fast Refresh] done in 3ms @ http://localhost:3025/_next/static/chunks/node_modules_next_dist_1e8vcs8._.js:776
[   46311ms] [LOG] [Fast Refresh] done in 3ms @ http://localhost:3025/_next/static/chunks/node_modules_next_dist_1e8vcs8._.js:776
[   46359ms] [LOG] [Fast Refresh] done in 3ms @ http://localhost:3025/_next/static/chunks/node_modules_next_dist_1e8vcs8._.js:776
[   46407ms] [LOG] [Fast Refresh] done in 3ms @ http://localhost:3025/_next/static/chunks/node_modules_next_dist_1e8vcs8._.js:776
[   46456ms] [LOG] [Fast Refresh] done in 3ms @ http://localhost:3025/_next/static/chunks/node_modules_next_dist_1e8vcs8._.js:776
[   46506ms] [LOG] [Fast Refresh] done in 3ms @ http://localhost:3025/_next/static/chunks/node_modules_next_dist_1e8vcs8._.js:776
[   46557ms] [LOG] [Fast Refresh] done in 3ms @ http://localhost:3025/_next/static/chunks/node_modules_next_dist_1e8vcs8._.js:776
[   46607ms] [LOG] [Fast Refresh] done in 3ms @ http://localhost:3025/_next/static/chunks/node_modules_next_dist_1e8vcs8._.js:776
[   46657ms] [LOG] [Fast Refresh] done in 3ms @ http://localhost:3025/_next/static/chunks/node_modules_next_dist_1e8vcs8._.js:776
[   46705ms] [LOG] [Fast Refresh] done in 3ms @ http://localhost:3025/_next/static/chunks/node_modules_next_dist_1e8vcs8._.js:776
[   46756ms] [LOG] [Fast Refresh] done in 3ms @ http://localhost:3025/_next/static/chunks/node_modules_next_dist_1e8vcs8._.js:776
[   46806ms] [LOG] [Fast Refresh] done in 3ms @ http://localhost:3025/_next/static/chunks/node_modules_next_dist_1e8vcs8._.js:776
[   46856ms] [LOG] [Fast Refresh] done in 3ms @ http://localhost:3025/_next/static/chunks/node_modules_next_dist_1e8vcs8._.js:776
[   46903ms] [LOG] [Fast Refresh] done in 3ms @ http://localhost:3025/_next/static/chunks/node_modules_next_dist_1e8vcs8._.js:776
[   46949ms] [LOG] [Fast Refresh] done in 3ms @ http://localhost:3025/_next/static/chunks/node_modules_next_dist_1e8vcs8._.js:776
[   46996ms] [LOG] [Fast Refresh] done in 3ms @ http://localhost:3025/_next/static/chunks/node_modules_next_dist_1e8vcs8._.js:776
[   47044ms] [LOG] [Fast Refresh] done in 3ms @ http://localhost:3025/_next/static/chunks/node_modules_next_dist_1e8vcs8._.js:776
[   47094ms] [LOG] [Fast Refresh] done in 3ms @ http://localhost:3025/_next/static/chunks/node_modules_next_dist_1e8vcs8._.js:776
[   47143ms] [LOG] [Fast Refresh] done in 3ms @ http://localhost:3025/_next/static/chunks/node_modules_next_dist_1e8vcs8._.js:776
[   47192ms] [LOG] [Fast Refresh] done in 3ms @ http://localhost:3025/_next/static/chunks/node_modules_next_dist_1e8vcs8._.js:776
[   47241ms] [LOG] [Fast Refresh] done in 3ms @ http://localhost:3025/_next/static/chunks/node_modules_next_dist_1e8vcs8._.js:776
[   47290ms] [LOG] [Fast Refresh] done in 3ms @ http://localhost:3025/_next/static/chunks/node_modules_next_dist_1e8vcs8._.js:776
[   47339ms] [LOG] [Fast Refresh] done in 3ms @ http://localhost:3025/_next/static/chunks/node_modules_next_dist_1e8vcs8._.js:776
[   47376ms] [LOG] [Fast Refresh] done in 3ms @ http://localhost:3025/_next/static/chunks/node_modules_next_dist_1e8vcs8._.js:776
[   47423ms] [LOG] [Fast Refresh] done in 3ms @ http://localhost:3025/_next/static/chunks/node_modules_next_dist_1e8vcs8._.js:776
[   47471ms] [LOG] [Fast Refresh] done in 3ms @ http://localhost:3025/_next/static/chunks/node_modules_next_dist_1e8vcs8._.js:776
[   47515ms] [LOG] [Fast Refresh] done in 3ms @ http://localhost:3025/_next/static/chunks/node_modules_next_dist_1e8vcs8._.js:776
[   47565ms] [LOG] [Fast Refresh] done in 3ms @ http://localhost:3025/_next/static/chunks/node_modules_next_dist_1e8vcs8._.js:776
[   47613ms] [LOG] [Fast Refresh] done in 3ms @ http://localhost:3025/_next/static/chunks/node_modules_next_dist_1e8vcs8._.js:776
[   47663ms] [LOG] [Fast Refresh] done in 3ms @ http://localhost:3025/_next/static/chunks/node_modules_next_dist_1e8vcs8._.js:776
[   47712ms] [LOG] [Fast Refresh] done in 3ms @ http://localhost:3025/_next/static/chunks/node_modules_next_dist_1e8vcs8._.js:776
[   47759ms] [LOG] [Fast Refresh] done in 3ms @ http://localhost:3025/_next/static/chunks/node_modules_next_dist_1e8vcs8._.js:776
[   47806ms] [LOG] [Fast Refresh] done in 3ms @ http://localhost:3025/_next/static/chunks/node_modules_next_dist_1e8vcs8._.js:776
[   47853ms] [LOG] [Fast Refresh] done in 3ms @ http://localhost:3025/_next/static/chunks/node_modules_next_dist_1e8vcs8._.js:776
[   47901ms] [LOG] [Fast Refresh] done in 3ms @ http://localhost:3025/_next/static/chunks/node_modules_next_dist_1e8vcs8._.js:776
[   47951ms] [LOG] [Fast Refresh] done in 3ms @ http://localhost:3025/_next/static/chunks/node_modules_next_dist_1e8vcs8._.js:776
[   48000ms] [LOG] [Fast Refresh] done in 3ms @ http://localhost:3025/_next/static/chunks/node_modules_next_dist_1e8vcs8._.js:776
[   48048ms] [LOG] [Fast Refresh] done in 3ms @ http://localhost:3025/_next/static/chunks/node_modules_next_dist_1e8vcs8._.js:776
[   48097ms] [LOG] [Fast Refresh] done in 3ms @ http://localhost:3025/_next/static/chunks/node_modules_next_dist_1e8vcs8._.js:776
[   48144ms] [LOG] [Fast Refresh] done in 3ms @ http://localhost:3025/_next/static/chunks/node_modules_next_dist_1e8vcs8._.js:776
[   48189ms] [LOG] [Fast Refresh] done in 3ms @ http://localhost:3025/_next/static/chunks/node_modules_next_dist_1e8vcs8._.js:776
[   48236ms] [LOG] [Fast Refresh] done in 3ms @ http://localhost:3025/_next/static/chunks/node_modules_next_dist_1e8vcs8._.js:776
[   48285ms] [LOG] [Fast Refresh] done in 3ms @ http://localhost:3025/_next/static/chunks/node_modules_next_dist_1e8vcs8._.js:776
[   48333ms] [LOG] [Fast Refresh] done in 3ms @ http://localhost:3025/_next/static/chunks/node_modules_next_dist_1e8vcs8._.js:776
[   48382ms] [LOG] [Fast Refresh] done in 3ms @ http://localhost:3025/_next/static/chunks/node_modules_next_dist_1e8vcs8._.js:776
[   48431ms] [LOG] [Fast Refresh] done in 3ms @ http://localhost:3025/_next/static/chunks/node_modules_next_dist_1e8vcs8._.js:776
[   48480ms] [LOG] [Fast Refresh] done in 3ms @ http://localhost:3025/_next/static/chunks/node_modules_next_dist_1e8vcs8._.js:776
[   48529ms] [LOG] [Fast Refresh] done in 3ms @ http://localhost:3025/_next/static/chunks/node_modules_next_dist_1e8vcs8._.js:776
[   48578ms] [LOG] [Fast Refresh] done in 3ms @ http://localhost:3025/_next/static/chunks/node_modules_next_dist_1e8vcs8._.js:776
[   48626ms] [LOG] [Fast Refresh] done in 3ms @ http://localhost:3025/_next/static/chunks/node_modules_next_dist_1e8vcs8._.js:776
[   48672ms] [LOG] [Fast Refresh] done in 3ms @ http://localhost:3025/_next/static/chunks/node_modules_next_dist_1e8vcs8._.js:776
[   48712ms] [LOG] [Fast Refresh] rebuilding @ http://localhost:3025/_next/static/chunks/node_modules_next_dist_1e8vcs8._.js:776
[   48752ms] [LOG] [Fast Refresh] done in 1ms @ http://localhost:3025/_next/static/chunks/node_modules_next_dist_1e8vcs8._.js:776
[   48801ms] [LOG] [Fast Refresh] done in 1ms @ http://localhost:3025/_next/static/chunks/node_modules_next_dist_1e8vcs8._.js:776
[   48852ms] [LOG] [Fast Refresh] done in 1ms @ http://localhost:3025/_next/static/chunks/node_modules_next_dist_1e8vcs8._.js:776
[   48897ms] [LOG] [Fast Refresh] done in 1ms @ http://localhost:3025/_next/static/chunks/node_modules_next_dist_1e8vcs8._.js:776
[   48944ms] [LOG] [Fast Refresh] done in 1ms @ http://localhost:3025/_next/static/chunks/node_modules_next_dist_1e8vcs8._.js:776
[   48988ms] [LOG] [Fast Refresh] done in 1ms @ http://localhost:3025/_next/static/chunks/node_modules_next_dist_1e8vcs8._.js:776
[   49033ms] [LOG] [Fast Refresh] done in 1ms @ http://localhost:3025/_next/static/chunks/node_modules_next_dist_1e8vcs8._.js:776
[   49079ms] [LOG] [Fast Refresh] done in 1ms @ http://localhost:3025/_next/static/chunks/node_modules_next_dist_1e8vcs8._.js:776
[   49125ms] [LOG] [Fast Refresh] done in 1ms @ http://localhost:3025/_next/static/chunks/node_modules_next_dist_1e8vcs8._.js:776
[   49171ms] [LOG] [Fast Refresh] done in 1ms @ http://localhost:3025/_next/static/chunks/node_modules_next_dist_1e8vcs8._.js:776
[   49217ms] [LOG] [Fast Refresh] done in 1ms @ http://localhost:3025/_next/static/chunks/node_modules_next_dist_1e8vcs8._.js:776
[   49263ms] [LOG] [Fast Refresh] done in 1ms @ http://localhost:3025/_next/static/chunks/node_modules_next_dist_1e8vcs8._.js:776
[   49309ms] [LOG] [Fast Refresh] done in 1ms @ http://localhost:3025/_next/static/chunks/node_modules_next_dist_1e8vcs8._.js:776
[   49355ms] [LOG] [Fast Refresh] done in 1ms @ http://localhost:3025/_next/static/chunks/node_modules_next_dist_1e8vcs8._.js:776
[   49400ms] [LOG] [Fast Refresh] done in 1ms @ http://localhost:3025/_next/static/chunks/node_modules_next_dist_1e8vcs8._.js:776
[   49446ms] [LOG] [Fast Refresh] done in 1ms @ http://localhost:3025/_next/static/chunks/node_modules_next_dist_1e8vcs8._.js:776
[   49492ms] [LOG] [Fast Refresh] done in 1ms @ http://localhost:3025/_next/static/chunks/node_modules_next_dist_1e8vcs8._.js:776
[   49538ms] [LOG] [Fast Refresh] done in 1ms @ http://localhost:3025/_next/static/chunks/node_modules_next_dist_1e8vcs8._.js:776
[   49583ms] [LOG] [Fast Refresh] done in 1ms @ http://localhost:3025/_next/static/chunks/node_modules_next_dist_1e8vcs8._.js:776
[   49629ms] [LOG] [Fast Refresh] done in 1ms @ http://localhost:3025/_next/static/chunks/node_modules_next_dist_1e8vcs8._.js:776
[   49674ms] [LOG] [Fast Refresh] done in 1ms @ http://localhost:3025/_next/static/chunks/node_modules_next_dist_1e8vcs8._.js:776
[   49720ms] [LOG] [Fast Refresh] done in 1ms @ http://localhost:3025/_next/static/chunks/node_modules_next_dist_1e8vcs8._.js:776
[   49767ms] [LOG] [Fast Refresh] done in 1ms @ http://localhost:3025/_next/static/chunks/node_modules_next_dist_1e8vcs8._.js:776
[   49814ms] [LOG] [Fast Refresh] done in 1ms @ http://localhost:3025/_next/static/chunks/node_modules_next_dist_1e8vcs8._.js:776
[   49861ms] [LOG] [Fast Refresh] done in 1ms @ http://localhost:3025/_next/static/chunks/node_modules_next_dist_1e8vcs8._.js:776
[   49908ms] [LOG] [Fast Refresh] done in 1ms @ http://localhost:3025/_next/static/chunks/node_modules_next_dist_1e8vcs8._.js:776
[   49955ms] [LOG] [Fast Refresh] done in 1ms @ http://localhost:3025/_next/static/chunks/node_modules_next_dist_1e8vcs8._.js:776
[   50002ms] [LOG] [Fast Refresh] done in 1ms @ http://localhost:3025/_next/static/chunks/node_modules_next_dist_1e8vcs8._.js:776
[   50049ms] [LOG] [Fast Refresh] done in 1ms @ http://localhost:3025/_next/static/chunks/node_modules_next_dist_1e8vcs8._.js:776
[   50096ms] [LOG] [Fast Refresh] done in 1ms @ http://localhost:3025/_next/static/chunks/node_modules_next_dist_1e8vcs8._.js:776
[   50143ms] [LOG] [Fast Refresh] done in 1ms @ http://localhost:3025/_next/static/chunks/node_modules_next_dist_1e8vcs8._.js:776
[   50190ms] [LOG] [Fast Refresh] done in 1ms @ http://localhost:3025/_next/static/chunks/node_modules_next_dist_1e8vcs8._.js:776
[   50238ms] [LOG] [Fast Refresh] done in 1ms @ http://localhost:3025/_next/static/chunks/node_modules_next_dist_1e8vcs8._.js:776
[   50287ms] [LOG] [Fast Refresh] done in 1ms @ http://localhost:3025/_next/static/chunks/node_modules_next_dist_1e8vcs8._.js:776
[   50335ms] [LOG] [Fast Refresh] done in 1ms @ http://localhost:3025/_next/static/chunks/node_modules_next_dist_1e8vcs8._.js:776
[   50383ms] [LOG] [Fast Refresh] done in 1ms @ http://localhost:3025/_next/static/chunks/node_modules_next_dist_1e8vcs8._.js:776
[   50431ms] [LOG] [Fast Refresh] done in 1ms @ http://localhost:3025/_next/static/chunks/node_modules_next_dist_1e8vcs8._.js:776
[   50479ms] [LOG] [Fast Refresh] done in 1ms @ http://localhost:3025/_next/static/chunks/node_modules_next_dist_1e8vcs8._.js:776
[   50526ms] [LOG] [Fast Refresh] done in 1ms @ http://localhost:3025/_next/static/chunks/node_modules_next_dist_1e8vcs8._.js:776
[   50574ms] [LOG] [Fast Refresh] done in 1ms @ http://localhost:3025/_next/static/chunks/node_modules_next_dist_1e8vcs8._.js:776
[   50621ms] [LOG] [Fast Refresh] done in 1ms @ http://localhost:3025/_next/static/chunks/node_modules_next_dist_1e8vcs8._.js:776
[   50659ms] [LOG] [Fast Refresh] done in 1ms @ http://localhost:3025/_next/static/chunks/node_modules_next_dist_1e8vcs8._.js:776
[   50706ms] [LOG] [Fast Refresh] done in 1ms @ http://localhost:3025/_next/static/chunks/node_modules_next_dist_1e8vcs8._.js:776
[   50753ms] [LOG] [Fast Refresh] done in 1ms @ http://localhost:3025/_next/static/chunks/node_modules_next_dist_1e8vcs8._.js:776
[   50800ms] [LOG] [Fast Refresh] done in 1ms @ http://localhost:3025/_next/static/chunks/node_modules_next_dist_1e8vcs8._.js:776
[   50848ms] [LOG] [Fast Refresh] done in 1ms @ http://localhost:3025/_next/static/chunks/node_modules_next_dist_1e8vcs8._.js:776
[   50895ms] [LOG] [Fast Refresh] done in 1ms @ http://localhost:3025/_next/static/chunks/node_modules_next_dist_1e8vcs8._.js:776
[   50943ms] [LOG] [Fast Refresh] done in 1ms @ http://localhost:3025/_next/static/chunks/node_modules_next_dist_1e8vcs8._.js:776
[   50990ms] [LOG] [Fast Refresh] done in 1ms @ http://localhost:3025/_next/static/chunks/node_modules_next_dist_1e8vcs8._.js:776
[   51037ms] [LOG] [Fast Refresh] done in 1ms @ http://localhost:3025/_next/static/chunks/node_modules_next_dist_1e8vcs8._.js:776
[   51084ms] [LOG] [Fast Refresh] done in 1ms @ http://localhost:3025/_next/static/chunks/node_modules_next_dist_1e8vcs8._.js:776
[   51131ms] [LOG] [Fast Refresh] done in 1ms @ http://localhost:3025/_next/static/chunks/node_modules_next_dist_1e8vcs8._.js:776
[   51179ms] [LOG] [Fast Refresh] done in 1ms @ http://localhost:3025/_next/static/chunks/node_modules_next_dist_1e8vcs8._.js:776
[   51229ms] [LOG] [Fast Refresh] done in 1ms @ http://localhost:3025/_next/static/chunks/node_modules_next_dist_1e8vcs8._.js:776
[   51278ms] [LOG] [Fast Refresh] done in 1ms @ http://localhost:3025/_next/static/chunks/node_modules_next_dist_1e8vcs8._.js:776
[   51327ms] [LOG] [Fast Refresh] done in 1ms @ http://localhost:3025/_next/static/chunks/node_modules_next_dist_1e8vcs8._.js:776
[   51377ms] [LOG] [Fast Refresh] done in 1ms @ http://localhost:3025/_next/static/chunks/node_modules_next_dist_1e8vcs8._.js:776
[   51426ms] [LOG] [Fast Refresh] done in 1ms @ http://localhost:3025/_next/static/chunks/node_modules_next_dist_1e8vcs8._.js:776
[   51475ms] [LOG] [Fast Refresh] done in 1ms @ http://localhost:3025/_next/static/chunks/node_modules_next_dist_1e8vcs8._.js:776
[   51523ms] [LOG] [Fast Refresh] done in 1ms @ http://localhost:3025/_next/static/chunks/node_modules_next_dist_1e8vcs8._.js:776
[   51571ms] [LOG] [Fast Refresh] done in 1ms @ http://localhost:3025/_next/static/chunks/node_modules_next_dist_1e8vcs8._.js:776
[   51617ms] [LOG] [Fast Refresh] done in 1ms @ http://localhost:3025/_next/static/chunks/node_modules_next_dist_1e8vcs8._.js:776
[   51663ms] [LOG] [Fast Refresh] done in 1ms @ http://localhost:3025/_next/static/chunks/node_modules_next_dist_1e8vcs8._.js:776
[   51711ms] [LOG] [Fast Refresh] done in 1ms @ http://localhost:3025/_next/static/chunks/node_modules_next_dist_1e8vcs8._.js:776
[   51760ms] [LOG] [Fast Refresh] done in 1ms @ http://localhost:3025/_next/static/chunks/node_modules_next_dist_1e8vcs8._.js:776
[   51808ms] [LOG] [Fast Refresh] done in 1ms @ http://localhost:3025/_next/static/chunks/node_modules_next_dist_1e8vcs8._.js:776
[   51856ms] [LOG] [Fast Refresh] done in 1ms @ http://localhost:3025/_next/static/chunks/node_modules_next_dist_1e8vcs8._.js:776
[   51904ms] [LOG] [Fast Refresh] done in 1ms @ http://localhost:3025/_next/static/chunks/node_modules_next_dist_1e8vcs8._.js:776
[   51953ms] [LOG] [Fast Refresh] done in 1ms @ http://localhost:3025/_next/static/chunks/node_modules_next_dist_1e8vcs8._.js:776
[   52002ms] [LOG] [Fast Refresh] done in 1ms @ http://localhost:3025/_next/static/chunks/node_modules_next_dist_1e8vcs8._.js:776
[   52051ms] [LOG] [Fast Refresh] done in 1ms @ http://localhost:3025/_next/static/chunks/node_modules_next_dist_1e8vcs8._.js:776
[   52099ms] [LOG] [Fast Refresh] done in 1ms @ http://localhost:3025/_next/static/chunks/node_modules_next_dist_1e8vcs8._.js:776
[   52147ms] [LOG] [Fast Refresh] done in 1ms @ http://localhost:3025/_next/static/chunks/node_modules_next_dist_1e8vcs8._.js:776
[   52194ms] [LOG] [Fast Refresh] done in 1ms @ http://localhost:3025/_next/static/chunks/node_modules_next_dist_1e8vcs8._.js:776
[   52242ms] [LOG] [Fast Refresh] done in 1ms @ http://localhost:3025/_next/static/chunks/node_modules_next_dist_1e8vcs8._.js:776
[   52292ms] [LOG] [Fast Refresh] done in 1ms @ http://localhost:3025/_next/static/chunks/node_modules_next_dist_1e8vcs8._.js:776
[   52341ms] [LOG] [Fast Refresh] done in 1ms @ http://localhost:3025/_next/static/chunks/node_modules_next_dist_1e8vcs8._.js:776
[   52390ms] [LOG] [Fast Refresh] done in 1ms @ http://localhost:3025/_next/static/chunks/node_modules_next_dist_1e8vcs8._.js:776
[   52440ms] [LOG] [Fast Refresh] done in 1ms @ http://localhost:3025/_next/static/chunks/node_modules_next_dist_1e8vcs8._.js:776
[   52489ms] [LOG] [Fast Refresh] done in 1ms @ http://localhost:3025/_next/static/chunks/node_modules_next_dist_1e8vcs8._.js:776
[   52537ms] [LOG] [Fast Refresh] done in 1ms @ http://localhost:3025/_next/static/chunks/node_modules_next_dist_1e8vcs8._.js:776
[   52583ms] [LOG] [Fast Refresh] done in 1ms @ http://localhost:3025/_next/static/chunks/node_modules_next_dist_1e8vcs8._.js:776
[   52628ms] [LOG] [Fast Refresh] done in 1ms @ http://localhost:3025/_next/static/chunks/node_modules_next_dist_1e8vcs8._.js:776
[   52674ms] [LOG] [Fast Refresh] done in 1ms @ http://localhost:3025/_next/static/chunks/node_modules_next_dist_1e8vcs8._.js:776
[   52721ms] [LOG] [Fast Refresh] done in 1ms @ http://localhost:3025/_next/static/chunks/node_modules_next_dist_1e8vcs8._.js:776
[   52769ms] [LOG] [Fast Refresh] done in 1ms @ http://localhost:3025/_next/static/chunks/node_modules_next_dist_1e8vcs8._.js:776
[   52809ms] [LOG] [Fast Refresh] done in 1ms @ http://localhost:3025/_next/static/chunks/node_modules_next_dist_1e8vcs8._.js:776
[   52858ms] [LOG] [Fast Refresh] done in 1ms @ http://localhost:3025/_next/static/chunks/node_modules_next_dist_1e8vcs8._.js:776
[   52908ms] [LOG] [Fast Refresh] done in 1ms @ http://localhost:3025/_next/static/chunks/node_modules_next_dist_1e8vcs8._.js:776
[   52957ms] [LOG] [Fast Refresh] done in 1ms @ http://localhost:3025/_next/static/chunks/node_modules_next_dist_1e8vcs8._.js:776
[   53006ms] [LOG] [Fast Refresh] done in 1ms @ http://localhost:3025/_next/static/chunks/node_modules_next_dist_1e8vcs8._.js:776
[   53054ms] [LOG] [Fast Refresh] done in 1ms @ http://localhost:3025/_next/static/chunks/node_modules_next_dist_1e8vcs8._.js:776
[   53103ms] [LOG] [Fast Refresh] done in 1ms @ http://localhost:3025/_next/static/chunks/node_modules_next_dist_1e8vcs8._.js:776
[   53152ms] [LOG] [Fast Refresh] done in 1ms @ http://localhost:3025/_next/static/chunks/node_modules_next_dist_1e8vcs8._.js:776
[   53200ms] [LOG] [Fast Refresh] done in 1ms @ http://localhost:3025/_next/static/chunks/node_modules_next_dist_1e8vcs8._.js:776
[   53249ms] [LOG] [Fast Refresh] done in 1ms @ http://localhost:3025/_next/static/chunks/node_modules_next_dist_1e8vcs8._.js:776
[   53297ms] [LOG] [Fast Refresh] done in 1ms @ http://localhost:3025/_next/static/chunks/node_modules_next_dist_1e8vcs8._.js:776
[   53347ms] [LOG] [Fast Refresh] done in 1ms @ http://localhost:3025/_next/static/chunks/node_modules_next_dist_1e8vcs8._.js:776
[   53395ms] [LOG] [Fast Refresh] done in 1ms @ http://localhost:3025/_next/static/chunks/node_modules_next_dist_1e8vcs8._.js:776
[   53443ms] [LOG] [Fast Refresh] done in 1ms @ http://localhost:3025/_next/static/chunks/node_modules_next_dist_1e8vcs8._.js:776
[   53490ms] [LOG] [Fast Refresh] done in 1ms @ http://localhost:3025/_next/static/chunks/node_modules_next_dist_1e8vcs8._.js:776
[   53536ms] [LOG] [Fast Refresh] done in 1ms @ http://localhost:3025/_next/static/chunks/node_modules_next_dist_1e8vcs8._.js:776
[   53582ms] [LOG] [Fast Refresh] done in 1ms @ http://localhost:3025/_next/static/chunks/node_modules_next_dist_1e8vcs8._.js:776
[   53629ms] [LOG] [Fast Refresh] done in 1ms @ http://localhost:3025/_next/static/chunks/node_modules_next_dist_1e8vcs8._.js:776
[   53678ms] [LOG] [Fast Refresh] done in 1ms @ http://localhost:3025/_next/static/chunks/node_modules_next_dist_1e8vcs8._.js:776
[   53727ms] [LOG] [Fast Refresh] done in 1ms @ http://localhost:3025/_next/static/chunks/node_modules_next_dist_1e8vcs8._.js:776
[   53776ms] [LOG] [Fast Refresh] done in 1ms @ http://localhost:3025/_next/static/chunks/node_modules_next_dist_1e8vcs8._.js:776
[   53826ms] [LOG] [Fast Refresh] done in 1ms @ http://localhost:3025/_next/static/chunks/node_modules_next_dist_1e8vcs8._.js:776
[   53874ms] [LOG] [Fast Refresh] done in 1ms @ http://localhost:3025/_next/static/chunks/node_modules_next_dist_1e8vcs8._.js:776
[   53921ms] [LOG] [Fast Refresh] done in 1ms @ http://localhost:3025/_next/static/chunks/node_modules_next_dist_1e8vcs8._.js:776
[   53970ms] [LOG] [Fast Refresh] done in 1ms @ http://localhost:3025/_next/static/chunks/node_modules_next_dist_1e8vcs8._.js:776
[   54018ms] [LOG] [Fast Refresh] done in 1ms @ http://localhost:3025/_next/static/chunks/node_modules_next_dist_1e8vcs8._.js:776
[   54066ms] [LOG] [Fast Refresh] done in 1ms @ http://localhost:3025/_next/static/chunks/node_modules_next_dist_1e8vcs8._.js:776
[   54113ms] [LOG] [Fast Refresh] done in 1ms @ http://localhost:3025/_next/static/chunks/node_modules_next_dist_1e8vcs8._.js:776
[   54162ms] [LOG] [Fast Refresh] done in 1ms @ http://localhost:3025/_next/static/chunks/node_modules_next_dist_1e8vcs8._.js:776
[   54210ms] [LOG] [Fast Refresh] done in 1ms @ http://localhost:3025/_next/static/chunks/node_modules_next_dist_1e8vcs8._.js:776
[   54257ms] [LOG] [Fast Refresh] done in 1ms @ http://localhost:3025/_next/static/chunks/node_modules_next_dist_1e8vcs8._.js:776
[   54307ms] [LOG] [Fast Refresh] done in 1ms @ http://localhost:3025/_next/static/chunks/node_modules_next_dist_1e8vcs8._.js:776
[   54356ms] [LOG] [Fast Refresh] done in 1ms @ http://localhost:3025/_next/static/chunks/node_modules_next_dist_1e8vcs8._.js:776
[   54404ms] [LOG] [Fast Refresh] done in 1ms @ http://localhost:3025/_next/static/chunks/node_modules_next_dist_1e8vcs8._.js:776
[   54452ms] [LOG] [Fast Refresh] done in 1ms @ http://localhost:3025/_next/static/chunks/node_modules_next_dist_1e8vcs8._.js:776
[   54498ms] [LOG] [Fast Refresh] done in 1ms @ http://localhost:3025/_next/static/chunks/node_modules_next_dist_1e8vcs8._.js:776
[   54544ms] [LOG] [Fast Refresh] done in 1ms @ http://localhost:3025/_next/static/chunks/node_modules_next_dist_1e8vcs8._.js:776
[   54590ms] [LOG] [Fast Refresh] done in 1ms @ http://localhost:3025/_next/static/chunks/node_modules_next_dist_1e8vcs8._.js:776
[   54639ms] [LOG] [Fast Refresh] done in 1ms @ http://localhost:3025/_next/static/chunks/node_modules_next_dist_1e8vcs8._.js:776
[   54690ms] [LOG] [Fast Refresh] done in 1ms @ http://localhost:3025/_next/static/chunks/node_modules_next_dist_1e8vcs8._.js:776
[   54740ms] [LOG] [Fast Refresh] done in 1ms @ http://localhost:3025/_next/static/chunks/node_modules_next_dist_1e8vcs8._.js:776
[   54789ms] [LOG] [Fast Refresh] done in 1ms @ http://localhost:3025/_next/static/chunks/node_modules_next_dist_1e8vcs8._.js:776
[   54839ms] [LOG] [Fast Refresh] done in 1ms @ http://localhost:3025/_next/static/chunks/node_modules_next_dist_1e8vcs8._.js:776
[   54888ms] [LOG] [Fast Refresh] done in 1ms @ http://localhost:3025/_next/static/chunks/node_modules_next_dist_1e8vcs8._.js:776
[   54936ms] [LOG] [Fast Refresh] done in 1ms @ http://localhost:3025/_next/static/chunks/node_modules_next_dist_1e8vcs8._.js:776
[   54984ms] [LOG] [Fast Refresh] done in 1ms @ http://localhost:3025/_next/static/chunks/node_modules_next_dist_1e8vcs8._.js:776
[   55033ms] [LOG] [Fast Refresh] done in 1ms @ http://localhost:3025/_next/static/chunks/node_modules_next_dist_1e8vcs8._.js:776
[   55083ms] [LOG] [Fast Refresh] done in 1ms @ http://localhost:3025/_next/static/chunks/node_modules_next_dist_1e8vcs8._.js:776
[   55132ms] [LOG] [Fast Refresh] done in 1ms @ http://localhost:3025/_next/static/chunks/node_modules_next_dist_1e8vcs8._.js:776
[   55180ms] [LOG] [Fast Refresh] done in 1ms @ http://localhost:3025/_next/static/chunks/node_modules_next_dist_1e8vcs8._.js:776
[   55229ms] [LOG] [Fast Refresh] done in 1ms @ http://localhost:3025/_next/static/chunks/node_modules_next_dist_1e8vcs8._.js:776
[   55277ms] [LOG] [Fast Refresh] done in 1ms @ http://localhost:3025/_next/static/chunks/node_modules_next_dist_1e8vcs8._.js:776
[   55325ms] [LOG] [Fast Refresh] done in 1ms @ http://localhost:3025/_next/static/chunks/node_modules_next_dist_1e8vcs8._.js:776
[   55374ms] [LOG] [Fast Refresh] done in 1ms @ http://localhost:3025/_next/static/chunks/node_modules_next_dist_1e8vcs8._.js:776
[   55422ms] [LOG] [Fast Refresh] done in 1ms @ http://localhost:3025/_next/static/chunks/node_modules_next_dist_1e8vcs8._.js:776
[   55471ms] [LOG] [Fast Refresh] done in 1ms @ http://localhost:3025/_next/static/chunks/node_modules_next_dist_1e8vcs8._.js:776
[   55517ms] [LOG] [Fast Refresh] done in 1ms @ http://localhost:3025/_next/static/chunks/node_modules_next_dist_1e8vcs8._.js:776
[   55562ms] [LOG] [Fast Refresh] done in 1ms @ http://localhost:3025/_next/static/chunks/node_modules_next_dist_1e8vcs8._.js:776
[   55609ms] [LOG] [Fast Refresh] done in 1ms @ http://localhost:3025/_next/static/chunks/node_modules_next_dist_1e8vcs8._.js:776
[   55656ms] [LOG] [Fast Refresh] done in 1ms @ http://localhost:3025/_next/static/chunks/node_modules_next_dist_1e8vcs8._.js:776
[   55705ms] [LOG] [Fast Refresh] done in 1ms @ http://localhost:3025/_next/static/chunks/node_modules_next_dist_1e8vcs8._.js:776
[   55755ms] [LOG] [Fast Refresh] done in 1ms @ http://localhost:3025/_next/static/chunks/node_modules_next_dist_1e8vcs8._.js:776
[   55805ms] [LOG] [Fast Refresh] done in 1ms @ http://localhost:3025/_next/static/chunks/node_modules_next_dist_1e8vcs8._.js:776
[   55855ms] [LOG] [Fast Refresh] done in 1ms @ http://localhost:3025/_next/static/chunks/node_modules_next_dist_1e8vcs8._.js:776
[   55904ms] [LOG] [Fast Refresh] done in 1ms @ http://localhost:3025/_next/static/chunks/node_modules_next_dist_1e8vcs8._.js:776
[   55953ms] [LOG] [Fast Refresh] done in 1ms @ http://localhost:3025/_next/static/chunks/node_modules_next_dist_1e8vcs8._.js:776
[   56002ms] [LOG] [Fast Refresh] done in 1ms @ http://localhost:3025/_next/static/chunks/node_modules_next_dist_1e8vcs8._.js:776
[   56050ms] [LOG] [Fast Refresh] done in 1ms @ http://localhost:3025/_next/static/chunks/node_modules_next_dist_1e8vcs8._.js:776
[   56100ms] [LOG] [Fast Refresh] done in 1ms @ http://localhost:3025/_next/static/chunks/node_modules_next_dist_1e8vcs8._.js:776
[   56147ms] [LOG] [Fast Refresh] done in 1ms @ http://localhost:3025/_next/static/chunks/node_modules_next_dist_1e8vcs8._.js:776
[   56196ms] [LOG] [Fast Refresh] done in 1ms @ http://localhost:3025/_next/static/chunks/node_modules_next_dist_1e8vcs8._.js:776
[   56243ms] [LOG] [Fast Refresh] done in 1ms @ http://localhost:3025/_next/static/chunks/node_modules_next_dist_1e8vcs8._.js:776
[   56292ms] [LOG] [Fast Refresh] done in 1ms @ http://localhost:3025/_next/static/chunks/node_modules_next_dist_1e8vcs8._.js:776
[   56341ms] [LOG] [Fast Refresh] done in 1ms @ http://localhost:3025/_next/static/chunks/node_modules_next_dist_1e8vcs8._.js:776
[   56388ms] [LOG] [Fast Refresh] done in 1ms @ http://localhost:3025/_next/static/chunks/node_modules_next_dist_1e8vcs8._.js:776
[   56433ms] [LOG] [Fast Refresh] done in 1ms @ http://localhost:3025/_next/static/chunks/node_modules_next_dist_1e8vcs8._.js:776
[   56478ms] [LOG] [Fast Refresh] done in 1ms @ http://localhost:3025/_next/static/chunks/node_modules_next_dist_1e8vcs8._.js:776
[   56525ms] [LOG] [Fast Refresh] done in 1ms @ http://localhost:3025/_next/static/chunks/node_modules_next_dist_1e8vcs8._.js:776
[   56572ms] [LOG] [Fast Refresh] done in 1ms @ http://localhost:3025/_next/static/chunks/node_modules_next_dist_1e8vcs8._.js:776
[   56621ms] [LOG] [Fast Refresh] done in 1ms @ http://localhost:3025/_next/static/chunks/node_modules_next_dist_1e8vcs8._.js:776
[   56671ms] [LOG] [Fast Refresh] done in 1ms @ http://localhost:3025/_next/static/chunks/node_modules_next_dist_1e8vcs8._.js:776
[   56721ms] [LOG] [Fast Refresh] done in 1ms @ http://localhost:3025/_next/static/chunks/node_modules_next_dist_1e8vcs8._.js:776
[   56771ms] [LOG] [Fast Refresh] done in 1ms @ http://localhost:3025/_next/static/chunks/node_modules_next_dist_1e8vcs8._.js:776
[   56819ms] [LOG] [Fast Refresh] done in 1ms @ http://localhost:3025/_next/static/chunks/node_modules_next_dist_1e8vcs8._.js:776
[   56868ms] [LOG] [Fast Refresh] done in 1ms @ http://localhost:3025/_next/static/chunks/node_modules_next_dist_1e8vcs8._.js:776
[   56916ms] [LOG] [Fast Refresh] done in 1ms @ http://localhost:3025/_next/static/chunks/node_modules_next_dist_1e8vcs8._.js:776
[   56964ms] [LOG] [Fast Refresh] done in 1ms @ http://localhost:3025/_next/static/chunks/node_modules_next_dist_1e8vcs8._.js:776
[   57012ms] [LOG] [Fast Refresh] done in 1ms @ http://localhost:3025/_next/static/chunks/node_modules_next_dist_1e8vcs8._.js:776
[   57059ms] [LOG] [Fast Refresh] done in 1ms @ http://localhost:3025/_next/static/chunks/node_modules_next_dist_1e8vcs8._.js:776
[   57107ms] [LOG] [Fast Refresh] done in 1ms @ http://localhost:3025/_next/static/chunks/node_modules_next_dist_1e8vcs8._.js:776
[   57155ms] [LOG] [Fast Refresh] done in 1ms @ http://localhost:3025/_next/static/chunks/node_modules_next_dist_1e8vcs8._.js:776
[   57204ms] [LOG] [Fast Refresh] done in 1ms @ http://localhost:3025/_next/static/chunks/node_modules_next_dist_1e8vcs8._.js:776
[   57253ms] [LOG] [Fast Refresh] done in 1ms @ http://localhost:3025/_next/static/chunks/node_modules_next_dist_1e8vcs8._.js:776
[   57302ms] [LOG] [Fast Refresh] done in 1ms @ http://localhost:3025/_next/static/chunks/node_modules_next_dist_1e8vcs8._.js:776
[   57351ms] [LOG] [Fast Refresh] done in 1ms @ http://localhost:3025/_next/static/chunks/node_modules_next_dist_1e8vcs8._.js:776
[   57398ms] [LOG] [Fast Refresh] done in 1ms @ http://localhost:3025/_next/static/chunks/node_modules_next_dist_1e8vcs8._.js:776
[   57443ms] [LOG] [Fast Refresh] done in 1ms @ http://localhost:3025/_next/static/chunks/node_modules_next_dist_1e8vcs8._.js:776
[   57489ms] [LOG] [Fast Refresh] done in 1ms @ http://localhost:3025/_next/static/chunks/node_modules_next_dist_1e8vcs8._.js:776
[   57540ms] [LOG] [Fast Refresh] done in 1ms @ http://localhost:3025/_next/static/chunks/node_modules_next_dist_1e8vcs8._.js:776
[   57588ms] [LOG] [Fast Refresh] done in 1ms @ http://localhost:3025/_next/static/chunks/node_modules_next_dist_1e8vcs8._.js:776
[   57637ms] [LOG] [Fast Refresh] done in 1ms @ http://localhost:3025/_next/static/chunks/node_modules_next_dist_1e8vcs8._.js:776
[   57686ms] [LOG] [Fast Refresh] done in 1ms @ http://localhost:3025/_next/static/chunks/node_modules_next_dist_1e8vcs8._.js:776
[   57735ms] [LOG] [Fast Refresh] done in 1ms @ http://localhost:3025/_next/static/chunks/node_modules_next_dist_1e8vcs8._.js:776
[   57785ms] [LOG] [Fast Refresh] done in 1ms @ http://localhost:3025/_next/static/chunks/node_modules_next_dist_1e8vcs8._.js:776
[   57833ms] [LOG] [Fast Refresh] done in 1ms @ http://localhost:3025/_next/static/chunks/node_modules_next_dist_1e8vcs8._.js:776
[   57883ms] [LOG] [Fast Refresh] done in 1ms @ http://localhost:3025/_next/static/chunks/node_modules_next_dist_1e8vcs8._.js:776
[   57932ms] [LOG] [Fast Refresh] done in 1ms @ http://localhost:3025/_next/static/chunks/node_modules_next_dist_1e8vcs8._.js:776
[   57980ms] [LOG] [Fast Refresh] done in 1ms @ http://localhost:3025/_next/static/chunks/node_modules_next_dist_1e8vcs8._.js:776
[   58026ms] [LOG] [Fast Refresh] done in 1ms @ http://localhost:3025/_next/static/chunks/node_modules_next_dist_1e8vcs8._.js:776
[   58074ms] [LOG] [Fast Refresh] done in 1ms @ http://localhost:3025/_next/static/chunks/node_modules_next_dist_1e8vcs8._.js:776
[   58122ms] [LOG] [Fast Refresh] done in 1ms @ http://localhost:3025/_next/static/chunks/node_modules_next_dist_1e8vcs8._.js:776
[   58170ms] [LOG] [Fast Refresh] done in 1ms @ http://localhost:3025/_next/static/chunks/node_modules_next_dist_1e8vcs8._.js:776
[   58218ms] [LOG] [Fast Refresh] done in 1ms @ http://localhost:3025/_next/static/chunks/node_modules_next_dist_1e8vcs8._.js:776
[   58266ms] [LOG] [Fast Refresh] done in 1ms @ http://localhost:3025/_next/static/chunks/node_modules_next_dist_1e8vcs8._.js:776
[   58313ms] [LOG] [Fast Refresh] done in 1ms @ http://localhost:3025/_next/static/chunks/node_modules_next_dist_1e8vcs8._.js:776
[   58358ms] [LOG] [Fast Refresh] done in 1ms @ http://localhost:3025/_next/static/chunks/node_modules_next_dist_1e8vcs8._.js:776
[   58405ms] [LOG] [Fast Refresh] done in 1ms @ http://localhost:3025/_next/static/chunks/node_modules_next_dist_1e8vcs8._.js:776
[   58470ms] [LOG] [Fast Refresh] done in 1ms @ http://localhost:3025/_next/static/chunks/node_modules_next_dist_1e8vcs8._.js:776
[   58519ms] [LOG] [Fast Refresh] done in 1ms @ http://localhost:3025/_next/static/chunks/node_modules_next_dist_1e8vcs8._.js:776
[   58566ms] [LOG] [Fast Refresh] done in 1ms @ http://localhost:3025/_next/static/chunks/node_modules_next_dist_1e8vcs8._.js:776
[   58608ms] [LOG] [Fast Refresh] done in 1ms @ http://localhost:3025/_next/static/chunks/node_modules_next_dist_1e8vcs8._.js:776
[   58657ms] [LOG] [Fast Refresh] done in 1ms @ http://localhost:3025/_next/static/chunks/node_modules_next_dist_1e8vcs8._.js:776
[   58704ms] [LOG] [Fast Refresh] done in 1ms @ http://localhost:3025/_next/static/chunks/node_modules_next_dist_1e8vcs8._.js:776
[   58752ms] [LOG] [Fast Refresh] done in 1ms @ http://localhost:3025/_next/static/chunks/node_modules_next_dist_1e8vcs8._.js:776
[   58798ms] [LOG] [Fast Refresh] done in 1ms @ http://localhost:3025/_next/static/chunks/node_modules_next_dist_1e8vcs8._.js:776
[   58845ms] [LOG] [Fast Refresh] done in 1ms @ http://localhost:3025/_next/static/chunks/node_modules_next_dist_1e8vcs8._.js:776
[   58892ms] [LOG] [Fast Refresh] done in 1ms @ http://localhost:3025/_next/static/chunks/node_modules_next_dist_1e8vcs8._.js:776
[   58940ms] [LOG] [Fast Refresh] done in 1ms @ http://localhost:3025/_next/static/chunks/node_modules_next_dist_1e8vcs8._.js:776
[   58990ms] [LOG] [Fast Refresh] done in 1ms @ http://localhost:3025/_next/static/chunks/node_modules_next_dist_1e8vcs8._.js:776
[   59038ms] [LOG] [Fast Refresh] done in 1ms @ http://localhost:3025/_next/static/chunks/node_modules_next_dist_1e8vcs8._.js:776
[   59087ms] [LOG] [Fast Refresh] done in 1ms @ http://localhost:3025/_next/static/chunks/node_modules_next_dist_1e8vcs8._.js:776
[   59133ms] [LOG] [Fast Refresh] done in 1ms @ http://localhost:3025/_next/static/chunks/node_modules_next_dist_1e8vcs8._.js:776
[   59180ms] [LOG] [Fast Refresh] done in 1ms @ http://localhost:3025/_next/static/chunks/node_modules_next_dist_1e8vcs8._.js:776
[   59221ms] [LOG] [Fast Refresh] done in 1ms @ http://localhost:3025/_next/static/chunks/node_modules_next_dist_1e8vcs8._.js:776
[   59267ms] [LOG] [Fast Refresh] done in 1ms @ http://localhost:3025/_next/static/chunks/node_modules_next_dist_1e8vcs8._.js:776
[   59313ms] [LOG] [Fast Refresh] done in 1ms @ http://localhost:3025/_next/static/chunks/node_modules_next_dist_1e8vcs8._.js:776
[   59359ms] [LOG] [Fast Refresh] done in 1ms @ http://localhost:3025/_next/static/chunks/node_modules_next_dist_1e8vcs8._.js:776
[   59406ms] [LOG] [Fast Refresh] done in 1ms @ http://localhost:3025/_next/static/chunks/node_modules_next_dist_1e8vcs8._.js:776
[   59452ms] [LOG] [Fast Refresh] done in 1ms @ http://localhost:3025/_next/static/chunks/node_modules_next_dist_1e8vcs8._.js:776
[   59499ms] [LOG] [Fast Refresh] done in 1ms @ http://localhost:3025/_next/static/chunks/node_modules_next_dist_1e8vcs8._.js:776
[   59545ms] [LOG] [Fast Refresh] done in 1ms @ http://localhost:3025/_next/static/chunks/node_modules_next_dist_1e8vcs8._.js:776
[   59592ms] [LOG] [Fast Refresh] done in 1ms @ http://localhost:3025/_next/static/chunks/node_modules_next_dist_1e8vcs8._.js:776
[   59641ms] [LOG] [Fast Refresh] done in 1ms @ http://localhost:3025/_next/static/chunks/node_modules_next_dist_1e8vcs8._.js:776
[   59691ms] [LOG] [Fast Refresh] done in 1ms @ http://localhost:3025/_next/static/chunks/node_modules_next_dist_1e8vcs8._.js:776
[   59740ms] [LOG] [Fast Refresh] done in 1ms @ http://localhost:3025/_next/static/chunks/node_modules_next_dist_1e8vcs8._.js:776
[   59787ms] [LOG] [Fast Refresh] done in 1ms @ http://localhost:3025/_next/static/chunks/node_modules_next_dist_1e8vcs8._.js:776
[   59835ms] [LOG] [Fast Refresh] done in 1ms @ http://localhost:3025/_next/static/chunks/node_modules_next_dist_1e8vcs8._.js:776
[   59884ms] [LOG] [Fast Refresh] done in 1ms @ http://localhost:3025/_next/static/chunks/node_modules_next_dist_1e8vcs8._.js:776
[   59932ms] [LOG] [Fast Refresh] done in 1ms @ http://localhost:3025/_next/static/chunks/node_modules_next_dist_1e8vcs8._.js:776
[   59982ms] [LOG] [Fast Refresh] done in 1ms @ http://localhost:3025/_next/static/chunks/node_modules_next_dist_1e8vcs8._.js:776
[   60031ms] [LOG] [Fast Refresh] done in 1ms @ http://localhost:3025/_next/static/chunks/node_modules_next_dist_1e8vcs8._.js:776
[   60079ms] [LOG] [Fast Refresh] done in 1ms @ http://localhost:3025/_next/static/chunks/node_modules_next_dist_1e8vcs8._.js:776
[   60127ms] [LOG] [Fast Refresh] done in 1ms @ http://localhost:3025/_next/static/chunks/node_modules_next_dist_1e8vcs8._.js:776
[   60175ms] [LOG] [Fast Refresh] done in 1ms @ http://localhost:3025/_next/static/chunks/node_modules_next_dist_1e8vcs8._.js:776
[   60225ms] [LOG] [Fast Refresh] done in 1ms @ http://localhost:3025/_next/static/chunks/node_modules_next_dist_1e8vcs8._.js:776
[   60271ms] [LOG] [Fast Refresh] done in 1ms @ http://localhost:3025/_next/static/chunks/node_modules_next_dist_1e8vcs8._.js:776
[   60316ms] [LOG] [Fast Refresh] done in 1ms @ http://localhost:3025/_next/static/chunks/node_modules_next_dist_1e8vcs8._.js:776
[   60363ms] [LOG] [Fast Refresh] done in 1ms @ http://localhost:3025/_next/static/chunks/node_modules_next_dist_1e8vcs8._.js:776
[   60410ms] [LOG] [Fast Refresh] done in 1ms @ http://localhost:3025/_next/static/chunks/node_modules_next_dist_1e8vcs8._.js:776
[   60456ms] [LOG] [Fast Refresh] done in 1ms @ http://localhost:3025/_next/static/chunks/node_modules_next_dist_1e8vcs8._.js:776
[   60504ms] [LOG] [Fast Refresh] done in 1ms @ http://localhost:3025/_next/static/chunks/node_modules_next_dist_1e8vcs8._.js:776
[   60553ms] [LOG] [Fast Refresh] done in 1ms @ http://localhost:3025/_next/static/chunks/node_modules_next_dist_1e8vcs8._.js:776
[   60599ms] [LOG] [Fast Refresh] done in 1ms @ http://localhost:3025/_next/static/chunks/node_modules_next_dist_1e8vcs8._.js:776
[   60638ms] [LOG] [Fast Refresh] done in 1ms @ http://localhost:3025/_next/static/chunks/node_modules_next_dist_1e8vcs8._.js:776
[   60683ms] [LOG] [Fast Refresh] done in 1ms @ http://localhost:3025/_next/static/chunks/node_modules_next_dist_1e8vcs8._.js:776
[   60729ms] [LOG] [Fast Refresh] done in 1ms @ http://localhost:3025/_next/static/chunks/node_modules_next_dist_1e8vcs8._.js:776
[   60776ms] [LOG] [Fast Refresh] done in 1ms @ http://localhost:3025/_next/static/chunks/node_modules_next_dist_1e8vcs8._.js:776
[   60825ms] [LOG] [Fast Refresh] done in 1ms @ http://localhost:3025/_next/static/chunks/node_modules_next_dist_1e8vcs8._.js:776
[   60874ms] [LOG] [Fast Refresh] done in 1ms @ http://localhost:3025/_next/static/chunks/node_modules_next_dist_1e8vcs8._.js:776
[   60922ms] [LOG] [Fast Refresh] done in 1ms @ http://localhost:3025/_next/static/chunks/node_modules_next_dist_1e8vcs8._.js:776
[   60971ms] [LOG] [Fast Refresh] done in 1ms @ http://localhost:3025/_next/static/chunks/node_modules_next_dist_1e8vcs8._.js:776
[   61018ms] [LOG] [Fast Refresh] done in 1ms @ http://localhost:3025/_next/static/chunks/node_modules_next_dist_1e8vcs8._.js:776
[   61066ms] [LOG] [Fast Refresh] done in 1ms @ http://localhost:3025/_next/static/chunks/node_modules_next_dist_1e8vcs8._.js:776
[   61113ms] [LOG] [Fast Refresh] done in 1ms @ http://localhost:3025/_next/static/chunks/node_modules_next_dist_1e8vcs8._.js:776
[   61161ms] [LOG] [Fast Refresh] done in 1ms @ http://localhost:3025/_next/static/chunks/node_modules_next_dist_1e8vcs8._.js:776
[   61201ms] [LOG] [Fast Refresh] done in 1ms @ http://localhost:3025/_next/static/chunks/node_modules_next_dist_1e8vcs8._.js:776
[   61247ms] [LOG] [Fast Refresh] done in 1ms @ http://localhost:3025/_next/static/chunks/node_modules_next_dist_1e8vcs8._.js:776
[   61293ms] [LOG] [Fast Refresh] done in 1ms @ http://localhost:3025/_next/static/chunks/node_modules_next_dist_1e8vcs8._.js:776
[   61339ms] [LOG] [Fast Refresh] done in 1ms @ http://localhost:3025/_next/static/chunks/node_modules_next_dist_1e8vcs8._.js:776
[   61386ms] [LOG] [Fast Refresh] done in 1ms @ http://localhost:3025/_next/static/chunks/node_modules_next_dist_1e8vcs8._.js:776
[   61435ms] [LOG] [Fast Refresh] done in 1ms @ http://localhost:3025/_next/static/chunks/node_modules_next_dist_1e8vcs8._.js:776
[   61484ms] [LOG] [Fast Refresh] done in 1ms @ http://localhost:3025/_next/static/chunks/node_modules_next_dist_1e8vcs8._.js:776
[   61532ms] [LOG] [Fast Refresh] done in 1ms @ http://localhost:3025/_next/static/chunks/node_modules_next_dist_1e8vcs8._.js:776
[   61582ms] [LOG] [Fast Refresh] done in 1ms @ http://localhost:3025/_next/static/chunks/node_modules_next_dist_1e8vcs8._.js:776
[   61630ms] [LOG] [Fast Refresh] done in 1ms @ http://localhost:3025/_next/static/chunks/node_modules_next_dist_1e8vcs8._.js:776
[   61679ms] [LOG] [Fast Refresh] done in 1ms @ http://localhost:3025/_next/static/chunks/node_modules_next_dist_1e8vcs8._.js:776
[   61728ms] [LOG] [Fast Refresh] done in 1ms @ http://localhost:3025/_next/static/chunks/node_modules_next_dist_1e8vcs8._.js:776
[   61777ms] [LOG] [Fast Refresh] done in 1ms @ http://localhost:3025/_next/static/chunks/node_modules_next_dist_1e8vcs8._.js:776
[   61827ms] [LOG] [Fast Refresh] done in 1ms @ http://localhost:3025/_next/static/chunks/node_modules_next_dist_1e8vcs8._.js:776
[   61874ms] [LOG] [Fast Refresh] done in 1ms @ http://localhost:3025/_next/static/chunks/node_modules_next_dist_1e8vcs8._.js:776
[   61922ms] [LOG] [Fast Refresh] done in 1ms @ http://localhost:3025/_next/static/chunks/node_modules_next_dist_1e8vcs8._.js:776
[   61971ms] [LOG] [Fast Refresh] done in 1ms @ http://localhost:3025/_next/static/chunks/node_modules_next_dist_1e8vcs8._.js:776
[   62020ms] [LOG] [Fast Refresh] done in 1ms @ http://localhost:3025/_next/static/chunks/node_modules_next_dist_1e8vcs8._.js:776
[   62069ms] [LOG] [Fast Refresh] done in 1ms @ http://localhost:3025/_next/static/chunks/node_modules_next_dist_1e8vcs8._.js:776
[   62119ms] [LOG] [Fast Refresh] done in 1ms @ http://localhost:3025/_next/static/chunks/node_modules_next_dist_1e8vcs8._.js:776
[   62167ms] [LOG] [Fast Refresh] done in 1ms @ http://localhost:3025/_next/static/chunks/node_modules_next_dist_1e8vcs8._.js:776
[   62216ms] [LOG] [Fast Refresh] done in 1ms @ http://localhost:3025/_next/static/chunks/node_modules_next_dist_1e8vcs8._.js:776
[   62262ms] [LOG] [Fast Refresh] done in 1ms @ http://localhost:3025/_next/static/chunks/node_modules_next_dist_1e8vcs8._.js:776
[   62309ms] [LOG] [Fast Refresh] done in 1ms @ http://localhost:3025/_next/static/chunks/node_modules_next_dist_1e8vcs8._.js:776
[   62355ms] [LOG] [Fast Refresh] done in 1ms @ http://localhost:3025/_next/static/chunks/node_modules_next_dist_1e8vcs8._.js:776
[   62402ms] [LOG] [Fast Refresh] done in 1ms @ http://localhost:3025/_next/static/chunks/node_modules_next_dist_1e8vcs8._.js:776
[   62448ms] [LOG] [Fast Refresh] done in 1ms @ http://localhost:3025/_next/static/chunks/node_modules_next_dist_1e8vcs8._.js:776
[   62497ms] [LOG] [Fast Refresh] done in 1ms @ http://localhost:3025/_next/static/chunks/node_modules_next_dist_1e8vcs8._.js:776
[   62547ms] [LOG] [Fast Refresh] done in 1ms @ http://localhost:3025/_next/static/chunks/node_modules_next_dist_1e8vcs8._.js:776
[   62596ms] [LOG] [Fast Refresh] done in 1ms @ http://localhost:3025/_next/static/chunks/node_modules_next_dist_1e8vcs8._.js:776
[   62645ms] [LOG] [Fast Refresh] done in 1ms @ http://localhost:3025/_next/static/chunks/node_modules_next_dist_1e8vcs8._.js:776
[   62694ms] [LOG] [Fast Refresh] done in 1ms @ http://localhost:3025/_next/static/chunks/node_modules_next_dist_1e8vcs8._.js:776
[   62743ms] [LOG] [Fast Refresh] done in 1ms @ http://localhost:3025/_next/static/chunks/node_modules_next_dist_1e8vcs8._.js:776
[   62793ms] [LOG] [Fast Refresh] done in 1ms @ http://localhost:3025/_next/static/chunks/node_modules_next_dist_1e8vcs8._.js:776
[   62840ms] [LOG] [Fast Refresh] done in 1ms @ http://localhost:3025/_next/static/chunks/node_modules_next_dist_1e8vcs8._.js:776
[   62889ms] [LOG] [Fast Refresh] done in 1ms @ http://localhost:3025/_next/static/chunks/node_modules_next_dist_1e8vcs8._.js:776
[   62940ms] [LOG] [Fast Refresh] done in 1ms @ http://localhost:3025/_next/static/chunks/node_modules_next_dist_1e8vcs8._.js:776
[   62988ms] [LOG] [Fast Refresh] done in 1ms @ http://localhost:3025/_next/static/chunks/node_modules_next_dist_1e8vcs8._.js:776
[   63037ms] [LOG] [Fast Refresh] done in 1ms @ http://localhost:3025/_next/static/chunks/node_modules_next_dist_1e8vcs8._.js:776
[   63088ms] [LOG] [Fast Refresh] done in 1ms @ http://localhost:3025/_next/static/chunks/node_modules_next_dist_1e8vcs8._.js:776
[   63137ms] [LOG] [Fast Refresh] done in 1ms @ http://localhost:3025/_next/static/chunks/node_modules_next_dist_1e8vcs8._.js:776
[   63185ms] [LOG] [Fast Refresh] done in 1ms @ http://localhost:3025/_next/static/chunks/node_modules_next_dist_1e8vcs8._.js:776
[   63233ms] [LOG] [Fast Refresh] done in 1ms @ http://localhost:3025/_next/static/chunks/node_modules_next_dist_1e8vcs8._.js:776
[   63279ms] [LOG] [Fast Refresh] done in 1ms @ http://localhost:3025/_next/static/chunks/node_modules_next_dist_1e8vcs8._.js:776
[   63325ms] [LOG] [Fast Refresh] done in 1ms @ http://localhost:3025/_next/static/chunks/node_modules_next_dist_1e8vcs8._.js:776
[   63373ms] [LOG] [Fast Refresh] done in 1ms @ http://localhost:3025/_next/static/chunks/node_modules_next_dist_1e8vcs8._.js:776
[   63421ms] [LOG] [Fast Refresh] done in 1ms @ http://localhost:3025/_next/static/chunks/node_modules_next_dist_1e8vcs8._.js:776
[   63471ms] [LOG] [Fast Refresh] done in 1ms @ http://localhost:3025/_next/static/chunks/node_modules_next_dist_1e8vcs8._.js:776
[   63521ms] [LOG] [Fast Refresh] done in 1ms @ http://localhost:3025/_next/static/chunks/node_modules_next_dist_1e8vcs8._.js:776
[   63570ms] [LOG] [Fast Refresh] done in 1ms @ http://localhost:3025/_next/static/chunks/node_modules_next_dist_1e8vcs8._.js:776
[   63619ms] [LOG] [Fast Refresh] done in 1ms @ http://localhost:3025/_next/static/chunks/node_modules_next_dist_1e8vcs8._.js:776
[   63668ms] [LOG] [Fast Refresh] done in 1ms @ http://localhost:3025/_next/static/chunks/node_modules_next_dist_1e8vcs8._.js:776
[   63716ms] [LOG] [Fast Refresh] done in 1ms @ http://localhost:3025/_next/static/chunks/node_modules_next_dist_1e8vcs8._.js:776
[   63764ms] [LOG] [Fast Refresh] done in 1ms @ http://localhost:3025/_next/static/chunks/node_modules_next_dist_1e8vcs8._.js:776
[   63814ms] [LOG] [Fast Refresh] done in 1ms @ http://localhost:3025/_next/static/chunks/node_modules_next_dist_1e8vcs8._.js:776
[   63863ms] [LOG] [Fast Refresh] done in 1ms @ http://localhost:3025/_next/static/chunks/node_modules_next_dist_1e8vcs8._.js:776
[   63915ms] [LOG] [Fast Refresh] done in 1ms @ http://localhost:3025/_next/static/chunks/node_modules_next_dist_1e8vcs8._.js:776
[   63964ms] [LOG] [Fast Refresh] done in 1ms @ http://localhost:3025/_next/static/chunks/node_modules_next_dist_1e8vcs8._.js:776
[   64011ms] [LOG] [Fast Refresh] done in 1ms @ http://localhost:3025/_next/static/chunks/node_modules_next_dist_1e8vcs8._.js:776
[   64059ms] [LOG] [Fast Refresh] done in 1ms @ http://localhost:3025/_next/static/chunks/node_modules_next_dist_1e8vcs8._.js:776
[   64106ms] [LOG] [Fast Refresh] done in 1ms @ http://localhost:3025/_next/static/chunks/node_modules_next_dist_1e8vcs8._.js:776
[   64152ms] [LOG] [Fast Refresh] done in 1ms @ http://localhost:3025/_next/static/chunks/node_modules_next_dist_1e8vcs8._.js:776
[   64198ms] [LOG] [Fast Refresh] done in 1ms @ http://localhost:3025/_next/static/chunks/node_modules_next_dist_1e8vcs8._.js:776
[   64246ms] [LOG] [Fast Refresh] done in 1ms @ http://localhost:3025/_next/static/chunks/node_modules_next_dist_1e8vcs8._.js:776
[   64295ms] [LOG] [Fast Refresh] done in 1ms @ http://localhost:3025/_next/static/chunks/node_modules_next_dist_1e8vcs8._.js:776
[   64342ms] [LOG] [Fast Refresh] done in 1ms @ http://localhost:3025/_next/static/chunks/node_modules_next_dist_1e8vcs8._.js:776
[   64391ms] [LOG] [Fast Refresh] done in 1ms @ http://localhost:3025/_next/static/chunks/node_modules_next_dist_1e8vcs8._.js:776
[   64438ms] [LOG] [Fast Refresh] done in 1ms @ http://localhost:3025/_next/static/chunks/node_modules_next_dist_1e8vcs8._.js:776
[   64488ms] [LOG] [Fast Refresh] done in 1ms @ http://localhost:3025/_next/static/chunks/node_modules_next_dist_1e8vcs8._.js:776
[   64537ms] [LOG] [Fast Refresh] done in 1ms @ http://localhost:3025/_next/static/chunks/node_modules_next_dist_1e8vcs8._.js:776
[   64585ms] [LOG] [Fast Refresh] done in 1ms @ http://localhost:3025/_next/static/chunks/node_modules_next_dist_1e8vcs8._.js:776
[   64634ms] [LOG] [Fast Refresh] done in 1ms @ http://localhost:3025/_next/static/chunks/node_modules_next_dist_1e8vcs8._.js:776
[   64681ms] [LOG] [Fast Refresh] done in 1ms @ http://localhost:3025/_next/static/chunks/node_modules_next_dist_1e8vcs8._.js:776
[   64730ms] [LOG] [Fast Refresh] done in 1ms @ http://localhost:3025/_next/static/chunks/node_modules_next_dist_1e8vcs8._.js:776
[   64778ms] [LOG] [Fast Refresh] done in 1ms @ http://localhost:3025/_next/static/chunks/node_modules_next_dist_1e8vcs8._.js:776
[   64828ms] [LOG] [Fast Refresh] done in 1ms @ http://localhost:3025/_next/static/chunks/node_modules_next_dist_1e8vcs8._.js:776
[   64879ms] [LOG] [Fast Refresh] done in 1ms @ http://localhost:3025/_next/static/chunks/node_modules_next_dist_1e8vcs8._.js:776
[   64928ms] [LOG] [Fast Refresh] done in 1ms @ http://localhost:3025/_next/static/chunks/node_modules_next_dist_1e8vcs8._.js:776
[   64976ms] [LOG] [Fast Refresh] done in 1ms @ http://localhost:3025/_next/static/chunks/node_modules_next_dist_1e8vcs8._.js:776
[   65024ms] [LOG] [Fast Refresh] done in 1ms @ http://localhost:3025/_next/static/chunks/node_modules_next_dist_1e8vcs8._.js:776
[   65069ms] [LOG] [Fast Refresh] done in 1ms @ http://localhost:3025/_next/static/chunks/node_modules_next_dist_1e8vcs8._.js:776
[   65115ms] [LOG] [Fast Refresh] done in 1ms @ http://localhost:3025/_next/static/chunks/node_modules_next_dist_1e8vcs8._.js:776
[   65163ms] [LOG] [Fast Refresh] done in 1ms @ http://localhost:3025/_next/static/chunks/node_modules_next_dist_1e8vcs8._.js:776
[   65211ms] [LOG] [Fast Refresh] done in 1ms @ http://localhost:3025/_next/static/chunks/node_modules_next_dist_1e8vcs8._.js:776
[   65260ms] [LOG] [Fast Refresh] done in 1ms @ http://localhost:3025/_next/static/chunks/node_modules_next_dist_1e8vcs8._.js:776
[   65309ms] [LOG] [Fast Refresh] done in 1ms @ http://localhost:3025/_next/static/chunks/node_modules_next_dist_1e8vcs8._.js:776
[   65357ms] [LOG] [Fast Refresh] done in 1ms @ http://localhost:3025/_next/static/chunks/node_modules_next_dist_1e8vcs8._.js:776
[   65406ms] [LOG] [Fast Refresh] done in 1ms @ http://localhost:3025/_next/static/chunks/node_modules_next_dist_1e8vcs8._.js:776
[   65455ms] [LOG] [Fast Refresh] done in 1ms @ http://localhost:3025/_next/static/chunks/node_modules_next_dist_1e8vcs8._.js:776
[   65502ms] [LOG] [Fast Refresh] done in 1ms @ http://localhost:3025/_next/static/chunks/node_modules_next_dist_1e8vcs8._.js:776
[   65551ms] [LOG] [Fast Refresh] done in 1ms @ http://localhost:3025/_next/static/chunks/node_modules_next_dist_1e8vcs8._.js:776
[   65600ms] [LOG] [Fast Refresh] done in 1ms @ http://localhost:3025/_next/static/chunks/node_modules_next_dist_1e8vcs8._.js:776
[   65648ms] [LOG] [Fast Refresh] done in 1ms @ http://localhost:3025/_next/static/chunks/node_modules_next_dist_1e8vcs8._.js:776
[   65698ms] [LOG] [Fast Refresh] done in 1ms @ http://localhost:3025/_next/static/chunks/node_modules_next_dist_1e8vcs8._.js:776
[   65748ms] [LOG] [Fast Refresh] done in 1ms @ http://localhost:3025/_next/static/chunks/node_modules_next_dist_1e8vcs8._.js:776
[   65797ms] [LOG] [Fast Refresh] done in 1ms @ http://localhost:3025/_next/static/chunks/node_modules_next_dist_1e8vcs8._.js:776
[   65846ms] [LOG] [Fast Refresh] done in 1ms @ http://localhost:3025/_next/static/chunks/node_modules_next_dist_1e8vcs8._.js:776
[   65895ms] [LOG] [Fast Refresh] done in 1ms @ http://localhost:3025/_next/static/chunks/node_modules_next_dist_1e8vcs8._.js:776
[   65943ms] [LOG] [Fast Refresh] done in 1ms @ http://localhost:3025/_next/static/chunks/node_modules_next_dist_1e8vcs8._.js:776
[   65988ms] [LOG] [Fast Refresh] done in 1ms @ http://localhost:3025/_next/static/chunks/node_modules_next_dist_1e8vcs8._.js:776
[   66031ms] [LOG] [Fast Refresh] done in 1ms @ http://localhost:3025/_next/static/chunks/node_modules_next_dist_1e8vcs8._.js:776
[   66077ms] [LOG] [Fast Refresh] done in 1ms @ http://localhost:3025/_next/static/chunks/node_modules_next_dist_1e8vcs8._.js:776
[   66124ms] [LOG] [Fast Refresh] done in 1ms @ http://localhost:3025/_next/static/chunks/node_modules_next_dist_1e8vcs8._.js:776
[   66172ms] [LOG] [Fast Refresh] done in 1ms @ http://localhost:3025/_next/static/chunks/node_modules_next_dist_1e8vcs8._.js:776
[   66221ms] [LOG] [Fast Refresh] done in 1ms @ http://localhost:3025/_next/static/chunks/node_modules_next_dist_1e8vcs8._.js:776
[   66270ms] [LOG] [Fast Refresh] done in 1ms @ http://localhost:3025/_next/static/chunks/node_modules_next_dist_1e8vcs8._.js:776
[   66317ms] [LOG] [Fast Refresh] done in 1ms @ http://localhost:3025/_next/static/chunks/node_modules_next_dist_1e8vcs8._.js:776
[   66367ms] [LOG] [Fast Refresh] done in 1ms @ http://localhost:3025/_next/static/chunks/node_modules_next_dist_1e8vcs8._.js:776
[   66414ms] [LOG] [Fast Refresh] done in 1ms @ http://localhost:3025/_next/static/chunks/node_modules_next_dist_1e8vcs8._.js:776
[   66462ms] [LOG] [Fast Refresh] done in 1ms @ http://localhost:3025/_next/static/chunks/node_modules_next_dist_1e8vcs8._.js:776
[   66510ms] [LOG] [Fast Refresh] done in 1ms @ http://localhost:3025/_next/static/chunks/node_modules_next_dist_1e8vcs8._.js:776
[   66558ms] [LOG] [Fast Refresh] done in 1ms @ http://localhost:3025/_next/static/chunks/node_modules_next_dist_1e8vcs8._.js:776
[   66607ms] [LOG] [Fast Refresh] done in 1ms @ http://localhost:3025/_next/static/chunks/node_modules_next_dist_1e8vcs8._.js:776
[   66657ms] [LOG] [Fast Refresh] done in 1ms @ http://localhost:3025/_next/static/chunks/node_modules_next_dist_1e8vcs8._.js:776
[   66706ms] [LOG] [Fast Refresh] done in 1ms @ http://localhost:3025/_next/static/chunks/node_modules_next_dist_1e8vcs8._.js:776
[   66754ms] [LOG] [Fast Refresh] done in 1ms @ http://localhost:3025/_next/static/chunks/node_modules_next_dist_1e8vcs8._.js:776
[   66801ms] [LOG] [Fast Refresh] done in 1ms @ http://localhost:3025/_next/static/chunks/node_modules_next_dist_1e8vcs8._.js:776
[   66850ms] [LOG] [Fast Refresh] done in 1ms @ http://localhost:3025/_next/static/chunks/node_modules_next_dist_1e8vcs8._.js:776
[   66900ms] [LOG] [Fast Refresh] done in 1ms @ http://localhost:3025/_next/static/chunks/node_modules_next_dist_1e8vcs8._.js:776
[   66949ms] [LOG] [Fast Refresh] done in 1ms @ http://localhost:3025/_next/static/chunks/node_modules_next_dist_1e8vcs8._.js:776
[   66996ms] [LOG] [Fast Refresh] done in 1ms @ http://localhost:3025/_next/static/chunks/node_modules_next_dist_1e8vcs8._.js:776
[   67044ms] [LOG] [Fast Refresh] done in 1ms @ http://localhost:3025/_next/static/chunks/node_modules_next_dist_1e8vcs8._.js:776
[   67090ms] [LOG] [Fast Refresh] done in 1ms @ http://localhost:3025/_next/static/chunks/node_modules_next_dist_1e8vcs8._.js:776
[   67136ms] [LOG] [Fast Refresh] done in 1ms @ http://localhost:3025/_next/static/chunks/node_modules_next_dist_1e8vcs8._.js:776
[   67183ms] [LOG] [Fast Refresh] done in 1ms @ http://localhost:3025/_next/static/chunks/node_modules_next_dist_1e8vcs8._.js:776
[   67232ms] [LOG] [Fast Refresh] done in 1ms @ http://localhost:3025/_next/static/chunks/node_modules_next_dist_1e8vcs8._.js:776
[   67280ms] [LOG] [Fast Refresh] done in 1ms @ http://localhost:3025/_next/static/chunks/node_modules_next_dist_1e8vcs8._.js:776
[   67330ms] [LOG] [Fast Refresh] done in 1ms @ http://localhost:3025/_next/static/chunks/node_modules_next_dist_1e8vcs8._.js:776
[   67377ms] [LOG] [Fast Refresh] done in 1ms @ http://localhost:3025/_next/static/chunks/node_modules_next_dist_1e8vcs8._.js:776
[   67427ms] [LOG] [Fast Refresh] done in 1ms @ http://localhost:3025/_next/static/chunks/node_modules_next_dist_1e8vcs8._.js:776
[   67477ms] [LOG] [Fast Refresh] done in 1ms @ http://localhost:3025/_next/static/chunks/node_modules_next_dist_1e8vcs8._.js:776
[   67525ms] [LOG] [Fast Refresh] done in 1ms @ http://localhost:3025/_next/static/chunks/node_modules_next_dist_1e8vcs8._.js:776
[   67573ms] [LOG] [Fast Refresh] done in 1ms @ http://localhost:3025/_next/static/chunks/node_modules_next_dist_1e8vcs8._.js:776
[   67623ms] [LOG] [Fast Refresh] done in 1ms @ http://localhost:3025/_next/static/chunks/node_modules_next_dist_1e8vcs8._.js:776
[   67673ms] [LOG] [Fast Refresh] done in 1ms @ http://localhost:3025/_next/static/chunks/node_modules_next_dist_1e8vcs8._.js:776
[   67721ms] [LOG] [Fast Refresh] done in 1ms @ http://localhost:3025/_next/static/chunks/node_modules_next_dist_1e8vcs8._.js:776
[   67771ms] [LOG] [Fast Refresh] done in 1ms @ http://localhost:3025/_next/static/chunks/node_modules_next_dist_1e8vcs8._.js:776
[   67820ms] [LOG] [Fast Refresh] done in 1ms @ http://localhost:3025/_next/static/chunks/node_modules_next_dist_1e8vcs8._.js:776
[   67860ms] [LOG] [Fast Refresh] done in 1ms @ http://localhost:3025/_next/static/chunks/node_modules_next_dist_1e8vcs8._.js:776
[   67908ms] [LOG] [Fast Refresh] done in 1ms @ http://localhost:3025/_next/static/chunks/node_modules_next_dist_1e8vcs8._.js:776
[   67954ms] [LOG] [Fast Refresh] done in 1ms @ http://localhost:3025/_next/static/chunks/node_modules_next_dist_1e8vcs8._.js:776
[   68000ms] [LOG] [Fast Refresh] done in 1ms @ http://localhost:3025/_next/static/chunks/node_modules_next_dist_1e8vcs8._.js:776
[   68047ms] [LOG] [Fast Refresh] done in 1ms @ http://localhost:3025/_next/static/chunks/node_modules_next_dist_1e8vcs8._.js:776
[   68095ms] [LOG] [Fast Refresh] done in 1ms @ http://localhost:3025/_next/static/chunks/node_modules_next_dist_1e8vcs8._.js:776
[   68142ms] [LOG] [Fast Refresh] done in 1ms @ http://localhost:3025/_next/static/chunks/node_modules_next_dist_1e8vcs8._.js:776
[   68191ms] [LOG] [Fast Refresh] done in 1ms @ http://localhost:3025/_next/static/chunks/node_modules_next_dist_1e8vcs8._.js:776
[   68239ms] [LOG] [Fast Refresh] done in 1ms @ http://localhost:3025/_next/static/chunks/node_modules_next_dist_1e8vcs8._.js:776
[   68286ms] [LOG] [Fast Refresh] done in 1ms @ http://localhost:3025/_next/static/chunks/node_modules_next_dist_1e8vcs8._.js:776
[   68335ms] [LOG] [Fast Refresh] done in 1ms @ http://localhost:3025/_next/static/chunks/node_modules_next_dist_1e8vcs8._.js:776
[   68383ms] [LOG] [Fast Refresh] done in 1ms @ http://localhost:3025/_next/static/chunks/node_modules_next_dist_1e8vcs8._.js:776
[   68433ms] [LOG] [Fast Refresh] done in 1ms @ http://localhost:3025/_next/static/chunks/node_modules_next_dist_1e8vcs8._.js:776
[   68481ms] [LOG] [Fast Refresh] done in 1ms @ http://localhost:3025/_next/static/chunks/node_modules_next_dist_1e8vcs8._.js:776
[   68529ms] [LOG] [Fast Refresh] done in 1ms @ http://localhost:3025/_next/static/chunks/node_modules_next_dist_1e8vcs8._.js:776
[   68578ms] [LOG] [Fast Refresh] done in 1ms @ http://localhost:3025/_next/static/chunks/node_modules_next_dist_1e8vcs8._.js:776
[   68627ms] [LOG] [Fast Refresh] done in 1ms @ http://localhost:3025/_next/static/chunks/node_modules_next_dist_1e8vcs8._.js:776
[   68676ms] [LOG] [Fast Refresh] done in 1ms @ http://localhost:3025/_next/static/chunks/node_modules_next_dist_1e8vcs8._.js:776
[   68725ms] [LOG] [Fast Refresh] done in 1ms @ http://localhost:3025/_next/static/chunks/node_modules_next_dist_1e8vcs8._.js:776
[   68772ms] [LOG] [Fast Refresh] done in 1ms @ http://localhost:3025/_next/static/chunks/node_modules_next_dist_1e8vcs8._.js:776
[   68820ms] [LOG] [Fast Refresh] done in 1ms @ http://localhost:3025/_next/static/chunks/node_modules_next_dist_1e8vcs8._.js:776
[   68870ms] [LOG] [Fast Refresh] done in 1ms @ http://localhost:3025/_next/static/chunks/node_modules_next_dist_1e8vcs8._.js:776
[   68915ms] [LOG] [Fast Refresh] done in 1ms @ http://localhost:3025/_next/static/chunks/node_modules_next_dist_1e8vcs8._.js:776
[   68961ms] [LOG] [Fast Refresh] done in 1ms @ http://localhost:3025/_next/static/chunks/node_modules_next_dist_1e8vcs8._.js:776
[   69007ms] [LOG] [Fast Refresh] done in 1ms @ http://localhost:3025/_next/static/chunks/node_modules_next_dist_1e8vcs8._.js:776
[   69055ms] [LOG] [Fast Refresh] done in 1ms @ http://localhost:3025/_next/static/chunks/node_modules_next_dist_1e8vcs8._.js:776
[   69104ms] [LOG] [Fast Refresh] done in 1ms @ http://localhost:3025/_next/static/chunks/node_modules_next_dist_1e8vcs8._.js:776
[   69153ms] [LOG] [Fast Refresh] done in 1ms @ http://localhost:3025/_next/static/chunks/node_modules_next_dist_1e8vcs8._.js:776
[   69201ms] [LOG] [Fast Refresh] done in 1ms @ http://localhost:3025/_next/static/chunks/node_modules_next_dist_1e8vcs8._.js:776
[   69250ms] [LOG] [Fast Refresh] done in 1ms @ http://localhost:3025/_next/static/chunks/node_modules_next_dist_1e8vcs8._.js:776
[   69298ms] [LOG] [Fast Refresh] done in 1ms @ http://localhost:3025/_next/static/chunks/node_modules_next_dist_1e8vcs8._.js:776
[   69346ms] [LOG] [Fast Refresh] done in 1ms @ http://localhost:3025/_next/static/chunks/node_modules_next_dist_1e8vcs8._.js:776
[   69394ms] [LOG] [Fast Refresh] done in 1ms @ http://localhost:3025/_next/static/chunks/node_modules_next_dist_1e8vcs8._.js:776
[   69443ms] [LOG] [Fast Refresh] done in 1ms @ http://localhost:3025/_next/static/chunks/node_modules_next_dist_1e8vcs8._.js:776
[   69493ms] [LOG] [Fast Refresh] done in 1ms @ http://localhost:3025/_next/static/chunks/node_modules_next_dist_1e8vcs8._.js:776
[   69542ms] [LOG] [Fast Refresh] done in 1ms @ http://localhost:3025/_next/static/chunks/node_modules_next_dist_1e8vcs8._.js:776
[   69592ms] [LOG] [Fast Refresh] done in 1ms @ http://localhost:3025/_next/static/chunks/node_modules_next_dist_1e8vcs8._.js:776
[   69641ms] [LOG] [Fast Refresh] done in 1ms @ http://localhost:3025/_next/static/chunks/node_modules_next_dist_1e8vcs8._.js:776
[   69690ms] [LOG] [Fast Refresh] done in 1ms @ http://localhost:3025/_next/static/chunks/node_modules_next_dist_1e8vcs8._.js:776
[   69740ms] [LOG] [Fast Refresh] done in 1ms @ http://localhost:3025/_next/static/chunks/node_modules_next_dist_1e8vcs8._.js:776
[   69788ms] [LOG] [Fast Refresh] done in 1ms @ http://localhost:3025/_next/static/chunks/node_modules_next_dist_1e8vcs8._.js:776
[   69836ms] [LOG] [Fast Refresh] done in 1ms @ http://localhost:3025/_next/static/chunks/node_modules_next_dist_1e8vcs8._.js:776
[   69881ms] [LOG] [Fast Refresh] done in 1ms @ http://localhost:3025/_next/static/chunks/node_modules_next_dist_1e8vcs8._.js:776
[   69927ms] [LOG] [Fast Refresh] done in 1ms @ http://localhost:3025/_next/static/chunks/node_modules_next_dist_1e8vcs8._.js:776
[   69973ms] [LOG] [Fast Refresh] done in 1ms @ http://localhost:3025/_next/static/chunks/node_modules_next_dist_1e8vcs8._.js:776
[   70022ms] [LOG] [Fast Refresh] done in 1ms @ http://localhost:3025/_next/static/chunks/node_modules_next_dist_1e8vcs8._.js:776
[   70072ms] [LOG] [Fast Refresh] done in 1ms @ http://localhost:3025/_next/static/chunks/node_modules_next_dist_1e8vcs8._.js:776
[   70120ms] [LOG] [Fast Refresh] done in 1ms @ http://localhost:3025/_next/static/chunks/node_modules_next_dist_1e8vcs8._.js:776
[   70169ms] [LOG] [Fast Refresh] done in 1ms @ http://localhost:3025/_next/static/chunks/node_modules_next_dist_1e8vcs8._.js:776
[   70218ms] [LOG] [Fast Refresh] done in 1ms @ http://localhost:3025/_next/static/chunks/node_modules_next_dist_1e8vcs8._.js:776
[   70267ms] [LOG] [Fast Refresh] done in 1ms @ http://localhost:3025/_next/static/chunks/node_modules_next_dist_1e8vcs8._.js:776
[   70316ms] [LOG] [Fast Refresh] done in 1ms @ http://localhost:3025/_next/static/chunks/node_modules_next_dist_1e8vcs8._.js:776
[   70364ms] [LOG] [Fast Refresh] done in 1ms @ http://localhost:3025/_next/static/chunks/node_modules_next_dist_1e8vcs8._.js:776
[   70414ms] [LOG] [Fast Refresh] done in 1ms @ http://localhost:3025/_next/static/chunks/node_modules_next_dist_1e8vcs8._.js:776
[   70463ms] [LOG] [Fast Refresh] done in 1ms @ http://localhost:3025/_next/static/chunks/node_modules_next_dist_1e8vcs8._.js:776
[   70512ms] [LOG] [Fast Refresh] done in 1ms @ http://localhost:3025/_next/static/chunks/node_modules_next_dist_1e8vcs8._.js:776
[   70561ms] [LOG] [Fast Refresh] done in 1ms @ http://localhost:3025/_next/static/chunks/node_modules_next_dist_1e8vcs8._.js:776
[   70610ms] [LOG] [Fast Refresh] done in 1ms @ http://localhost:3025/_next/static/chunks/node_modules_next_dist_1e8vcs8._.js:776
[   70659ms] [LOG] [Fast Refresh] done in 1ms @ http://localhost:3025/_next/static/chunks/node_modules_next_dist_1e8vcs8._.js:776
[   70708ms] [LOG] [Fast Refresh] done in 1ms @ http://localhost:3025/_next/static/chunks/node_modules_next_dist_1e8vcs8._.js:776
[   70756ms] [LOG] [Fast Refresh] done in 1ms @ http://localhost:3025/_next/static/chunks/node_modules_next_dist_1e8vcs8._.js:776
[   70804ms] [LOG] [Fast Refresh] done in 1ms @ http://localhost:3025/_next/static/chunks/node_modules_next_dist_1e8vcs8._.js:776
[   70842ms] [LOG] [Fast Refresh] done in 1ms @ http://localhost:3025/_next/static/chunks/node_modules_next_dist_1e8vcs8._.js:776
[   70887ms] [LOG] [Fast Refresh] done in 1ms @ http://localhost:3025/_next/static/chunks/node_modules_next_dist_1e8vcs8._.js:776
[   70934ms] [LOG] [Fast Refresh] done in 1ms @ http://localhost:3025/_next/static/chunks/node_modules_next_dist_1e8vcs8._.js:776
[   70982ms] [LOG] [Fast Refresh] done in 1ms @ http://localhost:3025/_next/static/chunks/node_modules_next_dist_1e8vcs8._.js:776
[   71030ms] [LOG] [Fast Refresh] done in 1ms @ http://localhost:3025/_next/static/chunks/node_modules_next_dist_1e8vcs8._.js:776
[   71079ms] [LOG] [Fast Refresh] done in 1ms @ http://localhost:3025/_next/static/chunks/node_modules_next_dist_1e8vcs8._.js:776
[   71128ms] [LOG] [Fast Refresh] done in 1ms @ http://localhost:3025/_next/static/chunks/node_modules_next_dist_1e8vcs8._.js:776
[   71176ms] [LOG] [Fast Refresh] done in 1ms @ http://localhost:3025/_next/static/chunks/node_modules_next_dist_1e8vcs8._.js:776
[   71224ms] [LOG] [Fast Refresh] done in 1ms @ http://localhost:3025/_next/static/chunks/node_modules_next_dist_1e8vcs8._.js:776
[   71272ms] [LOG] [Fast Refresh] done in 1ms @ http://localhost:3025/_next/static/chunks/node_modules_next_dist_1e8vcs8._.js:776
[   71321ms] [LOG] [Fast Refresh] done in 1ms @ http://localhost:3025/_next/static/chunks/node_modules_next_dist_1e8vcs8._.js:776
[   71370ms] [LOG] [Fast Refresh] done in 1ms @ http://localhost:3025/_next/static/chunks/node_modules_next_dist_1e8vcs8._.js:776
[   71418ms] [LOG] [Fast Refresh] done in 1ms @ http://localhost:3025/_next/static/chunks/node_modules_next_dist_1e8vcs8._.js:776
[   71467ms] [LOG] [Fast Refresh] done in 1ms @ http://localhost:3025/_next/static/chunks/node_modules_next_dist_1e8vcs8._.js:776
[   71515ms] [LOG] [Fast Refresh] done in 1ms @ http://localhost:3025/_next/static/chunks/node_modules_next_dist_1e8vcs8._.js:776
[   71565ms] [LOG] [Fast Refresh] done in 1ms @ http://localhost:3025/_next/static/chunks/node_modules_next_dist_1e8vcs8._.js:776
[   71613ms] [LOG] [Fast Refresh] done in 1ms @ http://localhost:3025/_next/static/chunks/node_modules_next_dist_1e8vcs8._.js:776
[   71663ms] [LOG] [Fast Refresh] done in 1ms @ http://localhost:3025/_next/static/chunks/node_modules_next_dist_1e8vcs8._.js:776
[   71712ms] [LOG] [Fast Refresh] done in 1ms @ http://localhost:3025/_next/static/chunks/node_modules_next_dist_1e8vcs8._.js:776
[   71761ms] [LOG] [Fast Refresh] done in 1ms @ http://localhost:3025/_next/static/chunks/node_modules_next_dist_1e8vcs8._.js:776
[   71809ms] [LOG] [Fast Refresh] done in 1ms @ http://localhost:3025/_next/static/chunks/node_modules_next_dist_1e8vcs8._.js:776
[   71846ms] [LOG] [Fast Refresh] done in 1ms @ http://localhost:3025/_next/static/chunks/node_modules_next_dist_1e8vcs8._.js:776
[   71881ms] [LOG] [Fast Refresh] done in 1ms @ http://localhost:3025/_next/static/chunks/node_modules_next_dist_1e8vcs8._.js:776
[   71928ms] [LOG] [Fast Refresh] done in 1ms @ http://localhost:3025/_next/static/chunks/node_modules_next_dist_1e8vcs8._.js:776
[   71977ms] [LOG] [Fast Refresh] done in 1ms @ http://localhost:3025/_next/static/chunks/node_modules_next_dist_1e8vcs8._.js:776
[   72026ms] [LOG] [Fast Refresh] done in 1ms @ http://localhost:3025/_next/static/chunks/node_modules_next_dist_1e8vcs8._.js:776
[   72076ms] [LOG] [Fast Refresh] done in 1ms @ http://localhost:3025/_next/static/chunks/node_modules_next_dist_1e8vcs8._.js:776
[   72124ms] [LOG] [Fast Refresh] done in 1ms @ http://localhost:3025/_next/static/chunks/node_modules_next_dist_1e8vcs8._.js:776
[   72172ms] [LOG] [Fast Refresh] done in 1ms @ http://localhost:3025/_next/static/chunks/node_modules_next_dist_1e8vcs8._.js:776
[   72222ms] [LOG] [Fast Refresh] done in 1ms @ http://localhost:3025/_next/static/chunks/node_modules_next_dist_1e8vcs8._.js:776
[   72269ms] [LOG] [Fast Refresh] done in 1ms @ http://localhost:3025/_next/static/chunks/node_modules_next_dist_1e8vcs8._.js:776
[   72318ms] [LOG] [Fast Refresh] done in 1ms @ http://localhost:3025/_next/static/chunks/node_modules_next_dist_1e8vcs8._.js:776
[   72367ms] [LOG] [Fast Refresh] done in 1ms @ http://localhost:3025/_next/static/chunks/node_modules_next_dist_1e8vcs8._.js:776
[   72416ms] [LOG] [Fast Refresh] done in 1ms @ http://localhost:3025/_next/static/chunks/node_modules_next_dist_1e8vcs8._.js:776
[   72465ms] [LOG] [Fast Refresh] done in 1ms @ http://localhost:3025/_next/static/chunks/node_modules_next_dist_1e8vcs8._.js:776
[   72515ms] [LOG] [Fast Refresh] done in 1ms @ http://localhost:3025/_next/static/chunks/node_modules_next_dist_1e8vcs8._.js:776
[   72563ms] [LOG] [Fast Refresh] done in 1ms @ http://localhost:3025/_next/static/chunks/node_modules_next_dist_1e8vcs8._.js:776
[   72611ms] [LOG] [Fast Refresh] done in 1ms @ http://localhost:3025/_next/static/chunks/node_modules_next_dist_1e8vcs8._.js:776
[   72659ms] [LOG] [Fast Refresh] done in 1ms @ http://localhost:3025/_next/static/chunks/node_modules_next_dist_1e8vcs8._.js:776
[   72706ms] [LOG] [Fast Refresh] done in 1ms @ http://localhost:3025/_next/static/chunks/node_modules_next_dist_1e8vcs8._.js:776
[   72752ms] [LOG] [Fast Refresh] done in 1ms @ http://localhost:3025/_next/static/chunks/node_modules_next_dist_1e8vcs8._.js:776
[   72797ms] [LOG] [Fast Refresh] done in 1ms @ http://localhost:3025/_next/static/chunks/node_modules_next_dist_1e8vcs8._.js:776
[   72844ms] [LOG] [Fast Refresh] done in 1ms @ http://localhost:3025/_next/static/chunks/node_modules_next_dist_1e8vcs8._.js:776
[   72887ms] [LOG] [Fast Refresh] done in 1ms @ http://localhost:3025/_next/static/chunks/node_modules_next_dist_1e8vcs8._.js:776
[   72935ms] [LOG] [Fast Refresh] done in 1ms @ http://localhost:3025/_next/static/chunks/node_modules_next_dist_1e8vcs8._.js:776
[   72985ms] [LOG] [Fast Refresh] done in 1ms @ http://localhost:3025/_next/static/chunks/node_modules_next_dist_1e8vcs8._.js:776
[   73034ms] [LOG] [Fast Refresh] done in 1ms @ http://localhost:3025/_next/static/chunks/node_modules_next_dist_1e8vcs8._.js:776
[   73084ms] [LOG] [Fast Refresh] done in 1ms @ http://localhost:3025/_next/static/chunks/node_modules_next_dist_1e8vcs8._.js:776
[   73133ms] [LOG] [Fast Refresh] done in 1ms @ http://localhost:3025/_next/static/chunks/node_modules_next_dist_1e8vcs8._.js:776
[   73180ms] [LOG] [Fast Refresh] done in 1ms @ http://localhost:3025/_next/static/chunks/node_modules_next_dist_1e8vcs8._.js:776
[   73228ms] [LOG] [Fast Refresh] done in 1ms @ http://localhost:3025/_next/static/chunks/node_modules_next_dist_1e8vcs8._.js:776
[   73277ms] [LOG] [Fast Refresh] done in 1ms @ http://localhost:3025/_next/static/chunks/node_modules_next_dist_1e8vcs8._.js:776
[   73326ms] [LOG] [Fast Refresh] done in 1ms @ http://localhost:3025/_next/static/chunks/node_modules_next_dist_1e8vcs8._.js:776
[   73376ms] [LOG] [Fast Refresh] done in 1ms @ http://localhost:3025/_next/static/chunks/node_modules_next_dist_1e8vcs8._.js:776
[   73424ms] [LOG] [Fast Refresh] done in 1ms @ http://localhost:3025/_next/static/chunks/node_modules_next_dist_1e8vcs8._.js:776
[   73473ms] [LOG] [Fast Refresh] done in 1ms @ http://localhost:3025/_next/static/chunks/node_modules_next_dist_1e8vcs8._.js:776
[   73521ms] [LOG] [Fast Refresh] done in 1ms @ http://localhost:3025/_next/static/chunks/node_modules_next_dist_1e8vcs8._.js:776
[   73568ms] [LOG] [Fast Refresh] done in 1ms @ http://localhost:3025/_next/static/chunks/node_modules_next_dist_1e8vcs8._.js:776
[   73614ms] [LOG] [Fast Refresh] done in 1ms @ http://localhost:3025/_next/static/chunks/node_modules_next_dist_1e8vcs8._.js:776
[   73663ms] [LOG] [Fast Refresh] done in 1ms @ http://localhost:3025/_next/static/chunks/node_modules_next_dist_1e8vcs8._.js:776
[   73711ms] [LOG] [Fast Refresh] done in 1ms @ http://localhost:3025/_next/static/chunks/node_modules_next_dist_1e8vcs8._.js:776
[   73757ms] [LOG] [Fast Refresh] done in 1ms @ http://localhost:3025/_next/static/chunks/node_modules_next_dist_1e8vcs8._.js:776
[   73802ms] [LOG] [Fast Refresh] done in 1ms @ http://localhost:3025/_next/static/chunks/node_modules_next_dist_1e8vcs8._.js:776
[   73850ms] [LOG] [Fast Refresh] done in 1ms @ http://localhost:3025/_next/static/chunks/node_modules_next_dist_1e8vcs8._.js:776
[   73893ms] [LOG] [Fast Refresh] done in 1ms @ http://localhost:3025/_next/static/chunks/node_modules_next_dist_1e8vcs8._.js:776
[   73942ms] [LOG] [Fast Refresh] done in 1ms @ http://localhost:3025/_next/static/chunks/node_modules_next_dist_1e8vcs8._.js:776
[   73991ms] [LOG] [Fast Refresh] done in 1ms @ http://localhost:3025/_next/static/chunks/node_modules_next_dist_1e8vcs8._.js:776
[   74039ms] [LOG] [Fast Refresh] done in 1ms @ http://localhost:3025/_next/static/chunks/node_modules_next_dist_1e8vcs8._.js:776
[   74088ms] [LOG] [Fast Refresh] done in 1ms @ http://localhost:3025/_next/static/chunks/node_modules_next_dist_1e8vcs8._.js:776
[   74136ms] [LOG] [Fast Refresh] done in 1ms @ http://localhost:3025/_next/static/chunks/node_modules_next_dist_1e8vcs8._.js:776
[   74186ms] [LOG] [Fast Refresh] done in 1ms @ http://localhost:3025/_next/static/chunks/node_modules_next_dist_1e8vcs8._.js:776
[   74236ms] [LOG] [Fast Refresh] done in 1ms @ http://localhost:3025/_next/static/chunks/node_modules_next_dist_1e8vcs8._.js:776
[   74285ms] [LOG] [Fast Refresh] done in 1ms @ http://localhost:3025/_next/static/chunks/node_modules_next_dist_1e8vcs8._.js:776
[   74334ms] [LOG] [Fast Refresh] done in 1ms @ http://localhost:3025/_next/static/chunks/node_modules_next_dist_1e8vcs8._.js:776
[   74383ms] [LOG] [Fast Refresh] done in 1ms @ http://localhost:3025/_next/static/chunks/node_modules_next_dist_1e8vcs8._.js:776
[   74431ms] [LOG] [Fast Refresh] done in 1ms @ http://localhost:3025/_next/static/chunks/node_modules_next_dist_1e8vcs8._.js:776
[   74479ms] [LOG] [Fast Refresh] done in 1ms @ http://localhost:3025/_next/static/chunks/node_modules_next_dist_1e8vcs8._.js:776
[   74528ms] [LOG] [Fast Refresh] done in 1ms @ http://localhost:3025/_next/static/chunks/node_modules_next_dist_1e8vcs8._.js:776
[   74575ms] [LOG] [Fast Refresh] done in 1ms @ http://localhost:3025/_next/static/chunks/node_modules_next_dist_1e8vcs8._.js:776
[   74622ms] [LOG] [Fast Refresh] done in 1ms @ http://localhost:3025/_next/static/chunks/node_modules_next_dist_1e8vcs8._.js:776
[   74664ms] [LOG] [Fast Refresh] done in 1ms @ http://localhost:3025/_next/static/chunks/node_modules_next_dist_1e8vcs8._.js:776
[   74710ms] [LOG] [Fast Refresh] done in 1ms @ http://localhost:3025/_next/static/chunks/node_modules_next_dist_1e8vcs8._.js:776
[   74757ms] [LOG] [Fast Refresh] done in 1ms @ http://localhost:3025/_next/static/chunks/node_modules_next_dist_1e8vcs8._.js:776
[   74805ms] [LOG] [Fast Refresh] done in 1ms @ http://localhost:3025/_next/static/chunks/node_modules_next_dist_1e8vcs8._.js:776
[   74854ms] [LOG] [Fast Refresh] done in 1ms @ http://localhost:3025/_next/static/chunks/node_modules_next_dist_1e8vcs8._.js:776
[   74901ms] [LOG] [Fast Refresh] done in 1ms @ http://localhost:3025/_next/static/chunks/node_modules_next_dist_1e8vcs8._.js:776
[   74950ms] [LOG] [Fast Refresh] done in 1ms @ http://localhost:3025/_next/static/chunks/node_modules_next_dist_1e8vcs8._.js:776
[   74996ms] [LOG] [Fast Refresh] done in 1ms @ http://localhost:3025/_next/static/chunks/node_modules_next_dist_1e8vcs8._.js:776
[   75045ms] [LOG] [Fast Refresh] done in 1ms @ http://localhost:3025/_next/static/chunks/node_modules_next_dist_1e8vcs8._.js:776
[   75093ms] [LOG] [Fast Refresh] done in 1ms @ http://localhost:3025/_next/static/chunks/node_modules_next_dist_1e8vcs8._.js:776
[   75141ms] [LOG] [Fast Refresh] done in 1ms @ http://localhost:3025/_next/static/chunks/node_modules_next_dist_1e8vcs8._.js:776
[   75188ms] [LOG] [Fast Refresh] done in 1ms @ http://localhost:3025/_next/static/chunks/node_modules_next_dist_1e8vcs8._.js:776
[   75235ms] [LOG] [Fast Refresh] done in 1ms @ http://localhost:3025/_next/static/chunks/node_modules_next_dist_1e8vcs8._.js:776
[   75282ms] [LOG] [Fast Refresh] done in 1ms @ http://localhost:3025/_next/static/chunks/node_modules_next_dist_1e8vcs8._.js:776
[   75330ms] [LOG] [Fast Refresh] done in 1ms @ http://localhost:3025/_next/static/chunks/node_modules_next_dist_1e8vcs8._.js:776
[   75379ms] [LOG] [Fast Refresh] done in 1ms @ http://localhost:3025/_next/static/chunks/node_modules_next_dist_1e8vcs8._.js:776
[   75428ms] [LOG] [Fast Refresh] done in 1ms @ http://localhost:3025/_next/static/chunks/node_modules_next_dist_1e8vcs8._.js:776
[   75477ms] [LOG] [Fast Refresh] done in 1ms @ http://localhost:3025/_next/static/chunks/node_modules_next_dist_1e8vcs8._.js:776
[   75527ms] [LOG] [Fast Refresh] done in 1ms @ http://localhost:3025/_next/static/chunks/node_modules_next_dist_1e8vcs8._.js:776
[   75575ms] [LOG] [Fast Refresh] done in 1ms @ http://localhost:3025/_next/static/chunks/node_modules_next_dist_1e8vcs8._.js:776
[   75623ms] [LOG] [Fast Refresh] done in 1ms @ http://localhost:3025/_next/static/chunks/node_modules_next_dist_1e8vcs8._.js:776
[   75670ms] [LOG] [Fast Refresh] done in 1ms @ http://localhost:3025/_next/static/chunks/node_modules_next_dist_1e8vcs8._.js:776
[   75717ms] [LOG] [Fast Refresh] done in 1ms @ http://localhost:3025/_next/static/chunks/node_modules_next_dist_1e8vcs8._.js:776
[   75764ms] [LOG] [Fast Refresh] done in 1ms @ http://localhost:3025/_next/static/chunks/node_modules_next_dist_1e8vcs8._.js:776
[   75802ms] [LOG] [Fast Refresh] done in 1ms @ http://localhost:3025/_next/static/chunks/node_modules_next_dist_1e8vcs8._.js:776
[   75847ms] [LOG] [Fast Refresh] done in 1ms @ http://localhost:3025/_next/static/chunks/node_modules_next_dist_1e8vcs8._.js:776
[   75894ms] [LOG] [Fast Refresh] done in 1ms @ http://localhost:3025/_next/static/chunks/node_modules_next_dist_1e8vcs8._.js:776
[   75942ms] [LOG] [Fast Refresh] done in 1ms @ http://localhost:3025/_next/static/chunks/node_modules_next_dist_1e8vcs8._.js:776
[   75990ms] [LOG] [Fast Refresh] done in 1ms @ http://localhost:3025/_next/static/chunks/node_modules_next_dist_1e8vcs8._.js:776
[   76039ms] [LOG] [Fast Refresh] done in 1ms @ http://localhost:3025/_next/static/chunks/node_modules_next_dist_1e8vcs8._.js:776
[   76088ms] [LOG] [Fast Refresh] done in 1ms @ http://localhost:3025/_next/static/chunks/node_modules_next_dist_1e8vcs8._.js:776
[   76137ms] [LOG] [Fast Refresh] done in 1ms @ http://localhost:3025/_next/static/chunks/node_modules_next_dist_1e8vcs8._.js:776
[   76186ms] [LOG] [Fast Refresh] done in 1ms @ http://localhost:3025/_next/static/chunks/node_modules_next_dist_1e8vcs8._.js:776
[   76235ms] [LOG] [Fast Refresh] done in 1ms @ http://localhost:3025/_next/static/chunks/node_modules_next_dist_1e8vcs8._.js:776
[   76285ms] [LOG] [Fast Refresh] done in 1ms @ http://localhost:3025/_next/static/chunks/node_modules_next_dist_1e8vcs8._.js:776
[   76334ms] [LOG] [Fast Refresh] done in 1ms @ http://localhost:3025/_next/static/chunks/node_modules_next_dist_1e8vcs8._.js:776
[   76384ms] [LOG] [Fast Refresh] done in 1ms @ http://localhost:3025/_next/static/chunks/node_modules_next_dist_1e8vcs8._.js:776
[   76434ms] [LOG] [Fast Refresh] done in 1ms @ http://localhost:3025/_next/static/chunks/node_modules_next_dist_1e8vcs8._.js:776
[   76484ms] [LOG] [Fast Refresh] done in 1ms @ http://localhost:3025/_next/static/chunks/node_modules_next_dist_1e8vcs8._.js:776
[   76531ms] [LOG] [Fast Refresh] done in 1ms @ http://localhost:3025/_next/static/chunks/node_modules_next_dist_1e8vcs8._.js:776
[   76580ms] [LOG] [Fast Refresh] done in 1ms @ http://localhost:3025/_next/static/chunks/node_modules_next_dist_1e8vcs8._.js:776
[   76629ms] [LOG] [Fast Refresh] done in 1ms @ http://localhost:3025/_next/static/chunks/node_modules_next_dist_1e8vcs8._.js:776
[   76679ms] [LOG] [Fast Refresh] done in 1ms @ http://localhost:3025/_next/static/chunks/node_modules_next_dist_1e8vcs8._.js:776
[   76724ms] [LOG] [Fast Refresh] done in 1ms @ http://localhost:3025/_next/static/chunks/node_modules_next_dist_1e8vcs8._.js:776
[   76771ms] [LOG] [Fast Refresh] done in 1ms @ http://localhost:3025/_next/static/chunks/node_modules_next_dist_1e8vcs8._.js:776
[   76816ms] [LOG] [Fast Refresh] done in 1ms @ http://localhost:3025/_next/static/chunks/node_modules_next_dist_1e8vcs8._.js:776
[   76865ms] [LOG] [Fast Refresh] done in 1ms @ http://localhost:3025/_next/static/chunks/node_modules_next_dist_1e8vcs8._.js:776
[   76912ms] [LOG] [Fast Refresh] done in 1ms @ http://localhost:3025/_next/static/chunks/node_modules_next_dist_1e8vcs8._.js:776
[   76962ms] [LOG] [Fast Refresh] done in 1ms @ http://localhost:3025/_next/static/chunks/node_modules_next_dist_1e8vcs8._.js:776
[   77011ms] [LOG] [Fast Refresh] done in 1ms @ http://localhost:3025/_next/static/chunks/node_modules_next_dist_1e8vcs8._.js:776
[   77060ms] [LOG] [Fast Refresh] done in 1ms @ http://localhost:3025/_next/static/chunks/node_modules_next_dist_1e8vcs8._.js:776
[   77108ms] [LOG] [Fast Refresh] done in 1ms @ http://localhost:3025/_next/static/chunks/node_modules_next_dist_1e8vcs8._.js:776
[   77156ms] [LOG] [Fast Refresh] done in 1ms @ http://localhost:3025/_next/static/chunks/node_modules_next_dist_1e8vcs8._.js:776
[   77205ms] [LOG] [Fast Refresh] done in 1ms @ http://localhost:3025/_next/static/chunks/node_modules_next_dist_1e8vcs8._.js:776
[   77252ms] [LOG] [Fast Refresh] done in 1ms @ http://localhost:3025/_next/static/chunks/node_modules_next_dist_1e8vcs8._.js:776
[   77298ms] [LOG] [Fast Refresh] done in 1ms @ http://localhost:3025/_next/static/chunks/node_modules_next_dist_1e8vcs8._.js:776
[   77347ms] [LOG] [Fast Refresh] done in 1ms @ http://localhost:3025/_next/static/chunks/node_modules_next_dist_1e8vcs8._.js:776
[   77396ms] [LOG] [Fast Refresh] done in 1ms @ http://localhost:3025/_next/static/chunks/node_modules_next_dist_1e8vcs8._.js:776
[   77445ms] [LOG] [Fast Refresh] done in 1ms @ http://localhost:3025/_next/static/chunks/node_modules_next_dist_1e8vcs8._.js:776
[   77493ms] [LOG] [Fast Refresh] done in 1ms @ http://localhost:3025/_next/static/chunks/node_modules_next_dist_1e8vcs8._.js:776
[   77542ms] [LOG] [Fast Refresh] done in 1ms @ http://localhost:3025/_next/static/chunks/node_modules_next_dist_1e8vcs8._.js:776
[   77587ms] [LOG] [Fast Refresh] done in 1ms @ http://localhost:3025/_next/static/chunks/node_modules_next_dist_1e8vcs8._.js:776
[   77627ms] [LOG] [Fast Refresh] done in 1ms @ http://localhost:3025/_next/static/chunks/node_modules_next_dist_1e8vcs8._.js:776
[   77673ms] [LOG] [Fast Refresh] done in 1ms @ http://localhost:3025/_next/static/chunks/node_modules_next_dist_1e8vcs8._.js:776
[   77721ms] [LOG] [Fast Refresh] done in 1ms @ http://localhost:3025/_next/static/chunks/node_modules_next_dist_1e8vcs8._.js:776
[   77768ms] [LOG] [Fast Refresh] done in 1ms @ http://localhost:3025/_next/static/chunks/node_modules_next_dist_1e8vcs8._.js:776
[   77816ms] [LOG] [Fast Refresh] done in 1ms @ http://localhost:3025/_next/static/chunks/node_modules_next_dist_1e8vcs8._.js:776
[   77863ms] [LOG] [Fast Refresh] done in 1ms @ http://localhost:3025/_next/static/chunks/node_modules_next_dist_1e8vcs8._.js:776
[   77911ms] [LOG] [Fast Refresh] done in 1ms @ http://localhost:3025/_next/static/chunks/node_modules_next_dist_1e8vcs8._.js:776
[   77959ms] [LOG] [Fast Refresh] done in 1ms @ http://localhost:3025/_next/static/chunks/node_modules_next_dist_1e8vcs8._.js:776
[   78009ms] [LOG] [Fast Refresh] done in 1ms @ http://localhost:3025/_next/static/chunks/node_modules_next_dist_1e8vcs8._.js:776
[   78059ms] [LOG] [Fast Refresh] done in 1ms @ http://localhost:3025/_next/static/chunks/node_modules_next_dist_1e8vcs8._.js:776
[   78108ms] [LOG] [Fast Refresh] done in 1ms @ http://localhost:3025/_next/static/chunks/node_modules_next_dist_1e8vcs8._.js:776
[   78157ms] [LOG] [Fast Refresh] done in 1ms @ http://localhost:3025/_next/static/chunks/node_modules_next_dist_1e8vcs8._.js:776
[   78205ms] [LOG] [Fast Refresh] done in 1ms @ http://localhost:3025/_next/static/chunks/node_modules_next_dist_1e8vcs8._.js:776
[   78255ms] [LOG] [Fast Refresh] done in 1ms @ http://localhost:3025/_next/static/chunks/node_modules_next_dist_1e8vcs8._.js:776
[   78303ms] [LOG] [Fast Refresh] done in 1ms @ http://localhost:3025/_next/static/chunks/node_modules_next_dist_1e8vcs8._.js:776
[   78352ms] [LOG] [Fast Refresh] done in 1ms @ http://localhost:3025/_next/static/chunks/node_modules_next_dist_1e8vcs8._.js:776
[   78401ms] [LOG] [Fast Refresh] done in 1ms @ http://localhost:3025/_next/static/chunks/node_modules_next_dist_1e8vcs8._.js:776
[   78449ms] [LOG] [Fast Refresh] done in 1ms @ http://localhost:3025/_next/static/chunks/node_modules_next_dist_1e8vcs8._.js:776
[   78498ms] [LOG] [Fast Refresh] done in 1ms @ http://localhost:3025/_next/static/chunks/node_modules_next_dist_1e8vcs8._.js:776
[   78546ms] [LOG] [Fast Refresh] done in 1ms @ http://localhost:3025/_next/static/chunks/node_modules_next_dist_1e8vcs8._.js:776
[   78593ms] [LOG] [Fast Refresh] done in 1ms @ http://localhost:3025/_next/static/chunks/node_modules_next_dist_1e8vcs8._.js:776
[   78639ms] [LOG] [Fast Refresh] done in 1ms @ http://localhost:3025/_next/static/chunks/node_modules_next_dist_1e8vcs8._.js:776
[   78685ms] [LOG] [Fast Refresh] done in 1ms @ http://localhost:3025/_next/static/chunks/node_modules_next_dist_1e8vcs8._.js:776
[   78734ms] [LOG] [Fast Refresh] done in 1ms @ http://localhost:3025/_next/static/chunks/node_modules_next_dist_1e8vcs8._.js:776
[   78783ms] [LOG] [Fast Refresh] done in 1ms @ http://localhost:3025/_next/static/chunks/node_modules_next_dist_1e8vcs8._.js:776
[   78833ms] [LOG] [Fast Refresh] done in 1ms @ http://localhost:3025/_next/static/chunks/node_modules_next_dist_1e8vcs8._.js:776
[   78883ms] [LOG] [Fast Refresh] done in 1ms @ http://localhost:3025/_next/static/chunks/node_modules_next_dist_1e8vcs8._.js:776
[   78922ms] [LOG] [Fast Refresh] done in 1ms @ http://localhost:3025/_next/static/chunks/node_modules_next_dist_1e8vcs8._.js:776
[   78970ms] [LOG] [Fast Refresh] done in 1ms @ http://localhost:3025/_next/static/chunks/node_modules_next_dist_1e8vcs8._.js:776
[   79019ms] [LOG] [Fast Refresh] done in 1ms @ http://localhost:3025/_next/static/chunks/node_modules_next_dist_1e8vcs8._.js:776
[   79068ms] [LOG] [Fast Refresh] done in 1ms @ http://localhost:3025/_next/static/chunks/node_modules_next_dist_1e8vcs8._.js:776
[   79117ms] [LOG] [Fast Refresh] done in 1ms @ http://localhost:3025/_next/static/chunks/node_modules_next_dist_1e8vcs8._.js:776
[   79166ms] [LOG] [Fast Refresh] done in 1ms @ http://localhost:3025/_next/static/chunks/node_modules_next_dist_1e8vcs8._.js:776
[   79214ms] [LOG] [Fast Refresh] done in 1ms @ http://localhost:3025/_next/static/chunks/node_modules_next_dist_1e8vcs8._.js:776
[   79264ms] [LOG] [Fast Refresh] done in 1ms @ http://localhost:3025/_next/static/chunks/node_modules_next_dist_1e8vcs8._.js:776
[   79312ms] [LOG] [Fast Refresh] done in 1ms @ http://localhost:3025/_next/static/chunks/node_modules_next_dist_1e8vcs8._.js:776
[   79362ms] [LOG] [Fast Refresh] done in 1ms @ http://localhost:3025/_next/static/chunks/node_modules_next_dist_1e8vcs8._.js:776
[   79409ms] [LOG] [Fast Refresh] done in 1ms @ http://localhost:3025/_next/static/chunks/node_modules_next_dist_1e8vcs8._.js:776
[   79457ms] [LOG] [Fast Refresh] done in 1ms @ http://localhost:3025/_next/static/chunks/node_modules_next_dist_1e8vcs8._.js:776
[   79506ms] [LOG] [Fast Refresh] done in 1ms @ http://localhost:3025/_next/static/chunks/node_modules_next_dist_1e8vcs8._.js:776
[   79555ms] [LOG] [Fast Refresh] done in 1ms @ http://localhost:3025/_next/static/chunks/node_modules_next_dist_1e8vcs8._.js:776
[   79600ms] [LOG] [Fast Refresh] done in 1ms @ http://localhost:3025/_next/static/chunks/node_modules_next_dist_1e8vcs8._.js:776
[   79646ms] [LOG] [Fast Refresh] done in 1ms @ http://localhost:3025/_next/static/chunks/node_modules_next_dist_1e8vcs8._.js:776
[   79692ms] [LOG] [Fast Refresh] done in 1ms @ http://localhost:3025/_next/static/chunks/node_modules_next_dist_1e8vcs8._.js:776
[   79739ms] [LOG] [Fast Refresh] done in 1ms @ http://localhost:3025/_next/static/chunks/node_modules_next_dist_1e8vcs8._.js:776
[   79788ms] [LOG] [Fast Refresh] done in 1ms @ http://localhost:3025/_next/static/chunks/node_modules_next_dist_1e8vcs8._.js:776
[   79837ms] [LOG] [Fast Refresh] done in 1ms @ http://localhost:3025/_next/static/chunks/node_modules_next_dist_1e8vcs8._.js:776
[   79888ms] [LOG] [Fast Refresh] done in 1ms @ http://localhost:3025/_next/static/chunks/node_modules_next_dist_1e8vcs8._.js:776
[   79930ms] [LOG] [Fast Refresh] done in 1ms @ http://localhost:3025/_next/static/chunks/node_modules_next_dist_1e8vcs8._.js:776
[   79980ms] [LOG] [Fast Refresh] done in 1ms @ http://localhost:3025/_next/static/chunks/node_modules_next_dist_1e8vcs8._.js:776
[   80029ms] [LOG] [Fast Refresh] done in 1ms @ http://localhost:3025/_next/static/chunks/node_modules_next_dist_1e8vcs8._.js:776
[   80079ms] [LOG] [Fast Refresh] done in 1ms @ http://localhost:3025/_next/static/chunks/node_modules_next_dist_1e8vcs8._.js:776
[   80127ms] [LOG] [Fast Refresh] done in 1ms @ http://localhost:3025/_next/static/chunks/node_modules_next_dist_1e8vcs8._.js:776
[   80175ms] [LOG] [Fast Refresh] done in 1ms @ http://localhost:3025/_next/static/chunks/node_modules_next_dist_1e8vcs8._.js:776
[   80224ms] [LOG] [Fast Refresh] done in 1ms @ http://localhost:3025/_next/static/chunks/node_modules_next_dist_1e8vcs8._.js:776
[   80273ms] [LOG] [Fast Refresh] done in 1ms @ http://localhost:3025/_next/static/chunks/node_modules_next_dist_1e8vcs8._.js:776
[   80322ms] [LOG] [Fast Refresh] done in 1ms @ http://localhost:3025/_next/static/chunks/node_modules_next_dist_1e8vcs8._.js:776
[   80368ms] [LOG] [Fast Refresh] done in 1ms @ http://localhost:3025/_next/static/chunks/node_modules_next_dist_1e8vcs8._.js:776
[   80416ms] [LOG] [Fast Refresh] done in 1ms @ http://localhost:3025/_next/static/chunks/node_modules_next_dist_1e8vcs8._.js:776
[   80464ms] [LOG] [Fast Refresh] done in 1ms @ http://localhost:3025/_next/static/chunks/node_modules_next_dist_1e8vcs8._.js:776
[   80510ms] [LOG] [Fast Refresh] done in 1ms @ http://localhost:3025/_next/static/chunks/node_modules_next_dist_1e8vcs8._.js:776
[   80556ms] [LOG] [Fast Refresh] done in 1ms @ http://localhost:3025/_next/static/chunks/node_modules_next_dist_1e8vcs8._.js:776
[   80602ms] [LOG] [Fast Refresh] done in 1ms @ http://localhost:3025/_next/static/chunks/node_modules_next_dist_1e8vcs8._.js:776
[   80651ms] [LOG] [Fast Refresh] done in 1ms @ http://localhost:3025/_next/static/chunks/node_modules_next_dist_1e8vcs8._.js:776
[   80700ms] [LOG] [Fast Refresh] done in 1ms @ http://localhost:3025/_next/static/chunks/node_modules_next_dist_1e8vcs8._.js:776
[   80749ms] [LOG] [Fast Refresh] done in 1ms @ http://localhost:3025/_next/static/chunks/node_modules_next_dist_1e8vcs8._.js:776
[   80797ms] [LOG] [Fast Refresh] done in 1ms @ http://localhost:3025/_next/static/chunks/node_modules_next_dist_1e8vcs8._.js:776
[   80846ms] [LOG] [Fast Refresh] done in 1ms @ http://localhost:3025/_next/static/chunks/node_modules_next_dist_1e8vcs8._.js:776
[   80892ms] [LOG] [Fast Refresh] done in 1ms @ http://localhost:3025/_next/static/chunks/node_modules_next_dist_1e8vcs8._.js:776
[   80934ms] [LOG] [Fast Refresh] done in 1ms @ http://localhost:3025/_next/static/chunks/node_modules_next_dist_1e8vcs8._.js:776
[   80983ms] [LOG] [Fast Refresh] done in 1ms @ http://localhost:3025/_next/static/chunks/node_modules_next_dist_1e8vcs8._.js:776
[   81032ms] [LOG] [Fast Refresh] done in 1ms @ http://localhost:3025/_next/static/chunks/node_modules_next_dist_1e8vcs8._.js:776
[   81081ms] [LOG] [Fast Refresh] done in 1ms @ http://localhost:3025/_next/static/chunks/node_modules_next_dist_1e8vcs8._.js:776
[   81130ms] [LOG] [Fast Refresh] done in 1ms @ http://localhost:3025/_next/static/chunks/node_modules_next_dist_1e8vcs8._.js:776
[   81179ms] [LOG] [Fast Refresh] done in 1ms @ http://localhost:3025/_next/static/chunks/node_modules_next_dist_1e8vcs8._.js:776
[   81228ms] [LOG] [Fast Refresh] done in 1ms @ http://localhost:3025/_next/static/chunks/node_modules_next_dist_1e8vcs8._.js:776
[   81277ms] [LOG] [Fast Refresh] done in 1ms @ http://localhost:3025/_next/static/chunks/node_modules_next_dist_1e8vcs8._.js:776
[   81325ms] [LOG] [Fast Refresh] done in 1ms @ http://localhost:3025/_next/static/chunks/node_modules_next_dist_1e8vcs8._.js:776
[   81373ms] [LOG] [Fast Refresh] done in 1ms @ http://localhost:3025/_next/static/chunks/node_modules_next_dist_1e8vcs8._.js:776
[   81419ms] [LOG] [Fast Refresh] done in 1ms @ http://localhost:3025/_next/static/chunks/node_modules_next_dist_1e8vcs8._.js:776
[   81465ms] [LOG] [Fast Refresh] done in 1ms @ http://localhost:3025/_next/static/chunks/node_modules_next_dist_1e8vcs8._.js:776
[   81513ms] [LOG] [Fast Refresh] done in 1ms @ http://localhost:3025/_next/static/chunks/node_modules_next_dist_1e8vcs8._.js:776
[   81560ms] [LOG] [Fast Refresh] done in 1ms @ http://localhost:3025/_next/static/chunks/node_modules_next_dist_1e8vcs8._.js:776
[   81609ms] [LOG] [Fast Refresh] done in 1ms @ http://localhost:3025/_next/static/chunks/node_modules_next_dist_1e8vcs8._.js:776
[   81657ms] [LOG] [Fast Refresh] done in 1ms @ http://localhost:3025/_next/static/chunks/node_modules_next_dist_1e8vcs8._.js:776
[   81706ms] [LOG] [Fast Refresh] done in 1ms @ http://localhost:3025/_next/static/chunks/node_modules_next_dist_1e8vcs8._.js:776
[   81755ms] [LOG] [Fast Refresh] done in 1ms @ http://localhost:3025/_next/static/chunks/node_modules_next_dist_1e8vcs8._.js:776
[   81805ms] [LOG] [Fast Refresh] done in 1ms @ http://localhost:3025/_next/static/chunks/node_modules_next_dist_1e8vcs8._.js:776
[   81855ms] [LOG] [Fast Refresh] done in 1ms @ http://localhost:3025/_next/static/chunks/node_modules_next_dist_1e8vcs8._.js:776
[   81905ms] [LOG] [Fast Refresh] done in 1ms @ http://localhost:3025/_next/static/chunks/node_modules_next_dist_1e8vcs8._.js:776
[   81954ms] [LOG] [Fast Refresh] done in 1ms @ http://localhost:3025/_next/static/chunks/node_modules_next_dist_1e8vcs8._.js:776
[   82001ms] [LOG] [Fast Refresh] done in 1ms @ http://localhost:3025/_next/static/chunks/node_modules_next_dist_1e8vcs8._.js:776
[   82049ms] [LOG] [Fast Refresh] done in 1ms @ http://localhost:3025/_next/static/chunks/node_modules_next_dist_1e8vcs8._.js:776
[   82097ms] [LOG] [Fast Refresh] done in 1ms @ http://localhost:3025/_next/static/chunks/node_modules_next_dist_1e8vcs8._.js:776
[   82145ms] [LOG] [Fast Refresh] done in 1ms @ http://localhost:3025/_next/static/chunks/node_modules_next_dist_1e8vcs8._.js:776
[   82194ms] [LOG] [Fast Refresh] done in 1ms @ http://localhost:3025/_next/static/chunks/node_modules_next_dist_1e8vcs8._.js:776
[   82242ms] [LOG] [Fast Refresh] done in 1ms @ http://localhost:3025/_next/static/chunks/node_modules_next_dist_1e8vcs8._.js:776
[   82291ms] [LOG] [Fast Refresh] done in 1ms @ http://localhost:3025/_next/static/chunks/node_modules_next_dist_1e8vcs8._.js:776
[   82339ms] [LOG] [Fast Refresh] done in 1ms @ http://localhost:3025/_next/static/chunks/node_modules_next_dist_1e8vcs8._.js:776
[   82383ms] [LOG] [Fast Refresh] done in 1ms @ http://localhost:3025/_next/static/chunks/node_modules_next_dist_1e8vcs8._.js:776
[   82429ms] [LOG] [Fast Refresh] done in 1ms @ http://localhost:3025/_next/static/chunks/node_modules_next_dist_1e8vcs8._.js:776
[   82475ms] [LOG] [Fast Refresh] done in 1ms @ http://localhost:3025/_next/static/chunks/node_modules_next_dist_1e8vcs8._.js:776
[   82523ms] [LOG] [Fast Refresh] done in 1ms @ http://localhost:3025/_next/static/chunks/node_modules_next_dist_1e8vcs8._.js:776
[   82572ms] [LOG] [Fast Refresh] done in 1ms @ http://localhost:3025/_next/static/chunks/node_modules_next_dist_1e8vcs8._.js:776
[   82621ms] [LOG] [Fast Refresh] done in 1ms @ http://localhost:3025/_next/static/chunks/node_modules_next_dist_1e8vcs8._.js:776
[   82670ms] [LOG] [Fast Refresh] done in 1ms @ http://localhost:3025/_next/static/chunks/node_modules_next_dist_1e8vcs8._.js:776
[   82719ms] [LOG] [Fast Refresh] done in 1ms @ http://localhost:3025/_next/static/chunks/node_modules_next_dist_1e8vcs8._.js:776
[   82769ms] [LOG] [Fast Refresh] done in 1ms @ http://localhost:3025/_next/static/chunks/node_modules_next_dist_1e8vcs8._.js:776
[   82818ms] [LOG] [Fast Refresh] done in 1ms @ http://localhost:3025/_next/static/chunks/node_modules_next_dist_1e8vcs8._.js:776
[   82865ms] [LOG] [Fast Refresh] done in 1ms @ http://localhost:3025/_next/static/chunks/node_modules_next_dist_1e8vcs8._.js:776
[   82914ms] [LOG] [Fast Refresh] done in 1ms @ http://localhost:3025/_next/static/chunks/node_modules_next_dist_1e8vcs8._.js:776
[   82962ms] [LOG] [Fast Refresh] done in 1ms @ http://localhost:3025/_next/static/chunks/node_modules_next_dist_1e8vcs8._.js:776
[   83010ms] [LOG] [Fast Refresh] done in 1ms @ http://localhost:3025/_next/static/chunks/node_modules_next_dist_1e8vcs8._.js:776
[   83057ms] [LOG] [Fast Refresh] done in 1ms @ http://localhost:3025/_next/static/chunks/node_modules_next_dist_1e8vcs8._.js:776
[   83104ms] [LOG] [Fast Refresh] done in 1ms @ http://localhost:3025/_next/static/chunks/node_modules_next_dist_1e8vcs8._.js:776
[   83153ms] [LOG] [Fast Refresh] done in 1ms @ http://localhost:3025/_next/static/chunks/node_modules_next_dist_1e8vcs8._.js:776
[   83200ms] [LOG] [Fast Refresh] done in 1ms @ http://localhost:3025/_next/static/chunks/node_modules_next_dist_1e8vcs8._.js:776
[   83247ms] [LOG] [Fast Refresh] done in 1ms @ http://localhost:3025/_next/static/chunks/node_modules_next_dist_1e8vcs8._.js:776
[   83294ms] [LOG] [Fast Refresh] done in 1ms @ http://localhost:3025/_next/static/chunks/node_modules_next_dist_1e8vcs8._.js:776
[   83338ms] [LOG] [Fast Refresh] done in 1ms @ http://localhost:3025/_next/static/chunks/node_modules_next_dist_1e8vcs8._.js:776
[   83384ms] [LOG] [Fast Refresh] done in 1ms @ http://localhost:3025/_next/static/chunks/node_modules_next_dist_1e8vcs8._.js:776
[   83431ms] [LOG] [Fast Refresh] done in 1ms @ http://localhost:3025/_next/static/chunks/node_modules_next_dist_1e8vcs8._.js:776
[   83479ms] [LOG] [Fast Refresh] done in 1ms @ http://localhost:3025/_next/static/chunks/node_modules_next_dist_1e8vcs8._.js:776
[   83528ms] [LOG] [Fast Refresh] done in 1ms @ http://localhost:3025/_next/static/chunks/node_modules_next_dist_1e8vcs8._.js:776
[   83576ms] [LOG] [Fast Refresh] done in 1ms @ http://localhost:3025/_next/static/chunks/node_modules_next_dist_1e8vcs8._.js:776
[   83625ms] [LOG] [Fast Refresh] done in 1ms @ http://localhost:3025/_next/static/chunks/node_modules_next_dist_1e8vcs8._.js:776
[   83674ms] [LOG] [Fast Refresh] done in 1ms @ http://localhost:3025/_next/static/chunks/node_modules_next_dist_1e8vcs8._.js:776
[   83722ms] [LOG] [Fast Refresh] done in 1ms @ http://localhost:3025/_next/static/chunks/node_modules_next_dist_1e8vcs8._.js:776
[   83772ms] [LOG] [Fast Refresh] done in 1ms @ http://localhost:3025/_next/static/chunks/node_modules_next_dist_1e8vcs8._.js:776
[   83820ms] [LOG] [Fast Refresh] done in 1ms @ http://localhost:3025/_next/static/chunks/node_modules_next_dist_1e8vcs8._.js:776
[   83868ms] [LOG] [Fast Refresh] done in 1ms @ http://localhost:3025/_next/static/chunks/node_modules_next_dist_1e8vcs8._.js:776
[   83914ms] [LOG] [Fast Refresh] done in 1ms @ http://localhost:3025/_next/static/chunks/node_modules_next_dist_1e8vcs8._.js:776
[   83962ms] [LOG] [Fast Refresh] done in 1ms @ http://localhost:3025/_next/static/chunks/node_modules_next_dist_1e8vcs8._.js:776
[   84011ms] [LOG] [Fast Refresh] done in 1ms @ http://localhost:3025/_next/static/chunks/node_modules_next_dist_1e8vcs8._.js:776
[   84060ms] [LOG] [Fast Refresh] done in 1ms @ http://localhost:3025/_next/static/chunks/node_modules_next_dist_1e8vcs8._.js:776
[   84109ms] [LOG] [Fast Refresh] done in 1ms @ http://localhost:3025/_next/static/chunks/node_modules_next_dist_1e8vcs8._.js:776
[   84158ms] [LOG] [Fast Refresh] done in 1ms @ http://localhost:3025/_next/static/chunks/node_modules_next_dist_1e8vcs8._.js:776
[   84206ms] [LOG] [Fast Refresh] done in 1ms @ http://localhost:3025/_next/static/chunks/node_modules_next_dist_1e8vcs8._.js:776
[   84255ms] [LOG] [Fast Refresh] done in 1ms @ http://localhost:3025/_next/static/chunks/node_modules_next_dist_1e8vcs8._.js:776
[   84301ms] [LOG] [Fast Refresh] done in 1ms @ http://localhost:3025/_next/static/chunks/node_modules_next_dist_1e8vcs8._.js:776
[   84347ms] [LOG] [Fast Refresh] done in 1ms @ http://localhost:3025/_next/static/chunks/node_modules_next_dist_1e8vcs8._.js:776
[   84393ms] [LOG] [Fast Refresh] done in 1ms @ http://localhost:3025/_next/static/chunks/node_modules_next_dist_1e8vcs8._.js:776
[   84441ms] [LOG] [Fast Refresh] done in 1ms @ http://localhost:3025/_next/static/chunks/node_modules_next_dist_1e8vcs8._.js:776
[   84489ms] [LOG] [Fast Refresh] done in 1ms @ http://localhost:3025/_next/static/chunks/node_modules_next_dist_1e8vcs8._.js:776
[   84538ms] [LOG] [Fast Refresh] done in 1ms @ http://localhost:3025/_next/static/chunks/node_modules_next_dist_1e8vcs8._.js:776
[   84587ms] [LOG] [Fast Refresh] done in 1ms @ http://localhost:3025/_next/static/chunks/node_modules_next_dist_1e8vcs8._.js:776
[   84636ms] [LOG] [Fast Refresh] done in 1ms @ http://localhost:3025/_next/static/chunks/node_modules_next_dist_1e8vcs8._.js:776
[   84685ms] [LOG] [Fast Refresh] done in 1ms @ http://localhost:3025/_next/static/chunks/node_modules_next_dist_1e8vcs8._.js:776
[   84734ms] [LOG] [Fast Refresh] done in 1ms @ http://localhost:3025/_next/static/chunks/node_modules_next_dist_1e8vcs8._.js:776
[   84784ms] [LOG] [Fast Refresh] done in 1ms @ http://localhost:3025/_next/static/chunks/node_modules_next_dist_1e8vcs8._.js:776
[   84832ms] [LOG] [Fast Refresh] done in 1ms @ http://localhost:3025/_next/static/chunks/node_modules_next_dist_1e8vcs8._.js:776
[   84881ms] [LOG] [Fast Refresh] done in 1ms @ http://localhost:3025/_next/static/chunks/node_modules_next_dist_1e8vcs8._.js:776
[   84931ms] [LOG] [Fast Refresh] done in 1ms @ http://localhost:3025/_next/static/chunks/node_modules_next_dist_1e8vcs8._.js:776
[   84980ms] [LOG] [Fast Refresh] done in 1ms @ http://localhost:3025/_next/static/chunks/node_modules_next_dist_1e8vcs8._.js:776
[   85029ms] [LOG] [Fast Refresh] done in 1ms @ http://localhost:3025/_next/static/chunks/node_modules_next_dist_1e8vcs8._.js:776
[   85078ms] [LOG] [Fast Refresh] done in 1ms @ http://localhost:3025/_next/static/chunks/node_modules_next_dist_1e8vcs8._.js:776
[   85127ms] [LOG] [Fast Refresh] done in 1ms @ http://localhost:3025/_next/static/chunks/node_modules_next_dist_1e8vcs8._.js:776
[   85175ms] [LOG] [Fast Refresh] done in 1ms @ http://localhost:3025/_next/static/chunks/node_modules_next_dist_1e8vcs8._.js:776
[   85224ms] [LOG] [Fast Refresh] done in 1ms @ http://localhost:3025/_next/static/chunks/node_modules_next_dist_1e8vcs8._.js:776
[   85273ms] [LOG] [Fast Refresh] done in 1ms @ http://localhost:3025/_next/static/chunks/node_modules_next_dist_1e8vcs8._.js:776
[   85320ms] [LOG] [Fast Refresh] done in 1ms @ http://localhost:3025/_next/static/chunks/node_modules_next_dist_1e8vcs8._.js:776
[   85365ms] [LOG] [Fast Refresh] done in 1ms @ http://localhost:3025/_next/static/chunks/node_modules_next_dist_1e8vcs8._.js:776
[   85408ms] [LOG] [Fast Refresh] done in 1ms @ http://localhost:3025/_next/static/chunks/node_modules_next_dist_1e8vcs8._.js:776
[   85456ms] [LOG] [Fast Refresh] done in 1ms @ http://localhost:3025/_next/static/chunks/node_modules_next_dist_1e8vcs8._.js:776
[   85504ms] [LOG] [Fast Refresh] done in 1ms @ http://localhost:3025/_next/static/chunks/node_modules_next_dist_1e8vcs8._.js:776
[   85553ms] [LOG] [Fast Refresh] done in 1ms @ http://localhost:3025/_next/static/chunks/node_modules_next_dist_1e8vcs8._.js:776
[   85602ms] [LOG] [Fast Refresh] done in 1ms @ http://localhost:3025/_next/static/chunks/node_modules_next_dist_1e8vcs8._.js:776
[   85651ms] [LOG] [Fast Refresh] done in 1ms @ http://localhost:3025/_next/static/chunks/node_modules_next_dist_1e8vcs8._.js:776
[   85699ms] [LOG] [Fast Refresh] done in 1ms @ http://localhost:3025/_next/static/chunks/node_modules_next_dist_1e8vcs8._.js:776
[   85748ms] [LOG] [Fast Refresh] done in 1ms @ http://localhost:3025/_next/static/chunks/node_modules_next_dist_1e8vcs8._.js:776
[   85795ms] [LOG] [Fast Refresh] done in 1ms @ http://localhost:3025/_next/static/chunks/node_modules_next_dist_1e8vcs8._.js:776
[   85843ms] [LOG] [Fast Refresh] done in 1ms @ http://localhost:3025/_next/static/chunks/node_modules_next_dist_1e8vcs8._.js:776
[   85892ms] [LOG] [Fast Refresh] done in 1ms @ http://localhost:3025/_next/static/chunks/node_modules_next_dist_1e8vcs8._.js:776
[   85938ms] [LOG] [Fast Refresh] done in 1ms @ http://localhost:3025/_next/static/chunks/node_modules_next_dist_1e8vcs8._.js:776
[   85986ms] [LOG] [Fast Refresh] done in 1ms @ http://localhost:3025/_next/static/chunks/node_modules_next_dist_1e8vcs8._.js:776
[   86035ms] [LOG] [Fast Refresh] done in 1ms @ http://localhost:3025/_next/static/chunks/node_modules_next_dist_1e8vcs8._.js:776
[   86084ms] [LOG] [Fast Refresh] done in 1ms @ http://localhost:3025/_next/static/chunks/node_modules_next_dist_1e8vcs8._.js:776
[   86132ms] [LOG] [Fast Refresh] done in 1ms @ http://localhost:3025/_next/static/chunks/node_modules_next_dist_1e8vcs8._.js:776
[   86180ms] [LOG] [Fast Refresh] done in 1ms @ http://localhost:3025/_next/static/chunks/node_modules_next_dist_1e8vcs8._.js:776
[   86226ms] [LOG] [Fast Refresh] done in 1ms @ http://localhost:3025/_next/static/chunks/node_modules_next_dist_1e8vcs8._.js:776
[   86273ms] [LOG] [Fast Refresh] done in 1ms @ http://localhost:3025/_next/static/chunks/node_modules_next_dist_1e8vcs8._.js:776
[   86321ms] [LOG] [Fast Refresh] done in 1ms @ http://localhost:3025/_next/static/chunks/node_modules_next_dist_1e8vcs8._.js:776
[   86368ms] [LOG] [Fast Refresh] done in 1ms @ http://localhost:3025/_next/static/chunks/node_modules_next_dist_1e8vcs8._.js:776
[   86416ms] [LOG] [Fast Refresh] done in 1ms @ http://localhost:3025/_next/static/chunks/node_modules_next_dist_1e8vcs8._.js:776
[   86464ms] [LOG] [Fast Refresh] done in 1ms @ http://localhost:3025/_next/static/chunks/node_modules_next_dist_1e8vcs8._.js:776
[   86513ms] [LOG] [Fast Refresh] done in 1ms @ http://localhost:3025/_next/static/chunks/node_modules_next_dist_1e8vcs8._.js:776
[   86562ms] [LOG] [Fast Refresh] done in 1ms @ http://localhost:3025/_next/static/chunks/node_modules_next_dist_1e8vcs8._.js:776
[   86610ms] [LOG] [Fast Refresh] done in 1ms @ http://localhost:3025/_next/static/chunks/node_modules_next_dist_1e8vcs8._.js:776
[   86659ms] [LOG] [Fast Refresh] done in 1ms @ http://localhost:3025/_next/static/chunks/node_modules_next_dist_1e8vcs8._.js:776
[   86708ms] [LOG] [Fast Refresh] done in 1ms @ http://localhost:3025/_next/static/chunks/node_modules_next_dist_1e8vcs8._.js:776
[   86756ms] [LOG] [Fast Refresh] done in 1ms @ http://localhost:3025/_next/static/chunks/node_modules_next_dist_1e8vcs8._.js:776
[   86805ms] [LOG] [Fast Refresh] done in 1ms @ http://localhost:3025/_next/static/chunks/node_modules_next_dist_1e8vcs8._.js:776
[   86854ms] [LOG] [Fast Refresh] done in 1ms @ http://localhost:3025/_next/static/chunks/node_modules_next_dist_1e8vcs8._.js:776
[   86901ms] [LOG] [Fast Refresh] done in 1ms @ http://localhost:3025/_next/static/chunks/node_modules_next_dist_1e8vcs8._.js:776
[   86943ms] [LOG] [Fast Refresh] done in 1ms @ http://localhost:3025/_next/static/chunks/node_modules_next_dist_1e8vcs8._.js:776
[   86991ms] [LOG] [Fast Refresh] done in 1ms @ http://localhost:3025/_next/static/chunks/node_modules_next_dist_1e8vcs8._.js:776
[   87039ms] [LOG] [Fast Refresh] done in 1ms @ http://localhost:3025/_next/static/chunks/node_modules_next_dist_1e8vcs8._.js:776
[   87088ms] [LOG] [Fast Refresh] done in 1ms @ http://localhost:3025/_next/static/chunks/node_modules_next_dist_1e8vcs8._.js:776
[   87135ms] [LOG] [Fast Refresh] done in 1ms @ http://localhost:3025/_next/static/chunks/node_modules_next_dist_1e8vcs8._.js:776
[   87183ms] [LOG] [Fast Refresh] done in 1ms @ http://localhost:3025/_next/static/chunks/node_modules_next_dist_1e8vcs8._.js:776
[   87218ms] [LOG] [Fast Refresh] done in 1ms @ http://localhost:3025/_next/static/chunks/node_modules_next_dist_1e8vcs8._.js:776
[   87263ms] [LOG] [Fast Refresh] done in 1ms @ http://localhost:3025/_next/static/chunks/node_modules_next_dist_1e8vcs8._.js:776
[   87310ms] [LOG] [Fast Refresh] done in 1ms @ http://localhost:3025/_next/static/chunks/node_modules_next_dist_1e8vcs8._.js:776
[   87358ms] [LOG] [Fast Refresh] done in 1ms @ http://localhost:3025/_next/static/chunks/node_modules_next_dist_1e8vcs8._.js:776
[   87405ms] [LOG] [Fast Refresh] done in 1ms @ http://localhost:3025/_next/static/chunks/node_modules_next_dist_1e8vcs8._.js:776
[   87454ms] [LOG] [Fast Refresh] done in 1ms @ http://localhost:3025/_next/static/chunks/node_modules_next_dist_1e8vcs8._.js:776
[   87502ms] [LOG] [Fast Refresh] done in 1ms @ http://localhost:3025/_next/static/chunks/node_modules_next_dist_1e8vcs8._.js:776
[   87552ms] [LOG] [Fast Refresh] done in 1ms @ http://localhost:3025/_next/static/chunks/node_modules_next_dist_1e8vcs8._.js:776
[   87600ms] [LOG] [Fast Refresh] done in 1ms @ http://localhost:3025/_next/static/chunks/node_modules_next_dist_1e8vcs8._.js:776
[   87650ms] [LOG] [Fast Refresh] done in 1ms @ http://localhost:3025/_next/static/chunks/node_modules_next_dist_1e8vcs8._.js:776
[   87700ms] [LOG] [Fast Refresh] done in 1ms @ http://localhost:3025/_next/static/chunks/node_modules_next_dist_1e8vcs8._.js:776
[   87749ms] [LOG] [Fast Refresh] done in 1ms @ http://localhost:3025/_next/static/chunks/node_modules_next_dist_1e8vcs8._.js:776
[   87797ms] [LOG] [Fast Refresh] done in 1ms @ http://localhost:3025/_next/static/chunks/node_modules_next_dist_1e8vcs8._.js:776
[   87845ms] [LOG] [Fast Refresh] done in 1ms @ http://localhost:3025/_next/static/chunks/node_modules_next_dist_1e8vcs8._.js:776
[   87894ms] [LOG] [Fast Refresh] done in 1ms @ http://localhost:3025/_next/static/chunks/node_modules_next_dist_1e8vcs8._.js:776
[   87943ms] [LOG] [Fast Refresh] done in 1ms @ http://localhost:3025/_next/static/chunks/node_modules_next_dist_1e8vcs8._.js:776
[   87993ms] [LOG] [Fast Refresh] done in 1ms @ http://localhost:3025/_next/static/chunks/node_modules_next_dist_1e8vcs8._.js:776
[   88039ms] [LOG] [Fast Refresh] done in 1ms @ http://localhost:3025/_next/static/chunks/node_modules_next_dist_1e8vcs8._.js:776
[   88086ms] [LOG] [Fast Refresh] done in 1ms @ http://localhost:3025/_next/static/chunks/node_modules_next_dist_1e8vcs8._.js:776
[   88134ms] [LOG] [Fast Refresh] done in 1ms @ http://localhost:3025/_next/static/chunks/node_modules_next_dist_1e8vcs8._.js:776
[   88181ms] [LOG] [Fast Refresh] done in 1ms @ http://localhost:3025/_next/static/chunks/node_modules_next_dist_1e8vcs8._.js:776
[   88228ms] [LOG] [Fast Refresh] done in 1ms @ http://localhost:3025/_next/static/chunks/node_modules_next_dist_1e8vcs8._.js:776
[   88274ms] [LOG] [Fast Refresh] done in 1ms @ http://localhost:3025/_next/static/chunks/node_modules_next_dist_1e8vcs8._.js:776
[   88321ms] [LOG] [Fast Refresh] done in 1ms @ http://localhost:3025/_next/static/chunks/node_modules_next_dist_1e8vcs8._.js:776
[   88369ms] [LOG] [Fast Refresh] done in 1ms @ http://localhost:3025/_next/static/chunks/node_modules_next_dist_1e8vcs8._.js:776
[   88418ms] [LOG] [Fast Refresh] done in 1ms @ http://localhost:3025/_next/static/chunks/node_modules_next_dist_1e8vcs8._.js:776
[   88466ms] [LOG] [Fast Refresh] done in 1ms @ http://localhost:3025/_next/static/chunks/node_modules_next_dist_1e8vcs8._.js:776
[   88515ms] [LOG] [Fast Refresh] done in 1ms @ http://localhost:3025/_next/static/chunks/node_modules_next_dist_1e8vcs8._.js:776
[   88563ms] [LOG] [Fast Refresh] done in 1ms @ http://localhost:3025/_next/static/chunks/node_modules_next_dist_1e8vcs8._.js:776
[   88612ms] [LOG] [Fast Refresh] done in 1ms @ http://localhost:3025/_next/static/chunks/node_modules_next_dist_1e8vcs8._.js:776
[   88660ms] [LOG] [Fast Refresh] done in 1ms @ http://localhost:3025/_next/static/chunks/node_modules_next_dist_1e8vcs8._.js:776
[   88709ms] [LOG] [Fast Refresh] done in 1ms @ http://localhost:3025/_next/static/chunks/node_modules_next_dist_1e8vcs8._.js:776
[   88758ms] [LOG] [Fast Refresh] done in 1ms @ http://localhost:3025/_next/static/chunks/node_modules_next_dist_1e8vcs8._.js:776
[   88807ms] [LOG] [Fast Refresh] done in 1ms @ http://localhost:3025/_next/static/chunks/node_modules_next_dist_1e8vcs8._.js:776
[   88857ms] [LOG] [Fast Refresh] done in 1ms @ http://localhost:3025/_next/static/chunks/node_modules_next_dist_1e8vcs8._.js:776
[   88905ms] [LOG] [Fast Refresh] done in 1ms @ http://localhost:3025/_next/static/chunks/node_modules_next_dist_1e8vcs8._.js:776
[   88954ms] [LOG] [Fast Refresh] done in 1ms @ http://localhost:3025/_next/static/chunks/node_modules_next_dist_1e8vcs8._.js:776
[   89002ms] [LOG] [Fast Refresh] done in 1ms @ http://localhost:3025/_next/static/chunks/node_modules_next_dist_1e8vcs8._.js:776
[   89050ms] [LOG] [Fast Refresh] done in 1ms @ http://localhost:3025/_next/static/chunks/node_modules_next_dist_1e8vcs8._.js:776
[   89097ms] [LOG] [Fast Refresh] done in 1ms @ http://localhost:3025/_next/static/chunks/node_modules_next_dist_1e8vcs8._.js:776
[   89142ms] [LOG] [Fast Refresh] done in 1ms @ http://localhost:3025/_next/static/chunks/node_modules_next_dist_1e8vcs8._.js:776
[   89188ms] [LOG] [Fast Refresh] done in 1ms @ http://localhost:3025/_next/static/chunks/node_modules_next_dist_1e8vcs8._.js:776
[   89237ms] [LOG] [Fast Refresh] done in 1ms @ http://localhost:3025/_next/static/chunks/node_modules_next_dist_1e8vcs8._.js:776
[   89284ms] [LOG] [Fast Refresh] done in 1ms @ http://localhost:3025/_next/static/chunks/node_modules_next_dist_1e8vcs8._.js:776
[   89331ms] [LOG] [Fast Refresh] done in 1ms @ http://localhost:3025/_next/static/chunks/node_modules_next_dist_1e8vcs8._.js:776
[   89379ms] [LOG] [Fast Refresh] done in 1ms @ http://localhost:3025/_next/static/chunks/node_modules_next_dist_1e8vcs8._.js:776
[   89426ms] [LOG] [Fast Refresh] done in 1ms @ http://localhost:3025/_next/static/chunks/node_modules_next_dist_1e8vcs8._.js:776
[   89473ms] [LOG] [Fast Refresh] done in 1ms @ http://localhost:3025/_next/static/chunks/node_modules_next_dist_1e8vcs8._.js:776
[   89521ms] [LOG] [Fast Refresh] done in 1ms @ http://localhost:3025/_next/static/chunks/node_modules_next_dist_1e8vcs8._.js:776
[   89570ms] [LOG] [Fast Refresh] done in 1ms @ http://localhost:3025/_next/static/chunks/node_modules_next_dist_1e8vcs8._.js:776
[   89619ms] [LOG] [Fast Refresh] done in 1ms @ http://localhost:3025/_next/static/chunks/node_modules_next_dist_1e8vcs8._.js:776
[   89668ms] [LOG] [Fast Refresh] done in 1ms @ http://localhost:3025/_next/static/chunks/node_modules_next_dist_1e8vcs8._.js:776
[   89715ms] [LOG] [Fast Refresh] done in 1ms @ http://localhost:3025/_next/static/chunks/node_modules_next_dist_1e8vcs8._.js:776
[   89764ms] [LOG] [Fast Refresh] done in 1ms @ http://localhost:3025/_next/static/chunks/node_modules_next_dist_1e8vcs8._.js:776
[   89812ms] [LOG] [Fast Refresh] done in 1ms @ http://localhost:3025/_next/static/chunks/node_modules_next_dist_1e8vcs8._.js:776
[   89862ms] [LOG] [Fast Refresh] done in 1ms @ http://localhost:3025/_next/static/chunks/node_modules_next_dist_1e8vcs8._.js:776
[   89912ms] [LOG] [Fast Refresh] done in 1ms @ http://localhost:3025/_next/static/chunks/node_modules_next_dist_1e8vcs8._.js:776
[   89960ms] [LOG] [Fast Refresh] done in 1ms @ http://localhost:3025/_next/static/chunks/node_modules_next_dist_1e8vcs8._.js:776
[   90008ms] [LOG] [Fast Refresh] done in 1ms @ http://localhost:3025/_next/static/chunks/node_modules_next_dist_1e8vcs8._.js:776
[   90053ms] [LOG] [Fast Refresh] done in 1ms @ http://localhost:3025/_next/static/chunks/node_modules_next_dist_1e8vcs8._.js:776
[   90098ms] [LOG] [Fast Refresh] done in 1ms @ http://localhost:3025/_next/static/chunks/node_modules_next_dist_1e8vcs8._.js:776
[   90145ms] [LOG] [Fast Refresh] done in 1ms @ http://localhost:3025/_next/static/chunks/node_modules_next_dist_1e8vcs8._.js:776
[   90193ms] [LOG] [Fast Refresh] done in 1ms @ http://localhost:3025/_next/static/chunks/node_modules_next_dist_1e8vcs8._.js:776
[   90242ms] [LOG] [Fast Refresh] done in 1ms @ http://localhost:3025/_next/static/chunks/node_modules_next_dist_1e8vcs8._.js:776
[   90290ms] [LOG] [Fast Refresh] done in 1ms @ http://localhost:3025/_next/static/chunks/node_modules_next_dist_1e8vcs8._.js:776
[   90338ms] [LOG] [Fast Refresh] done in 1ms @ http://localhost:3025/_next/static/chunks/node_modules_next_dist_1e8vcs8._.js:776
[   90386ms] [LOG] [Fast Refresh] done in 1ms @ http://localhost:3025/_next/static/chunks/node_modules_next_dist_1e8vcs8._.js:776
[   90434ms] [LOG] [Fast Refresh] done in 1ms @ http://localhost:3025/_next/static/chunks/node_modules_next_dist_1e8vcs8._.js:776
[   90482ms] [LOG] [Fast Refresh] done in 1ms @ http://localhost:3025/_next/static/chunks/node_modules_next_dist_1e8vcs8._.js:776
[   90530ms] [LOG] [Fast Refresh] done in 1ms @ http://localhost:3025/_next/static/chunks/node_modules_next_dist_1e8vcs8._.js:776
[   90579ms] [LOG] [Fast Refresh] done in 1ms @ http://localhost:3025/_next/static/chunks/node_modules_next_dist_1e8vcs8._.js:776
[   90627ms] [LOG] [Fast Refresh] done in 1ms @ http://localhost:3025/_next/static/chunks/node_modules_next_dist_1e8vcs8._.js:776
[   90675ms] [LOG] [Fast Refresh] done in 1ms @ http://localhost:3025/_next/static/chunks/node_modules_next_dist_1e8vcs8._.js:776
[   90724ms] [LOG] [Fast Refresh] done in 1ms @ http://localhost:3025/_next/static/chunks/node_modules_next_dist_1e8vcs8._.js:776
[   90772ms] [LOG] [Fast Refresh] done in 1ms @ http://localhost:3025/_next/static/chunks/node_modules_next_dist_1e8vcs8._.js:776
[   90820ms] [LOG] [Fast Refresh] done in 1ms @ http://localhost:3025/_next/static/chunks/node_modules_next_dist_1e8vcs8._.js:776
[   90869ms] [LOG] [Fast Refresh] done in 1ms @ http://localhost:3025/_next/static/chunks/node_modules_next_dist_1e8vcs8._.js:776
[   90917ms] [LOG] [Fast Refresh] done in 1ms @ http://localhost:3025/_next/static/chunks/node_modules_next_dist_1e8vcs8._.js:776
[   90966ms] [LOG] [Fast Refresh] done in 1ms @ http://localhost:3025/_next/static/chunks/node_modules_next_dist_1e8vcs8._.js:776
[   91013ms] [LOG] [Fast Refresh] done in 1ms @ http://localhost:3025/_next/static/chunks/node_modules_next_dist_1e8vcs8._.js:776
[   91058ms] [LOG] [Fast Refresh] done in 1ms @ http://localhost:3025/_next/static/chunks/node_modules_next_dist_1e8vcs8._.js:776
[   91105ms] [LOG] [Fast Refresh] done in 1ms @ http://localhost:3025/_next/static/chunks/node_modules_next_dist_1e8vcs8._.js:776
[   91151ms] [LOG] [Fast Refresh] done in 1ms @ http://localhost:3025/_next/static/chunks/node_modules_next_dist_1e8vcs8._.js:776
[   91199ms] [LOG] [Fast Refresh] done in 1ms @ http://localhost:3025/_next/static/chunks/node_modules_next_dist_1e8vcs8._.js:776
[   91248ms] [LOG] [Fast Refresh] done in 1ms @ http://localhost:3025/_next/static/chunks/node_modules_next_dist_1e8vcs8._.js:776
[   91297ms] [LOG] [Fast Refresh] done in 1ms @ http://localhost:3025/_next/static/chunks/node_modules_next_dist_1e8vcs8._.js:776
[   91346ms] [LOG] [Fast Refresh] done in 1ms @ http://localhost:3025/_next/static/chunks/node_modules_next_dist_1e8vcs8._.js:776
[   91395ms] [LOG] [Fast Refresh] done in 1ms @ http://localhost:3025/_next/static/chunks/node_modules_next_dist_1e8vcs8._.js:776
[   91443ms] [LOG] [Fast Refresh] done in 1ms @ http://localhost:3025/_next/static/chunks/node_modules_next_dist_1e8vcs8._.js:776
[   91491ms] [LOG] [Fast Refresh] done in 1ms @ http://localhost:3025/_next/static/chunks/node_modules_next_dist_1e8vcs8._.js:776
[   91540ms] [LOG] [Fast Refresh] done in 1ms @ http://localhost:3025/_next/static/chunks/node_modules_next_dist_1e8vcs8._.js:776
[   91589ms] [LOG] [Fast Refresh] done in 1ms @ http://localhost:3025/_next/static/chunks/node_modules_next_dist_1e8vcs8._.js:776
[   91636ms] [LOG] [Fast Refresh] done in 1ms @ http://localhost:3025/_next/static/chunks/node_modules_next_dist_1e8vcs8._.js:776
[   91685ms] [LOG] [Fast Refresh] done in 1ms @ http://localhost:3025/_next/static/chunks/node_modules_next_dist_1e8vcs8._.js:776
[   91732ms] [LOG] [Fast Refresh] done in 1ms @ http://localhost:3025/_next/static/chunks/node_modules_next_dist_1e8vcs8._.js:776
[   91781ms] [LOG] [Fast Refresh] done in 1ms @ http://localhost:3025/_next/static/chunks/node_modules_next_dist_1e8vcs8._.js:776
[   91830ms] [LOG] [Fast Refresh] done in 1ms @ http://localhost:3025/_next/static/chunks/node_modules_next_dist_1e8vcs8._.js:776
[   91880ms] [LOG] [Fast Refresh] done in 1ms @ http://localhost:3025/_next/static/chunks/node_modules_next_dist_1e8vcs8._.js:776
[   91928ms] [LOG] [Fast Refresh] done in 1ms @ http://localhost:3025/_next/static/chunks/node_modules_next_dist_1e8vcs8._.js:776
[   91977ms] [LOG] [Fast Refresh] done in 1ms @ http://localhost:3025/_next/static/chunks/node_modules_next_dist_1e8vcs8._.js:776
[   92025ms] [LOG] [Fast Refresh] done in 1ms @ http://localhost:3025/_next/static/chunks/node_modules_next_dist_1e8vcs8._.js:776
[   92070ms] [LOG] [Fast Refresh] done in 1ms @ http://localhost:3025/_next/static/chunks/node_modules_next_dist_1e8vcs8._.js:776
[   92116ms] [LOG] [Fast Refresh] done in 1ms @ http://localhost:3025/_next/static/chunks/node_modules_next_dist_1e8vcs8._.js:776
[   92164ms] [LOG] [Fast Refresh] done in 1ms @ http://localhost:3025/_next/static/chunks/node_modules_next_dist_1e8vcs8._.js:776
[   92211ms] [LOG] [Fast Refresh] done in 1ms @ http://localhost:3025/_next/static/chunks/node_modules_next_dist_1e8vcs8._.js:776
[   92260ms] [LOG] [Fast Refresh] done in 1ms @ http://localhost:3025/_next/static/chunks/node_modules_next_dist_1e8vcs8._.js:776
[   92309ms] [LOG] [Fast Refresh] done in 1ms @ http://localhost:3025/_next/static/chunks/node_modules_next_dist_1e8vcs8._.js:776
[   92358ms] [LOG] [Fast Refresh] done in 1ms @ http://localhost:3025/_next/static/chunks/node_modules_next_dist_1e8vcs8._.js:776
[   92405ms] [LOG] [Fast Refresh] done in 1ms @ http://localhost:3025/_next/static/chunks/node_modules_next_dist_1e8vcs8._.js:776
[   92454ms] [LOG] [Fast Refresh] done in 1ms @ http://localhost:3025/_next/static/chunks/node_modules_next_dist_1e8vcs8._.js:776
[   92503ms] [LOG] [Fast Refresh] done in 1ms @ http://localhost:3025/_next/static/chunks/node_modules_next_dist_1e8vcs8._.js:776
[   92551ms] [LOG] [Fast Refresh] done in 1ms @ http://localhost:3025/_next/static/chunks/node_modules_next_dist_1e8vcs8._.js:776
[   92598ms] [LOG] [Fast Refresh] done in 1ms @ http://localhost:3025/_next/static/chunks/node_modules_next_dist_1e8vcs8._.js:776
[   92647ms] [LOG] [Fast Refresh] done in 1ms @ http://localhost:3025/_next/static/chunks/node_modules_next_dist_1e8vcs8._.js:776
[   92697ms] [LOG] [Fast Refresh] done in 1ms @ http://localhost:3025/_next/static/chunks/node_modules_next_dist_1e8vcs8._.js:776
[   92745ms] [LOG] [Fast Refresh] done in 1ms @ http://localhost:3025/_next/static/chunks/node_modules_next_dist_1e8vcs8._.js:776
[   92793ms] [LOG] [Fast Refresh] done in 1ms @ http://localhost:3025/_next/static/chunks/node_modules_next_dist_1e8vcs8._.js:776
[   92840ms] [LOG] [Fast Refresh] done in 1ms @ http://localhost:3025/_next/static/chunks/node_modules_next_dist_1e8vcs8._.js:776
[   92888ms] [LOG] [Fast Refresh] done in 1ms @ http://localhost:3025/_next/static/chunks/node_modules_next_dist_1e8vcs8._.js:776
[   92934ms] [LOG] [Fast Refresh] done in 1ms @ http://localhost:3025/_next/static/chunks/node_modules_next_dist_1e8vcs8._.js:776
[   92979ms] [LOG] [Fast Refresh] done in 1ms @ http://localhost:3025/_next/static/chunks/node_modules_next_dist_1e8vcs8._.js:776
[   93026ms] [LOG] [Fast Refresh] done in 1ms @ http://localhost:3025/_next/static/chunks/node_modules_next_dist_1e8vcs8._.js:776
[   93075ms] [LOG] [Fast Refresh] done in 1ms @ http://localhost:3025/_next/static/chunks/node_modules_next_dist_1e8vcs8._.js:776
[   93122ms] [LOG] [Fast Refresh] done in 1ms @ http://localhost:3025/_next/static/chunks/node_modules_next_dist_1e8vcs8._.js:776
[   93171ms] [LOG] [Fast Refresh] done in 1ms @ http://localhost:3025/_next/static/chunks/node_modules_next_dist_1e8vcs8._.js:776
[   93220ms] [LOG] [Fast Refresh] done in 1ms @ http://localhost:3025/_next/static/chunks/node_modules_next_dist_1e8vcs8._.js:776
[   93267ms] [LOG] [Fast Refresh] done in 1ms @ http://localhost:3025/_next/static/chunks/node_modules_next_dist_1e8vcs8._.js:776
